force_field,run,ca_si_ratio,direction,strain,density_mean,pxx_mean
CVFF,run2,1.2,xx,-0.01,,
CVFF,run2,1.2,xx,-0.02,,
CVFF,run2,1.2,xx,0.01,,
CVFF,run2,1.2,xx,0.02,,
CVFF,run2,1.2,yy,-0.01,,
CVFF,run2,1.2,yy,-0.02,,
CVFF,run2,1.2,yy,0.01,,
CVFF,run2,1.2,yy,0.02,,
CVFF,run2,1.2,zz,-0.01,,
CVFF,run2,1.2,zz,-0.02,,
CVFF,run2,1.2,zz,0.01,,
CVFF,run2,1.2,zz,0.02,,
CVFF,run2,1.2,xy,-0.01,,
CVFF,run2,1.2,xy,-0.02,,
CVFF,run2,1.2,xy,0.01,,
CVFF,run2,1.2,xy,0.02,,
CVFF,run2,1.2,xz,-0.01,,
CVFF,run2,1.2,xz,-0.02,,
CVFF,run2,1.2,xz,0.01,,
CVFF,run2,1.2,xz,0.02,,
CVFF,run2,1.2,yz,-0.01,,
CVFF,run2,1.2,yz,-0.02,,
CVFF,run2,1.2,yz,0.01,,
CVFF,run2,1.2,yz,0.02,,
CVFF,run2,1.2,undeformed,0.0,,
CVFF,run2,1.3,xx,-0.01,,
CVFF,run2,1.3,xx,-0.02,,
CVFF,run2,1.3,xx,0.01,,
CVFF,run2,1.3,xx,0.02,,
CVFF,run2,1.3,yy,-0.01,,
CVFF,run2,1.3,yy,-0.02,,
CVFF,run2,1.3,yy,0.01,,
CVFF,run2,1.3,yy,0.02,,
CVFF,run2,1.3,zz,-0.01,,
CVFF,run2,1.3,zz,-0.02,,
CVFF,run2,1.3,zz,0.01,,
CVFF,run2,1.3,zz,0.02,,
CVFF,run2,1.3,xy,-0.01,,
CVFF,run2,1.3,xy,-0.02,,
CVFF,run2,1.3,xy,0.01,,
CVFF,run2,1.3,xy,0.02,,
CVFF,run2,1.3,xz,-0.01,,
CVFF,run2,1.3,xz,-0.02,,
CVFF,run2,1.3,xz,0.01,,
CVFF,run2,1.3,xz,0.02,,
CVFF,run2,1.3,yz,-0.01,,
CVFF,run2,1.3,yz,-0.02,,
CVFF,run2,1.3,yz,0.01,,
CVFF,run2,1.3,yz,0.02,,
CVFF,run2,1.3,undeformed,0.0,,
CVFF,run2,1.4,xx,-0.01,,
CVFF,run2,1.4,xx,-0.02,,
CVFF,run2,1.4,xx,0.01,,
CVFF,run2,1.4,xx,0.02,,
CVFF,run2,1.4,yy,-0.01,,
CVFF,run2,1.4,yy,-0.02,,
CVFF,run2,1.4,yy,0.01,,
CVFF,run2,1.4,yy,0.02,,
CVFF,run2,1.4,zz,-0.01,,
CVFF,run2,1.4,zz,-0.02,,
CVFF,run2,1.4,zz,0.01,,
CVFF,run2,1.4,zz,0.02,,
CVFF,run2,1.4,xy,-0.01,,
CVFF,run2,1.4,xy,-0.02,,
CVFF,run2,1.4,xy,0.01,,
CVFF,run2,1.4,xy,0.02,,
CVFF,run2,1.4,xz,-0.01,,
CVFF,run2,1.4,xz,-0.02,,
CVFF,run2,1.4,xz,0.01,,
CVFF,run2,1.4,xz,0.02,,
CVFF,run2,1.4,yz,-0.01,,
CVFF,run2,1.4,yz,-0.02,,
CVFF,run2,1.4,yz,0.01,,
CVFF,run2,1.4,yz,0.02,,
CVFF,run2,1.4,undeformed,0.0,,
CVFF,run2,1.5,xx,-0.01,,
CVFF,run2,1.5,xx,-0.02,,
CVFF,run2,1.5,xx,0.01,,
CVFF,run2,1.5,xx,0.02,,
CVFF,run2,1.5,yy,-0.01,,
CVFF,run2,1.5,yy,-0.02,,
CVFF,run2,1.5,yy,0.01,,
CVFF,run2,1.5,yy,0.02,,
CVFF,run2,1.5,zz,-0.01,,
CVFF,run2,1.5,zz,-0.02,,
CVFF,run2,1.5,zz,0.01,,
CVFF,run2,1.5,zz,0.02,,
CVFF,run2,1.5,xy,-0.01,,
CVFF,run2,1.5,xy,-0.02,,
CVFF,run2,1.5,xy,0.01,,
CVFF,run2,1.5,xy,0.02,,
CVFF,run2,1.5,xz,-0.01,,
CVFF,run2,1.5,xz,-0.02,,
CVFF,run2,1.5,xz,0.01,,
CVFF,run2,1.5,xz,0.02,,
CVFF,run2,1.5,yz,-0.01,,
CVFF,run2,1.5,yz,-0.02,,
CVFF,run2,1.5,yz,0.01,,
CVFF,run2,1.5,yz,0.02,,
CVFF,run2,1.5,undeformed,0.0,,
CVFF,run2,1.6,xx,-0.01,,
CVFF,run2,1.6,xx,-0.02,,
CVFF,run2,1.6,xx,0.01,,
CVFF,run2,1.6,xx,0.02,,
CVFF,run2,1.6,yy,-0.01,,
CVFF,run2,1.6,yy,-0.02,,
CVFF,run2,1.6,yy,0.01,,
CVFF,run2,1.6,yy,0.02,,
CVFF,run2,1.6,zz,-0.01,,
CVFF,run2,1.6,zz,-0.02,,
CVFF,run2,1.6,zz,0.01,,
CVFF,run2,1.6,zz,0.02,,
CVFF,run2,1.6,xy,-0.01,,
CVFF,run2,1.6,xy,-0.02,,
CVFF,run2,1.6,xy,0.01,,
CVFF,run2,1.6,xy,0.02,,
CVFF,run2,1.6,xz,-0.01,,
CVFF,run2,1.6,xz,-0.02,,
CVFF,run2,1.6,xz,0.01,,
CVFF,run2,1.6,xz,0.02,,
CVFF,run2,1.6,yz,-0.01,,
CVFF,run2,1.6,yz,-0.02,,
CVFF,run2,1.6,yz,0.01,,
CVFF,run2,1.6,yz,0.02,,
CVFF,run2,1.6,undeformed,0.0,,
CVFF,run2,1.7,xx,-0.01,,
CVFF,run2,1.7,xx,-0.02,,
CVFF,run2,1.7,xx,0.01,,
CVFF,run2,1.7,xx,0.02,,
CVFF,run2,1.7,yy,-0.01,,
CVFF,run2,1.7,yy,-0.02,,
CVFF,run2,1.7,yy,0.01,,
CVFF,run2,1.7,yy,0.02,,
CVFF,run2,1.7,zz,-0.01,,
CVFF,run2,1.7,zz,-0.02,,
CVFF,run2,1.7,zz,0.01,,
CVFF,run2,1.7,zz,0.02,,
CVFF,run2,1.7,xy,-0.01,,
CVFF,run2,1.7,xy,-0.02,,
CVFF,run2,1.7,xy,0.01,,
CVFF,run2,1.7,xy,0.02,,
CVFF,run2,1.7,xz,-0.01,,
CVFF,run2,1.7,xz,-0.02,,
CVFF,run2,1.7,xz,0.01,,
CVFF,run2,1.7,xz,0.02,,
CVFF,run2,1.7,yz,-0.01,,
CVFF,run2,1.7,yz,-0.02,,
CVFF,run2,1.7,yz,0.01,,
CVFF,run2,1.7,yz,0.02,,
CVFF,run2,1.7,undeformed,0.0,,
CVFF,run2,1.8,xx,-0.01,,
CVFF,run2,1.8,xx,-0.02,,
CVFF,run2,1.8,xx,0.01,,
CVFF,run2,1.8,xx,0.02,,
CVFF,run2,1.8,yy,-0.01,,
CVFF,run2,1.8,yy,-0.02,,
CVFF,run2,1.8,yy,0.01,,
CVFF,run2,1.8,yy,0.02,,
CVFF,run2,1.8,zz,-0.01,,
CVFF,run2,1.8,zz,-0.02,,
CVFF,run2,1.8,zz,0.01,,
CVFF,run2,1.8,zz,0.02,,
CVFF,run2,1.8,xy,-0.01,,
CVFF,run2,1.8,xy,-0.02,,
CVFF,run2,1.8,xy,0.01,,
CVFF,run2,1.8,xy,0.02,,
CVFF,run2,1.8,xz,-0.01,,
CVFF,run2,1.8,xz,-0.02,,
CVFF,run2,1.8,xz,0.01,,
CVFF,run2,1.8,xz,0.02,,
CVFF,run2,1.8,yz,-0.01,,
CVFF,run2,1.8,yz,-0.02,,
CVFF,run2,1.8,yz,0.01,,
CVFF,run2,1.8,yz,0.02,,
CVFF,run2,1.8,undeformed,0.0,,
CVFF,run2,1.9,xx,-0.01,,
CVFF,run2,1.9,xx,-0.02,,
CVFF,run2,1.9,xx,0.01,,
CVFF,run2,1.9,xx,0.02,,
CVFF,run2,1.9,yy,-0.01,,
CVFF,run2,1.9,yy,-0.02,,
CVFF,run2,1.9,yy,0.01,,
CVFF,run2,1.9,yy,0.02,,
CVFF,run2,1.9,zz,-0.01,,
CVFF,run2,1.9,zz,-0.02,,
CVFF,run2,1.9,zz,0.01,,
CVFF,run2,1.9,zz,0.02,,
CVFF,run2,1.9,xy,-0.01,,
CVFF,run2,1.9,xy,-0.02,,
CVFF,run2,1.9,xy,0.01,,
CVFF,run2,1.9,xy,0.02,,
CVFF,run2,1.9,xz,-0.01,,
CVFF,run2,1.9,xz,-0.02,,
CVFF,run2,1.9,xz,0.01,,
CVFF,run2,1.9,xz,0.02,,
CVFF,run2,1.9,yz,-0.01,,
CVFF,run2,1.9,yz,-0.02,,
CVFF,run2,1.9,yz,0.01,,
CVFF,run2,1.9,yz,0.02,,
CVFF,run2,1.9,undeformed,0.0,,
CVFF,run2,2.0,xx,-0.01,,
CVFF,run2,2.0,xx,-0.02,,
CVFF,run2,2.0,xx,0.01,,
CVFF,run2,2.0,xx,0.02,,
CVFF,run2,2.0,yy,-0.01,,
CVFF,run2,2.0,yy,-0.02,,
CVFF,run2,2.0,yy,0.01,,
CVFF,run2,2.0,yy,0.02,,
CVFF,run2,2.0,zz,-0.01,,
CVFF,run2,2.0,zz,-0.02,,
CVFF,run2,2.0,zz,0.01,,
CVFF,run2,2.0,zz,0.02,,
CVFF,run2,2.0,xy,-0.01,,
CVFF,run2,2.0,xy,-0.02,,
CVFF,run2,2.0,xy,0.01,,
CVFF,run2,2.0,xy,0.02,,
CVFF,run2,2.0,xz,-0.01,,
CVFF,run2,2.0,xz,-0.02,,
CVFF,run2,2.0,xz,0.01,,
CVFF,run2,2.0,xz,0.02,,
CVFF,run2,2.0,yz,-0.01,,
CVFF,run2,2.0,yz,-0.02,,
CVFF,run2,2.0,yz,0.01,,
CVFF,run2,2.0,yz,0.02,,
CVFF,run2,2.0,undeformed,0.0,,
CVFF,run3,1.2,xx,-0.01,,
CVFF,run3,1.2,xx,-0.02,,
CVFF,run3,1.2,xx,0.01,,
CVFF,run3,1.2,xx,0.02,,
CVFF,run3,1.2,yy,-0.01,,
CVFF,run3,1.2,yy,-0.02,,
CVFF,run3,1.2,yy,0.01,,
CVFF,run3,1.2,yy,0.02,,
CVFF,run3,1.2,zz,-0.01,,
CVFF,run3,1.2,zz,-0.02,,
CVFF,run3,1.2,zz,0.01,,
CVFF,run3,1.2,zz,0.02,,
CVFF,run3,1.2,xy,-0.01,,
CVFF,run3,1.2,xy,-0.02,,
CVFF,run3,1.2,xy,0.01,,
CVFF,run3,1.2,xy,0.02,,
CVFF,run3,1.2,xz,-0.01,,
CVFF,run3,1.2,xz,-0.02,,
CVFF,run3,1.2,xz,0.01,,
CVFF,run3,1.2,xz,0.02,,
CVFF,run3,1.2,yz,-0.01,,
CVFF,run3,1.2,yz,-0.02,,
CVFF,run3,1.2,yz,0.01,,
CVFF,run3,1.2,yz,0.02,,
CVFF,run3,1.2,undeformed,0.0,,
CVFF,run3,1.3,xx,-0.01,,
CVFF,run3,1.3,xx,-0.02,,
CVFF,run3,1.3,xx,0.01,,
CVFF,run3,1.3,xx,0.02,,
CVFF,run3,1.3,yy,-0.01,,
CVFF,run3,1.3,yy,-0.02,,
CVFF,run3,1.3,yy,0.01,,
CVFF,run3,1.3,yy,0.02,,
CVFF,run3,1.3,zz,-0.01,,
CVFF,run3,1.3,zz,-0.02,,
CVFF,run3,1.3,zz,0.01,,
CVFF,run3,1.3,zz,0.02,,
CVFF,run3,1.3,xy,-0.01,,
CVFF,run3,1.3,xy,-0.02,,
CVFF,run3,1.3,xy,0.01,,
CVFF,run3,1.3,xy,0.02,,
CVFF,run3,1.3,xz,-0.01,,
CVFF,run3,1.3,xz,-0.02,,
CVFF,run3,1.3,xz,0.01,,
CVFF,run3,1.3,xz,0.02,,
CVFF,run3,1.3,yz,-0.01,,
CVFF,run3,1.3,yz,-0.02,,
CVFF,run3,1.3,yz,0.01,,
CVFF,run3,1.3,yz,0.02,,
CVFF,run3,1.3,undeformed,0.0,,
CVFF,run3,1.4,xx,-0.01,,
CVFF,run3,1.4,xx,-0.02,,
CVFF,run3,1.4,xx,0.01,,
CVFF,run3,1.4,xx,0.02,,
CVFF,run3,1.4,yy,-0.01,,
CVFF,run3,1.4,yy,-0.02,,
CVFF,run3,1.4,yy,0.01,,
CVFF,run3,1.4,yy,0.02,,
CVFF,run3,1.4,zz,-0.01,,
CVFF,run3,1.4,zz,-0.02,,
CVFF,run3,1.4,zz,0.01,,
CVFF,run3,1.4,zz,0.02,,
CVFF,run3,1.4,xy,-0.01,,
CVFF,run3,1.4,xy,-0.02,,
CVFF,run3,1.4,xy,0.01,,
CVFF,run3,1.4,xy,0.02,,
CVFF,run3,1.4,xz,-0.01,,
CVFF,run3,1.4,xz,-0.02,,
CVFF,run3,1.4,xz,0.01,,
CVFF,run3,1.4,xz,0.02,,
CVFF,run3,1.4,yz,-0.01,,
CVFF,run3,1.4,yz,-0.02,,
CVFF,run3,1.4,yz,0.01,,
CVFF,run3,1.4,yz,0.02,,
CVFF,run3,1.4,undeformed,0.0,,
CVFF,run3,1.5,xx,-0.01,,
CVFF,run3,1.5,xx,-0.02,,
CVFF,run3,1.5,xx,0.01,,
CVFF,run3,1.5,xx,0.02,,
CVFF,run3,1.5,yy,-0.01,,
CVFF,run3,1.5,yy,-0.02,,
CVFF,run3,1.5,yy,0.01,,
CVFF,run3,1.5,yy,0.02,,
CVFF,run3,1.5,zz,-0.01,,
CVFF,run3,1.5,zz,-0.02,,
CVFF,run3,1.5,zz,0.01,,
CVFF,run3,1.5,zz,0.02,,
CVFF,run3,1.5,xy,-0.01,,
CVFF,run3,1.5,xy,-0.02,,
CVFF,run3,1.5,xy,0.01,,
CVFF,run3,1.5,xy,0.02,,
CVFF,run3,1.5,xz,-0.01,,
CVFF,run3,1.5,xz,-0.02,,
CVFF,run3,1.5,xz,0.01,,
CVFF,run3,1.5,xz,0.02,,
CVFF,run3,1.5,yz,-0.01,,
CVFF,run3,1.5,yz,-0.02,,
CVFF,run3,1.5,yz,0.01,,
CVFF,run3,1.5,yz,0.02,,
CVFF,run3,1.5,undeformed,0.0,,
CVFF,run3,1.6,xx,-0.01,,
CVFF,run3,1.6,xx,-0.02,,
CVFF,run3,1.6,xx,0.01,,
CVFF,run3,1.6,xx,0.02,,
CVFF,run3,1.6,yy,-0.01,,
CVFF,run3,1.6,yy,-0.02,,
CVFF,run3,1.6,yy,0.01,,
CVFF,run3,1.6,yy,0.02,,
CVFF,run3,1.6,zz,-0.01,,
CVFF,run3,1.6,zz,-0.02,,
CVFF,run3,1.6,zz,0.01,,
CVFF,run3,1.6,zz,0.02,,
CVFF,run3,1.6,xy,-0.01,,
CVFF,run3,1.6,xy,-0.02,,
CVFF,run3,1.6,xy,0.01,,
CVFF,run3,1.6,xy,0.02,,
CVFF,run3,1.6,xz,-0.01,,
CVFF,run3,1.6,xz,-0.02,,
CVFF,run3,1.6,xz,0.01,,
CVFF,run3,1.6,xz,0.02,,
CVFF,run3,1.6,yz,-0.01,,
CVFF,run3,1.6,yz,-0.02,,
CVFF,run3,1.6,yz,0.01,,
CVFF,run3,1.6,yz,0.02,,
CVFF,run3,1.6,undeformed,0.0,,
CVFF,run3,1.7,xx,-0.01,,
CVFF,run3,1.7,xx,-0.02,,
CVFF,run3,1.7,xx,0.01,,
CVFF,run3,1.7,xx,0.02,,
CVFF,run3,1.7,yy,-0.01,,
CVFF,run3,1.7,yy,-0.02,,
CVFF,run3,1.7,yy,0.01,,
CVFF,run3,1.7,yy,0.02,,
CVFF,run3,1.7,zz,-0.01,,
CVFF,run3,1.7,zz,-0.02,,
CVFF,run3,1.7,zz,0.01,,
CVFF,run3,1.7,zz,0.02,,
CVFF,run3,1.7,xy,-0.01,,
CVFF,run3,1.7,xy,-0.02,,
CVFF,run3,1.7,xy,0.01,,
CVFF,run3,1.7,xy,0.02,,
CVFF,run3,1.7,xz,-0.01,,
CVFF,run3,1.7,xz,-0.02,,
CVFF,run3,1.7,xz,0.01,,
CVFF,run3,1.7,xz,0.02,,
CVFF,run3,1.7,yz,-0.01,,
CVFF,run3,1.7,yz,-0.02,,
CVFF,run3,1.7,yz,0.01,,
CVFF,run3,1.7,yz,0.02,,
CVFF,run3,1.7,undeformed,0.0,,
CVFF,run3,1.8,xx,-0.01,,
CVFF,run3,1.8,xx,-0.02,,
CVFF,run3,1.8,xx,0.01,,
CVFF,run3,1.8,xx,0.02,,
CVFF,run3,1.8,yy,-0.01,,
CVFF,run3,1.8,yy,-0.02,,
CVFF,run3,1.8,yy,0.01,,
CVFF,run3,1.8,yy,0.02,,
CVFF,run3,1.8,zz,-0.01,,
CVFF,run3,1.8,zz,-0.02,,
CVFF,run3,1.8,zz,0.01,,
CVFF,run3,1.8,zz,0.02,,
CVFF,run3,1.8,xy,-0.01,,
CVFF,run3,1.8,xy,-0.02,,
CVFF,run3,1.8,xy,0.01,,
CVFF,run3,1.8,xy,0.02,,
CVFF,run3,1.8,xz,-0.01,,
CVFF,run3,1.8,xz,-0.02,,
CVFF,run3,1.8,xz,0.01,,
CVFF,run3,1.8,xz,0.02,,
CVFF,run3,1.8,yz,-0.01,,
CVFF,run3,1.8,yz,-0.02,,
CVFF,run3,1.8,yz,0.01,,
CVFF,run3,1.8,yz,0.02,,
CVFF,run3,1.8,undeformed,0.0,,
CVFF,run3,1.9,xx,-0.01,,
CVFF,run3,1.9,xx,-0.02,,
CVFF,run3,1.9,xx,0.01,,
CVFF,run3,1.9,xx,0.02,,
CVFF,run3,1.9,yy,-0.01,,
CVFF,run3,1.9,yy,-0.02,,
CVFF,run3,1.9,yy,0.01,,
CVFF,run3,1.9,yy,0.02,,
CVFF,run3,1.9,zz,-0.01,,
CVFF,run3,1.9,zz,-0.02,,
CVFF,run3,1.9,zz,0.01,,
CVFF,run3,1.9,zz,0.02,,
CVFF,run3,1.9,xy,-0.01,,
CVFF,run3,1.9,xy,-0.02,,
CVFF,run3,1.9,xy,0.01,,
CVFF,run3,1.9,xy,0.02,,
CVFF,run3,1.9,xz,-0.01,,
CVFF,run3,1.9,xz,-0.02,,
CVFF,run3,1.9,xz,0.01,,
CVFF,run3,1.9,xz,0.02,,
CVFF,run3,1.9,yz,-0.01,,
CVFF,run3,1.9,yz,-0.02,,
CVFF,run3,1.9,yz,0.01,,
CVFF,run3,1.9,yz,0.02,,
CVFF,run3,1.9,undeformed,0.0,,
CVFF,run3,2.0,xx,-0.01,,
CVFF,run3,2.0,xx,-0.02,,
CVFF,run3,2.0,xx,0.01,,
CVFF,run3,2.0,xx,0.02,,
CVFF,run3,2.0,yy,-0.01,,
CVFF,run3,2.0,yy,-0.02,,
CVFF,run3,2.0,yy,0.01,,
CVFF,run3,2.0,yy,0.02,,
CVFF,run3,2.0,zz,-0.01,,
CVFF,run3,2.0,zz,-0.02,,
CVFF,run3,2.0,zz,0.01,,
CVFF,run3,2.0,zz,0.02,,
CVFF,run3,2.0,xy,-0.01,,
CVFF,run3,2.0,xy,-0.02,,
CVFF,run3,2.0,xy,0.01,,
CVFF,run3,2.0,xy,0.02,,
CVFF,run3,2.0,xz,-0.01,,
CVFF,run3,2.0,xz,-0.02,,
CVFF,run3,2.0,xz,0.01,,
CVFF,run3,2.0,xz,0.02,,
CVFF,run3,2.0,yz,-0.01,,
CVFF,run3,2.0,yz,-0.02,,
CVFF,run3,2.0,yz,0.01,,
CVFF,run3,2.0,yz,0.02,,
CVFF,run3,2.0,undeformed,0.0,,
CVFF,run3,2.1,xx,-0.01,,
CVFF,run3,2.1,xx,-0.02,,
CVFF,run3,2.1,xx,0.01,,
CVFF,run3,2.1,xx,0.02,,
CVFF,run3,2.1,yy,-0.01,,
CVFF,run3,2.1,yy,-0.02,,
CVFF,run3,2.1,yy,0.01,,
CVFF,run3,2.1,yy,0.02,,
CVFF,run3,2.1,zz,-0.01,,
CVFF,run3,2.1,zz,-0.02,,
CVFF,run3,2.1,zz,0.01,,
CVFF,run3,2.1,zz,0.02,,
CVFF,run3,2.1,xy,-0.01,,
CVFF,run3,2.1,xy,-0.02,,
CVFF,run3,2.1,xy,0.01,,
CVFF,run3,2.1,xy,0.02,,
CVFF,run3,2.1,xz,-0.01,,
CVFF,run3,2.1,xz,-0.02,,
CVFF,run3,2.1,xz,0.01,,
CVFF,run3,2.1,xz,0.02,,
CVFF,run3,2.1,yz,-0.01,,
CVFF,run3,2.1,yz,-0.02,,
CVFF,run3,2.1,yz,0.01,,
CVFF,run3,2.1,yz,0.02,,
CVFF,run3,2.1,undeformed,0.0,,
PCFF,run7,1.2,xx,-0.01,,
PCFF,run7,1.2,xx,-0.02,,
PCFF,run7,1.2,xx,0.01,,
PCFF,run7,1.2,xx,0.02,,
PCFF,run7,1.2,yy,-0.01,,
PCFF,run7,1.2,yy,-0.02,,
PCFF,run7,1.2,yy,0.01,,
PCFF,run7,1.2,yy,0.02,,
PCFF,run7,1.2,zz,-0.01,,
PCFF,run7,1.2,zz,-0.02,,
PCFF,run7,1.2,zz,0.01,,
PCFF,run7,1.2,zz,0.02,,
PCFF,run7,1.2,xy,-0.01,,
PCFF,run7,1.2,xy,-0.02,,
PCFF,run7,1.2,xy,0.01,,
PCFF,run7,1.2,xy,0.02,,
PCFF,run7,1.2,xz,-0.01,,
PCFF,run7,1.2,xz,-0.02,,
PCFF,run7,1.2,xz,0.01,,
PCFF,run7,1.2,xz,0.02,,
PCFF,run7,1.2,yz,-0.01,,
PCFF,run7,1.2,yz,-0.02,,
PCFF,run7,1.2,yz,0.01,,
PCFF,run7,1.2,yz,0.02,,
PCFF,run7,1.2,undeformed,0.0,,
PCFF,run7,1.3,xx,-0.01,,
PCFF,run7,1.3,xx,-0.02,,
PCFF,run7,1.3,xx,0.01,,
PCFF,run7,1.3,xx,0.02,,
PCFF,run7,1.3,yy,-0.01,,
PCFF,run7,1.3,yy,-0.02,,
PCFF,run7,1.3,yy,0.01,,
PCFF,run7,1.3,yy,0.02,,
PCFF,run7,1.3,zz,-0.01,,
PCFF,run7,1.3,zz,-0.02,,
PCFF,run7,1.3,zz,0.01,,
PCFF,run7,1.3,zz,0.02,,
PCFF,run7,1.3,xy,-0.01,,
PCFF,run7,1.3,xy,-0.02,,
PCFF,run7,1.3,xy,0.01,,
PCFF,run7,1.3,xy,0.02,,
PCFF,run7,1.3,xz,-0.01,,
PCFF,run7,1.3,xz,-0.02,,
PCFF,run7,1.3,xz,0.01,,
PCFF,run7,1.3,xz,0.02,,
PCFF,run7,1.3,yz,-0.01,,
PCFF,run7,1.3,yz,-0.02,,
PCFF,run7,1.3,yz,0.01,,
PCFF,run7,1.3,yz,0.02,,
PCFF,run7,1.3,undeformed,0.0,,
PCFF,run7,1.4,xx,-0.01,,
PCFF,run7,1.4,xx,-0.02,,
PCFF,run7,1.4,xx,0.01,,
PCFF,run7,1.4,xx,0.02,,
PCFF,run7,1.4,yy,-0.01,,
PCFF,run7,1.4,yy,-0.02,,
PCFF,run7,1.4,yy,0.01,,
PCFF,run7,1.4,yy,0.02,,
PCFF,run7,1.4,zz,-0.01,,
PCFF,run7,1.4,zz,-0.02,,
PCFF,run7,1.4,zz,0.01,,
PCFF,run7,1.4,zz,0.02,,
PCFF,run7,1.4,xy,-0.01,,
PCFF,run7,1.4,xy,-0.02,,
PCFF,run7,1.4,xy,0.01,,
PCFF,run7,1.4,xy,0.02,,
PCFF,run7,1.4,xz,-0.01,,
PCFF,run7,1.4,xz,-0.02,,
PCFF,run7,1.4,xz,0.01,,
PCFF,run7,1.4,xz,0.02,,
PCFF,run7,1.4,yz,-0.01,,
PCFF,run7,1.4,yz,-0.02,,
PCFF,run7,1.4,yz,0.01,,
PCFF,run7,1.4,yz,0.02,,
PCFF,run7,1.4,undeformed,0.0,,
PCFF,run7,1.5,xx,-0.01,,
PCFF,run7,1.5,xx,-0.02,,
PCFF,run7,1.5,xx,0.01,,
PCFF,run7,1.5,xx,0.02,,
PCFF,run7,1.5,yy,-0.01,,
PCFF,run7,1.5,yy,-0.02,,
PCFF,run7,1.5,yy,0.01,,
PCFF,run7,1.5,yy,0.02,,
PCFF,run7,1.5,zz,-0.01,,
PCFF,run7,1.5,zz,-0.02,,
PCFF,run7,1.5,zz,0.01,,
PCFF,run7,1.5,zz,0.02,,
PCFF,run7,1.5,xy,-0.01,,
PCFF,run7,1.5,xy,-0.02,,
PCFF,run7,1.5,xy,0.01,,
PCFF,run7,1.5,xy,0.02,,
PCFF,run7,1.5,xz,-0.01,,
PCFF,run7,1.5,xz,-0.02,,
PCFF,run7,1.5,xz,0.01,,
PCFF,run7,1.5,xz,0.02,,
PCFF,run7,1.5,yz,-0.01,,
PCFF,run7,1.5,yz,-0.02,,
PCFF,run7,1.5,yz,0.01,,
PCFF,run7,1.5,yz,0.02,,
PCFF,run7,1.5,undeformed,0.0,,
PCFF,run7,1.6,xx,-0.01,,
PCFF,run7,1.6,xx,-0.02,,
PCFF,run7,1.6,xx,0.01,,
PCFF,run7,1.6,xx,0.02,,
PCFF,run7,1.6,yy,-0.01,,
PCFF,run7,1.6,yy,-0.02,,
PCFF,run7,1.6,yy,0.01,,
PCFF,run7,1.6,yy,0.02,,
PCFF,run7,1.6,zz,-0.01,,
PCFF,run7,1.6,zz,-0.02,,
PCFF,run7,1.6,zz,0.01,,
PCFF,run7,1.6,zz,0.02,,
PCFF,run7,1.6,xy,-0.01,,
PCFF,run7,1.6,xy,-0.02,,
PCFF,run7,1.6,xy,0.01,,
PCFF,run7,1.6,xy,0.02,,
PCFF,run7,1.6,xz,-0.01,,
PCFF,run7,1.6,xz,-0.02,,
PCFF,run7,1.6,xz,0.01,,
PCFF,run7,1.6,xz,0.02,,
PCFF,run7,1.6,yz,-0.01,,
PCFF,run7,1.6,yz,-0.02,,
PCFF,run7,1.6,yz,0.01,,
PCFF,run7,1.6,yz,0.02,,
PCFF,run7,1.6,undeformed,0.0,,
PCFF,run7,1.7,xx,-0.01,,
PCFF,run7,1.7,xx,-0.02,,
PCFF,run7,1.7,xx,0.01,,
PCFF,run7,1.7,xx,0.02,,
PCFF,run7,1.7,yy,-0.01,,
PCFF,run7,1.7,yy,-0.02,,
PCFF,run7,1.7,yy,0.01,,
PCFF,run7,1.7,yy,0.02,,
PCFF,run7,1.7,zz,-0.01,,
PCFF,run7,1.7,zz,-0.02,,
PCFF,run7,1.7,zz,0.01,,
PCFF,run7,1.7,zz,0.02,,
PCFF,run7,1.7,xy,-0.01,,
PCFF,run7,1.7,xy,-0.02,,
PCFF,run7,1.7,xy,0.01,,
PCFF,run7,1.7,xy,0.02,,
PCFF,run7,1.7,xz,-0.01,,
PCFF,run7,1.7,xz,-0.02,,
PCFF,run7,1.7,xz,0.01,,
PCFF,run7,1.7,xz,0.02,,
PCFF,run7,1.7,yz,-0.01,,
PCFF,run7,1.7,yz,-0.02,,
PCFF,run7,1.7,yz,0.01,,
PCFF,run7,1.7,yz,0.02,,
PCFF,run7,1.7,undeformed,0.0,,
PCFF,run7,1.8,xx,-0.01,,
PCFF,run7,1.8,xx,-0.02,,
PCFF,run7,1.8,xx,0.01,,
PCFF,run7,1.8,xx,0.02,,
PCFF,run7,1.8,yy,-0.01,,
PCFF,run7,1.8,yy,-0.02,,
PCFF,run7,1.8,yy,0.01,,
PCFF,run7,1.8,yy,0.02,,
PCFF,run7,1.8,zz,-0.01,,
PCFF,run7,1.8,zz,-0.02,,
PCFF,run7,1.8,zz,0.01,,
PCFF,run7,1.8,zz,0.02,,
PCFF,run7,1.8,xy,-0.01,,
PCFF,run7,1.8,xy,-0.02,,
PCFF,run7,1.8,xy,0.01,,
PCFF,run7,1.8,xy,0.02,,
PCFF,run7,1.8,xz,-0.01,,
PCFF,run7,1.8,xz,-0.02,,
PCFF,run7,1.8,xz,0.01,,
PCFF,run7,1.8,xz,0.02,,
PCFF,run7,1.8,yz,-0.01,,
PCFF,run7,1.8,yz,-0.02,,
PCFF,run7,1.8,yz,0.01,,
PCFF,run7,1.8,yz,0.02,,
PCFF,run7,1.8,undeformed,0.0,,
PCFF,run7,1.9,xx,-0.01,,
PCFF,run7,1.9,xx,-0.02,,
PCFF,run7,1.9,xx,0.01,,
PCFF,run7,1.9,xx,0.02,,
PCFF,run7,1.9,yy,-0.01,,
PCFF,run7,1.9,yy,-0.02,,
PCFF,run7,1.9,yy,0.01,,
PCFF,run7,1.9,yy,0.02,,
PCFF,run7,1.9,zz,-0.01,,
PCFF,run7,1.9,zz,-0.02,,
PCFF,run7,1.9,zz,0.01,,
PCFF,run7,1.9,zz,0.02,,
PCFF,run7,1.9,xy,-0.01,,
PCFF,run7,1.9,xy,-0.02,,
PCFF,run7,1.9,xy,0.01,,
PCFF,run7,1.9,xy,0.02,,
PCFF,run7,1.9,xz,-0.01,,
PCFF,run7,1.9,xz,-0.02,,
PCFF,run7,1.9,xz,0.01,,
PCFF,run7,1.9,xz,0.02,,
PCFF,run7,1.9,yz,-0.01,,
PCFF,run7,1.9,yz,-0.02,,
PCFF,run7,1.9,yz,0.01,,
PCFF,run7,1.9,yz,0.02,,
PCFF,run7,1.9,undeformed,0.0,,
PCFF,run7,2.0,xx,-0.01,,
PCFF,run7,2.0,xx,-0.02,,
PCFF,run7,2.0,xx,0.01,,
PCFF,run7,2.0,xx,0.02,,
PCFF,run7,2.0,yy,-0.01,,
PCFF,run7,2.0,yy,-0.02,,
PCFF,run7,2.0,yy,0.01,,
PCFF,run7,2.0,yy,0.02,,
PCFF,run7,2.0,zz,-0.01,,
PCFF,run7,2.0,zz,-0.02,,
PCFF,run7,2.0,zz,0.01,,
PCFF,run7,2.0,zz,0.02,,
PCFF,run7,2.0,xy,-0.01,,
PCFF,run7,2.0,xy,-0.02,,
PCFF,run7,2.0,xy,0.01,,
PCFF,run7,2.0,xy,0.02,,
PCFF,run7,2.0,xz,-0.01,,
PCFF,run7,2.0,xz,-0.02,,
PCFF,run7,2.0,xz,0.01,,
PCFF,run7,2.0,xz,0.02,,
PCFF,run7,2.0,yz,-0.01,,
PCFF,run7,2.0,yz,-0.02,,
PCFF,run7,2.0,yz,0.01,,
PCFF,run7,2.0,yz,0.02,,
PCFF,run7,2.0,undeformed,0.0,,
PCFF,run7,2.1,xx,-0.01,,
PCFF,run7,2.1,xx,-0.02,,
PCFF,run7,2.1,xx,0.01,,
PCFF,run7,2.1,xx,0.02,,
PCFF,run7,2.1,yy,-0.01,,
PCFF,run7,2.1,yy,-0.02,,
PCFF,run7,2.1,yy,0.01,,
PCFF,run7,2.1,yy,0.02,,
PCFF,run7,2.1,zz,-0.01,,
PCFF,run7,2.1,zz,-0.02,,
PCFF,run7,2.1,zz,0.01,,
PCFF,run7,2.1,zz,0.02,,
PCFF,run7,2.1,xy,-0.01,,
PCFF,run7,2.1,xy,-0.02,,
PCFF,run7,2.1,xy,0.01,,
PCFF,run7,2.1,xy,0.02,,
PCFF,run7,2.1,xz,-0.01,,
PCFF,run7,2.1,xz,-0.02,,
PCFF,run7,2.1,xz,0.01,,
PCFF,run7,2.1,xz,0.02,,
PCFF,run7,2.1,yz,-0.01,,
PCFF,run7,2.1,yz,-0.02,,
PCFF,run7,2.1,yz,0.01,,
PCFF,run7,2.1,yz,0.02,,
PCFF,run7,2.1,undeformed,0.0,,
