optimizers,sc_r,sc_eps,oc_r,oc_eps,ocx_r,ocx_eps,sos_ktheta,oso_ktheta,so_kr,D_11,D_11H,D_14,SE_T11,SE_T11H,SE_T14,BM_T11,BM_T11H,BM_T14,D_11_std,D_11H_std,D_14_std,SE_T11_std,SE_T11H_std,SE_T14_std,BM_T11_std,BM_T11H_std,BM_T14_std,error_D_11,error_D_11_std,error_D_11H,error_D_11H_std,error_D_14,error_D_14_std,error_SE_T11,error_SE_T11_std,error_SE_T11H,error_SE_T11H_std,error_SE_T14,error_SE_T14_std,error_BM_T11,error_BM_T11_std,error_BM_T11H,error_BM_T11H_std,error_BM_T14,error_BM_T14_std
None,4.3,0.3,3.3,0.08,3.3,0.08,100.0,100.0,350.0,2.440483732833958,2.525116317103621,2.3983630836454433,648.5709993382578,304.31361960961357,432.710239458627,72.69029764696512,54.537440074508226,49.39156715871481,0.0015743696908709485,0.0030005291690499564,0.002289417907295364,18.318722642899576,17.119651349826,25.20985030995461,,,,0.7933441937415465,0.06399876792158327,5.6534023892728325,0.12554515351673456,7.549914064818085,0.10266448014777417,4.621911862020909,2.6939298004264085,6.365040120118902,5.267585030715692,31.856655203365833,3.9700551669219855,2.38070091121848,,1.4680396124512662,,5.0884407632229935,
None,4.3,0.3,3.425,0.1075,3.425,0.1075,100.0,100.0,350.0,2.3463269288389514,2.403467702871411,2.2927487640449438,713.5426240988187,317.18962825663243,564.7983657145362,69.22217988840666,60.90282555021082,46.57730452773653,0.00145970641095385,0.001957593667389702,0.0041123380023419245,16.278644147799785,16.449477552364105,23.627099562997024,,,,4.620856551262135,0.05933765898186382,0.5635022121929183,0.08190768482802101,2.8138459212979274,0.1844097758897724,4.932738838061573,2.39391825702938,2.4031913056515597,5.061377708419725,11.055375478025795,3.720803080786933,2.5039719881596376,,10.032205149432375,,0.8993520686456812,
None,4.3,0.3,3.55,0.135,3.55,0.135,100.0,100.0,350.0,2.2591854057428216,2.313158888888889,2.1846308364544322,688.3650349381851,341.95604388500885,621.7193107692161,70.32171276619059,56.426426669343726,40.14275413627044,0.0012430066839792073,0.0021141759361247214,0.005560572737989256,16.27271428489685,19.837995020134066,22.023899567189016,,,,8.163194888503186,0.05052872699102469,3.215109251510917,0.08845924418931889,2.034491638814697,0.24935303757799357,1.2301521967919251,2.393046218367184,5.217244272310416,6.103998467733559,2.091447122958091,3.468330640502207,0.9553341321259348,,1.9447636302506324,,14.589884816445872,
None,4.3,0.3,3.675,0.1625,3.675,0.1625,100.0,100.0,350.0,2.1782613607990013,2.2305839325842696,2.082764456928839,546.0415882001943,234.1099798448019,647.5994251614146,69.88768743104086,50.946840430466466,34.26315288934906,0.001092300334574408,0.002165449927947876,0.00829946669888824,16.767046777899882,32.68872970136026,25.776485013154147,,,,11.452790211422709,0.044402452624975934,6.670128343754416,0.09060459949572702,6.602490720679873,0.3721733945689794,19.6997664411479,2.465742173220571,27.966160047753263,10.058070677341618,1.984161442742459,4.059288978449472,1.5666374210692118,,7.955121173502322,,27.099674703512644,
None,4.3,0.3,3.8,0.19,3.8,0.19,100.0,100.0,350.0,2.1029824843945066,2.122955418227216,2.036493570536829,321.81622449716383,233.44216492840062,485.75672809645755,67.86400553420424,36.59977262440713,32.118019176011884,0.001030672084160935,0.0028070895258465343,0.006157573526587473,97.60783254772409,19.68295811312411,25.065976257898345,,,,14.512907138434688,0.04189723919353394,11.173413463296402,0.1174514445960893,8.677418361577175,0.2761243733895728,52.67408463277002,14.35409302172413,28.17164156049212,6.056294804038187,23.502877465124794,3.9473978358895034,4.416893613796847,,33.87574954939995,,31.663788987208754,
None,4.3625,0.3525,3.3,0.08,3.3,0.08,100.0,100.0,350.0,2.435785118601748,2.5155116604244694,2.3918624968789013,664.3040853692494,289.55408878792986,436.69407899784636,72.24353293476918,53.11588199951555,51.03469327033784,0.0015918532492557398,0.002854652231804127,0.002176195420407534,16.848768009222777,25.833221175339343,36.57920071752071,,,,0.9843447722866625,0.06470948167706259,5.251533908973609,0.11944151597506808,7.258407931789297,0.09758723858329749,2.308222739816268,2.4777600013562906,10.906434219098506,7.948683438565952,31.22927889797695,5.760504050003262,1.7514548377030672,,4.036346884344083,,8.584453766676255,
None,4.3625,0.3525,3.425,0.1075,3.425,0.1075,100.0,100.0,350.0,2.3434391635455682,2.3977934581772784,2.2899969662921347,730.4813823445088,367.4935338181542,586.046561419179,72.86784363354481,59.31103904866657,49.90430831057018,0.0013280422336919139,0.0018943560650155453,0.0033197285521729633,17.409644924346313,15.562824902338289,25.397941527754657,,,,4.7382453843264924,0.053985456654142845,0.32608611620411204,0.07926176004249143,2.6904469189298066,0.14886675121851853,7.423732697721882,2.5602419006391637,13.07493348250899,4.788561508411781,7.7092029261135355,3.9996758311424654,2.630765681049026,,7.156348778078719,,6.179379384191871,
None,4.3625,0.3525,3.55,0.135,3.55,0.135,100.0,100.0,350.0,2.257535742821473,2.3097251935081147,2.173218851435706,706.0887462365394,362.2178285419824,646.4443368793122,72.6748004095347,58.33788383118315,35.34678069638185,0.0011737333507984371,0.0020537672686450673,0.009270587652848706,15.871037280811748,19.225631004767955,21.43703812079519,,,,8.230254356850686,0.047712737837334845,3.3587785143048303,0.08593168488054674,2.546239845932474,0.41572141941025587,3.8365803289028455,2.33397607070761,11.451639551379195,5.915578770697832,1.8022577762696428,3.375911515085857,2.358873816246052,,5.398164103311919,,24.79408362471947,
None,4.3625,0.3525,3.675,0.1625,3.675,0.1625,100.0,100.0,350.0,2.177164606741573,2.2283322222222224,2.0838055805243445,547.8569966355074,355.1005770576116,589.7032670220783,68.26708081620225,50.93627888163698,38.035623959575595,0.0010699346365103336,0.0021263976122907,0.0061878730549212255,17.074624526165188,15.745362714469445,22.322180443800615,,,,11.497373709692159,0.04349327790692413,6.764342166434215,0.08897061139291632,6.555803563930739,0.27748309663323883,19.43279461242539,2.5109741950242923,9.261716017726643,4.844726989067522,7.13334377605066,3.515304006897735,3.8491819490109123,,7.974202562534817,,19.073140511541286,
None,4.3625,0.3525,3.8,0.19,3.8,0.19,100.0,100.0,350.0,2.102017952559301,2.0869309238451934,2.0139880149812734,216.06170424926952,70.1031329712114,633.6495371747521,69.4982589092301,35.81512634806065,30.495365970751386,0.0010156916622413358,0.0033265328640257183,0.008843868422798662,28.05439578098102,12.713570122424477,30.91873878685186,,,,14.552115749621919,0.041288278952899826,12.680714483464715,0.1391854754822476,9.686636099494462,0.39658602792819114,68.22621996334271,4.125646438379562,78.42980523962727,3.9118677299767617,0.21267131106265508,4.869092722338876,2.11512829685901,,35.293357998083735,,35.116242615422586,
None,4.425,0.405,3.3,0.08,3.3,0.08,100.0,100.0,350.0,2.430244207240949,2.504177191011236,2.3840414606741573,686.9673018746477,379.67576058084114,427.2840929469727,75.56654859587042,54.33242698491954,53.563007481416676,0.0014344612758793803,0.002736084515273441,0.0022725669382361513,16.92156546753084,25.784657019405657,34.90977489801832,,,,1.2095850715061403,0.058311433978836605,4.777288326829955,0.11448052365160839,6.90768881946894,0.10190883131103817,1.02460321685995,2.488465509931006,16.82331094795112,7.933740621355588,32.71116646504367,5.497602346144617,6.431758585732979,,1.8384336315816772,,13.963845705141862,
None,4.425,0.405,3.425,0.1075,3.425,0.1075,100.0,100.0,350.0,2.3396144943820225,2.391015081148564,2.2845741323345816,747.5262061764181,400.7664400373061,615.571749417351,72.44835753638915,61.012244805286045,47.818639431125234,0.0013235800977957064,0.00188018616755274,0.003685302230138758,17.113285256176457,19.52756349178605,27.436346538632367,,,,4.893719740568189,0.05380406901608562,0.04247201458427107,0.07866887730346192,2.4472705082772035,0.16526018969232098,9.930324437708544,2.5166595964965377,23.312750780709568,6.008481074395708,3.0595670208895993,4.320684494272814,2.039940192097399,,10.229891247129256,,1.7417860236707112,
None,4.425,0.405,3.55,0.135,3.55,0.135,100.0,100.0,350.0,2.2548332334581773,2.304929238451935,2.182261997503121,727.5089495424374,411.48889064551196,668.1988111237704,72.11096356956544,58.698038553392294,39.40537827081447,0.0012057705655219616,0.002025903204578046,0.006318979467049552,16.010254950303167,19.31364409258159,21.595612310081993,,,,8.340112461049701,0.049015063639104135,3.559446089877198,0.08476582445933246,2.140717600756905,0.28336230793944184,6.986610226829036,2.3544492573975244,26.61196635246522,5.942659720794335,5.2281592320898245,3.400883828359369,1.5647374219231576,,6.048850141630158,,16.158769636564962,
None,4.425,0.405,3.675,0.1625,3.675,0.1625,100.0,100.0,350.0,2.1753384644194753,2.2250034082397003,2.0802248189762795,561.4960329813271,235.27255061942773,620.3096777157467,70.22029175230851,52.15198453796588,34.30661131376609,0.0011493753799542387,0.0021495691997193444,0.007224203485398201,17.213462366113518,32.44756145666513,21.02123411802162,,,,11.5716071374197,0.04672257642090401,6.903623086205012,0.08994013387947047,6.71637583066011,0.3239553132465561,17.427053973334257,2.5313915244284586,27.608445963253008,9.983865063589269,2.3134365801973678,3.3104305697671843,1.0981806305513917,,5.777805712798773,,27.007209970710445,
None,4.425,0.405,3.8,0.19,3.8,0.19,100.0,100.0,350.0,2.100370324594257,2.2078557802746563,2.014997116104869,250.7033797332206,81.11285405148485,535.9228041189083,66.03081435314988,52.37135902880242,30.971386605979653,0.001055955204782328,0.002810308910362059,0.0069416510318333355,17.801871637757383,22.756703816861606,25.278358334084217,,,,14.619092496168408,0.04292500832448488,7.6210970596378145,0.11758614687707358,9.641384928032782,0.31128479963378186,63.13185592158521,2.6179222996702034,75.04219875338929,7.002062712880494,15.60270801277035,3.980843832139247,6.998853023732566,,5.3814651692819835,,34.10343275323478,
None,4.4875,0.4575,3.3,0.08,3.3,0.08,100.0,100.0,350.0,2.4237324719101125,2.4917986017478153,2.3748341448189763,702.466631420214,362.01756693772666,552.6174646745477,73.19095765817707,56.66577880838687,50.61972568074431,0.0013844765733021422,0.0026653741843213966,0.002176239945180961,18.58942250030258,12.578357017602546,25.086547272595297,,,,1.4742897597515214,0.05627953550008708,4.259355721665907,0.11152193239838477,6.494804700402524,0.09758923520990856,3.303916385325582,2.733738602985673,11.390020596223586,3.87026369772386,12.97362761030745,3.9506373657630394,3.0858558565874215,,2.377197485793797,,7.701544001583637,
None,4.4875,0.4575,3.425,0.1075,3.425,0.1075,100.0,100.0,350.0,2.3347981897627967,2.3827708114856434,2.2790143945068664,762.8943414311975,426.2198956449272,636.1203001379099,74.19628777881962,62.45819482439926,47.36117248419551,0.0012921020060138646,0.0018079354152369224,0.0031444260866125887,16.65405649468486,19.80852803765996,23.499338175573044,,,,5.089504481187123,0.052524471789181494,0.30247650687685024,0.07564583327351139,2.1979549106218115,0.14100565410818786,12.190344328117282,2.4491259551007145,31.144583275362216,6.094931703895373,0.17642521856848942,3.7006831772555975,4.501813772985385,,12.842267072085376,,0.7684520940329929,
None,4.4875,0.4575,3.55,0.135,3.55,0.135,100.0,100.0,350.0,2.251509001248439,2.2987821722846444,2.1800579900124846,745.3713090874386,318.50208967912266,688.7207364142636,70.27696389101266,59.038445527154295,39.11578574998561,0.0011372950370279686,0.0018677956995562645,0.006263012480420278,15.734598863837482,16.215090535332802,25.371910286009964,,,,8.475243851689466,0.04623150557024262,3.8166455111027484,0.07815044768017843,2.2395520173773726,0.2808525775973219,9.613427806976263,2.313911597623159,1.9993570218084118,4.989258626256246,8.45995849043521,3.9955764229936954,1.018360716883583,,6.663858224307667,,16.774923936200825,
None,4.4875,0.4575,3.675,0.1625,3.675,0.1625,100.0,100.0,350.0,2.172629525593009,2.2202746441947565,2.084577677902622,590.1284825234695,385.34207226898496,643.3847147738778,69.78647991129904,56.903601843777295,30.770888692619273,0.0010862254713717013,0.0020266256818895763,0.006917917089061106,19.75232499873234,27.331745666432536,29.21261928993746,,,,11.68172660191021,0.044155506966329326,7.10147932239513,0.08479605363554711,6.521180363111123,0.31022049726731415,13.216399628901538,2.9047536762841677,18.56679146737999,8.409767897363857,1.3204275234453255,4.600412486604324,1.7091832235224793,,2.8068687331116418,,34.53002405825686,
None,4.4875,0.4575,3.8,0.19,3.8,0.19,100.0,100.0,350.0,2.098289725343321,2.1499801622971284,2.0228261922596755,381.29849504369025,65.32884731631559,582.2041600216268,69.25271858754803,44.098873143895545,33.49545322524161,0.001074838092211762,0.0077561711461665555,0.006488365018091235,17.791863837763827,27.06455716297767,33.50036439193938,,,,14.703669701491025,0.04369260537446187,10.042671033592958,0.32452598937935373,9.290305279835177,0.2909580725601451,43.92669190533967,2.6164505643770335,79.89881621036443,8.327556050146976,8.314305508405235,5.275647935738485,2.460959735847843,,20.32723912575331,,28.733078244166787,
None,4.55,0.51,3.3,0.08,3.3,0.08,100.0,100.0,350.0,2.4160818601747818,2.4623749563046196,2.3645676279650436,722.1412513149407,340.04441897064606,470.96792108891924,76.27035101119154,61.169091763334535,47.02073342382924,0.0014288869480908813,0.002428867180258797,0.0021784018491584566,17.447080613599923,14.457421840676272,22.860558402827767,,,,1.7852902367974877,0.05808483528824721,3.0282408495656665,0.1016262418518325,6.034422778701508,0.09768618157661241,6.197242840432462,2.5657471490588124,4.629051990968019,4.448437489438853,25.8318234505639,3.6000879374531918,7.423029593227516,,10.513264251733576,,0.044113667721791094,
None,4.55,0.51,3.425,0.1075,3.425,0.1075,100.0,100.0,350.0,2.3292162421972535,2.37321024968789,2.271112509363296,782.7259824706832,442.2007358728601,681.2392335976213,77.22563781475242,68.9090580468436,46.60001391805979,0.001190690025265675,0.00180755323229443,0.004196375974602934,16.50736066189148,17.489265062966435,21.50901525551592,,,,5.316412918810831,0.04840203354738516,0.7025000130589933,0.07562984235541548,1.8436102853495975,0.1881782948252437,15.106762128041652,2.4275530385134525,36.061764883956954,5.3813123270665955,7.281769070491536,3.387246496931641,8.768503964440024,,24.4969431740625,,0.8510342168940702,
None,4.55,0.51,3.55,0.135,3.55,0.135,100.0,100.0,350.0,2.247420574282147,2.2913160923845193,2.1771119725343318,760.8551651618187,288.19390294151964,699.8377728606255,75.1573410850157,59.08774846568528,42.4787669097428,0.0011519412614312248,0.0017746448479778758,0.006031429752077412,15.4146719150504,21.136876635315346,21.21728345570435,,,,8.641440069831416,0.04682688054598475,4.129033791442713,0.07425292250953454,2.3716604244694275,0.27046770188687946,11.89046546497334,2.2668635169191766,11.324952941070881,6.5036543493278,10.210672891437083,3.3413044812132835,5.855409978895355,,6.752933090668977,,9.619644872887655,
None,4.55,0.51,3.675,0.1625,3.675,0.1625,100.0,100.0,350.0,2.169602509363296,2.214513920099875,2.0796688014981273,582.7588503048598,272.346148752908,670.9548652392878,71.02194199916863,58.72241938114021,36.270849415152135,0.001083073898782873,0.0019605049384298916,0.005861407430114191,16.411907910352426,15.294151626825828,25.00792522874634,,,,11.804776042142446,0.04402739425946638,7.34251380335251,0.08202949533179463,6.741309349859763,0.26284338251633144,14.300169072814729,2.413515869169474,16.201184999105234,4.705892808254101,5.66218350225004,3.9382559415348566,0.030904224181172203,,6.0928986109127585,,22.82797996776141,
None,4.55,0.51,3.8,0.19,3.8,0.19,100.0,100.0,350.0,2.095478551810237,2.1412478277153557,2.0115113233458177,412.3589469800082,333.7637317803142,590.3657179301141,70.85257421836278,54.564792763366896,31.938047667396113,0.0010190670488858125,0.0020687066672877767,0.007717434401831145,17.404474729317577,19.49364257541111,22.278153862401474,,,,14.817945048364347,0.0414254897921062,10.408040681365875,0.08655676432166429,9.79769850467185,0.3460732915619347,39.35897838529291,2.5594815778408204,2.6965328554812844,5.998043869357264,7.029020798407229,3.508370686992358,0.2076419459679217,,1.4186219270697484,,32.04670709064657,
None,4.373289038999218,0.33426760520149845,3.5402570742549813,0.1772727628983713,3.5402570742549813,0.1772727628983713,100.0,100.0,350.0,2.232326329588015,2.286660424469413,2.152968938826467,685.897295011296,345.95558266599954,663.047658822123,70.4384431926989,52.81467788374683,36.45174690502992,0.001285736369259249,0.00215017518346773,0.006019776220716445,16.603506124381244,25.8704887463316,21.112865339464943,,,,9.255027252519708,0.05226570606744915,4.323831612158463,0.08996548884802216,3.454307675943193,0.26994512200522175,0.8672492663670622,2.441692077114889,6.447871589538321,7.960150383486646,4.416954145216224,3.324860683380306,0.7909250807057774,,4.580527761975013,,22.443091691425696,
None,4.409945864510194,0.4802523961978098,3.5352509713635727,0.1614303793787725,3.5352509713635727,0.1614303793787725,100.0,100.0,350.0,2.2450554182272158,2.297913108614232,2.171872634207241,730.1211667422227,252.52118046502937,661.4479680100775,70.97084681297312,58.88806231707473,35.9967701240764,0.001138734322007271,0.0020927000978253427,0.00630248041863506,16.70357524657558,30.3165692008351,20.760037672664826,,,,8.737584624909926,0.04629001308972647,3.8530080077727185,0.08756067354917751,2.606608331513857,0.28262244029753636,7.370759815032753,2.4564081244964084,22.301175241529425,9.328175138718493,4.165034332295668,3.2692972712857995,0.041060826798420304,,6.392163174480082,,23.411127395582128,
None,4.512420765958738,0.5017081452968684,3.4375403702685117,0.14595837327754524,3.4375403702685117,0.14595837327754524,100.0,100.0,350.0,2.2955303870162296,2.3436275405742824,2.235029213483146,794.4093795972909,416.69734259202465,702.1438895814603,74.20203129274489,59.541544861577584,47.81933249471522,0.0012215812396362366,0.0018722666259547941,0.0045204988668971005,15.949608604534252,16.89181284850159,24.928831540161855,,,,6.685756625356521,0.049657773968952705,1.940270268858484,0.0783375157303261,0.22552526830252118,0.2027129536725157,16.824908764307487,2.34553067713739,28.2145669513922,5.197480876462028,10.57384087897012,3.925800242545174,4.509903229218157,,7.572800111251279,,1.743260627053658,
None,4.482927379398498,0.3902954017913131,3.3557257987483613,0.05523361838966624,3.3557257987483613,0.05523361838966624,100.0,100.0,350.0,2.4379026841448193,2.5046176404494385,2.390373370786517,664.0064706730602,283.98199848618447,473.25151845404747,74.95273778183483,56.77494990904184,46.5112180751197,0.0014176691826236398,0.002699002278724824,0.0025973452549854594,17.37789261948949,12.678414519657894,27.644995434077636,,,,0.8982648721618175,0.05762882856193658,4.795717173616667,0.11292896563702193,7.191630976973853,0.11647288138948247,2.3519896069029085,2.555572444042572,12.620923542712472,3.9010506214331984,25.472201818260242,4.353542588043722,5.567236312443418,,2.5744352466880494,,1.0399615422985102,
None,4.53402264689557,0.38547760275924203,3.588451431575721,0.10241350804963854,3.588451431575721,0.10241350804963854,100.0,100.0,350.0,2.258928838951311,2.3013562421972535,2.187970836454432,725.2806623518445,261.9805119661676,672.7550357821057,71.15669382207574,57.8514062916421,40.7036506345308,0.001125001566790418,0.001902060786690891,0.0059347397099173095,16.143329698554364,17.38094961299031,21.178300962352285,,,,8.17362443287353,0.04573177100774057,3.708943841119104,0.0795841333343469,1.8847158540613485,0.26613182555683,6.658920934094781,2.3740190733168185,19.390611702717653,5.3479844963047105,5.945674926315853,3.33516550588225,0.22069552405033507,,4.519252559425651,,13.396488011636592,
None,4.412296817856916,0.44418341325104493,3.568880441813283,0.15907796061715668,3.568880441813283,0.15907796061715668,100.0,100.0,350.0,2.2296713483146067,2.281621335830212,2.1516318851435705,696.9571332546864,310.52999984785816,717.2372319796333,72.33575750721988,56.32263160465372,38.38711078792218,0.0011100802582585112,0.0019175457851970837,0.005344056330802617,16.385761559834958,23.672510768360855,23.084596845207454,,,,9.362953320544444,0.045125213750345984,4.53467214099532,0.0802320412216353,3.514265240198631,0.23964378165034156,2.4936960668656423,2.409670817622788,4.452307739120565,7.283849467187955,12.950745193643037,3.635369581922433,1.8813486017181427,,1.7572386714611032,,18.32529619591025,
None,4.421023356824348,0.32248806392823454,3.555576239732958,0.11512672036338868,3.555576239732958,0.11512672036338868,100.0,100.0,350.0,2.269027016229713,2.3174433583021226,2.1992024594257176,713.7099414403733,332.68561660829954,656.617749454542,71.40285694928377,57.39486280187363,44.96998771433484,0.0012518980433670606,0.0019475453993961565,0.0066255055707971616,16.259985000015224,24.572956192225803,24.544218871571573,,,,7.763129421556379,0.05089016436451466,3.03584274886517,0.0814872552048601,1.3810556311337405,0.29710787312991754,4.957344329466664,2.391174264708121,2.3648051102460124,7.560909597607939,3.4043699928412656,3.8652313183577283,0.5674041539208073,,3.6944224062757494,,4.319175075883316,
None,4.3514051065742505,0.4884616182622654,3.41382934157328,0.07354393948915597,3.41382934157328,0.07354393948915597,100.0,100.0,350.0,2.3916440823970038,2.446054906367041,2.3414958426966295,712.5451739054503,405.26533331891596,508.8219774600352,76.82276749349694,59.67754922563421,48.24426721592066,0.0012958256781690218,0.001896182025142074,0.0043374807861504975,16.942669962872802,13.836898747442866,27.559805539108538,,,,2.7786958375201705,0.052675840575976504,2.3453935718427203,0.07933816004778552,4.999813573839887,0.1945058648497981,4.786054986095628,2.491569112187177,24.697025636589526,4.257507306905498,19.870554730703116,4.3401268565525255,8.201080976756254,,7.818517119483664,,2.6473770551503364,
None,4.4934753244239705,0.47235755870061225,3.751735774443806,0.04942768255792823,3.751735774443806,0.04942768255792823,100.0,100.0,350.0,2.2666251935081148,2.304799176029962,2.194206729088639,706.1689796327233,230.3425596537519,694.3761607838571,71.69640778921436,59.47319114186604,40.30510223486431,0.00119472193156308,0.0019079905844171996,0.006398445341468915,15.486533012452842,23.34228292366733,21.8737604069281,,,,7.860764491540049,0.04856593217736098,3.5648880322191596,0.07983224202582424,1.6050794130655095,0.2869258000658706,3.8483793577534318,2.277431325360712,29.125366260384034,7.182240899589948,9.350576501394825,3.4446866782563936,0.9808560411469889,,7.449306489369535,,14.244463330075941,
None,4.319821346276979,0.49250214122713554,3.505601917405939,0.1737323335026238,3.505601917405939,0.1737323335026238,100.0,100.0,350.0,2.256646928838951,2.315093745318352,2.1857388139825216,743.9027651742173,372.62072293513586,667.8527924242317,71.25951497994811,57.122662633347474,36.08929474428703,0.001133170907753893,0.0020600286903478334,0.006382536522935388,16.902076389246186,15.897007142637245,25.93567437419582,,,,8.266385006546704,0.04606385803877614,3.134152915550131,0.0861936690522106,1.9848065478689874,0.28621240013163174,9.397465466796659,2.485599469006792,14.652530133887955,4.891386813119152,5.1736680983042,4.0843581691646955,0.36551405626494055,,3.202642517339607,,23.214266501516956,
None,4.505995950533111,0.33338045036549213,3.7415020143907967,0.1259676789594827,3.7415020143907967,0.1259676789594827,100.0,100.0,350.0,2.1662766916354554,2.2083746441947563,2.0745270411985017,520.6200151026733,166.13830335540408,550.0694789407938,70.83710298596066,51.219184472217584,36.607078387868626,0.0010171925412833282,0.002088656902053185,0.006675373387275838,19.279479050361743,30.010476586568757,20.484029470716635,,,,11.939971884737583,0.04134929029607025,7.599387272185934,0.08739150217795753,6.971881560605302,0.2993440980841183,23.43823307313628,2.8352175074061385,48.88052204449105,9.23399279586731,13.3748852061742,3.2258314127112815,0.22943241413992235,,7.463081351007077,,22.112599174747604,
None,4.303772983936083,0.36766925091086206,3.6292464020071633,0.09781148485757403,3.6292464020071633,0.09781148485757403,100.0,100.0,350.0,2.2573122846441946,2.3079958426966294,2.1828649063670413,686.3589358592402,278.3619100533674,625.7393017320879,73.7283010738989,55.11260805175064,37.04339569939432,0.0012625818384866835,0.0019952244410653967,0.006014377151665157,16.15809756520484,15.647840299024864,22.54155481767081,,,,8.239338022593714,0.051324464979133476,3.431136288843964,0.08348219418683668,2.1136813288322265,0.26970301128543306,0.9351376263588537,2.3761908184124767,14.350181522040797,4.814720092007651,1.4583776799861514,3.5498511523891043,3.842677568871697,,0.42889240876126555,,21.184264469373794,
None,4.447116315997718,0.3831281263738434,3.6144592528323582,0.05735973279839447,3.6144592528323582,0.05735973279839447,100.0,100.0,350.0,2.3167930586766543,2.361034906367041,2.256786179775281,713.6862516931014,420.7440696603985,582.2432661212212,71.53750242389654,57.47218104879093,37.14178602086199,0.0013110609283335146,0.0019009328690071906,0.004643597381087262,16.636778276789293,12.81408020537918,23.761558794885264,,,,5.821420378997791,0.05329515968835425,1.2119286038895007,0.07953694012582387,1.2011739809542987,0.20823306641646913,4.953860543103153,2.4465850407043077,29.45971374166108,3.94279390934744,8.308147067524228,3.741977762974057,0.7570456674599167,,3.8341121026033025,,20.9749233598681,
None,4.544150254861396,0.3422493667439793,3.309067053214285,0.03394795244814757,3.309067053214285,0.03394795244814757,100.0,100.0,350.0,2.5025937702871413,2.55259543071161,2.459512846441948,600.8923178836645,263.3458146265114,344.55314998977366,73.54363780887002,62.79153705363167,51.25940183642322,0.001536367067847409,0.00662711657476354,0.002550671507199709,17.297447564171502,24.822606918365373,35.69425555478482,,,,1.7314540767130604,0.06245394584745565,6.803156096720082,0.2772852123332025,10.292055894257748,0.11437988821523358,11.633482664166982,2.54374228884875,18.970518576458026,7.6377252056508835,45.73966141893328,5.621142607052727,3.5825884631972067,,13.444511388675103,,9.062557098772814,
None,4.361450384595038,0.43952124318717056,3.7153392000412326,0.04499802715721109,3.7153392000412326,0.04499802715721109,100.0,100.0,350.0,2.303098439450687,2.3477114232209737,2.239356516853933,703.373920527669,397.45060284692977,615.0114831026865,69.88809031008279,58.220976590207044,46.836312194125476,0.0012726836553683372,0.0019454173644516777,0.007232177972611574,16.078600309033195,28.601243488136987,19.65356612107685,,,,6.378112217451754,0.05173510794180232,1.7693965179508961,0.08139821608584424,0.4195747468131348,0.32431291357002573,3.437341254068977,2.364500045446058,22.292493183670697,8.800382611734458,3.1477979365848037,3.095049782846748,1.5660699857988902,,5.186949575803149,,0.3482719273926041,
None,4.3790438675964145,0.36233727088179535,3.4577561113117286,0.040433707018474055,3.4577561113117286,0.040433707018474055,100.0,100.0,350.0,2.434505243445693,2.4874031585518104,2.388168002496879,646.2968872143243,300.88133654654763,353.22970700993676,72.4551626307594,57.69200445205523,51.49824797316946,0.0015777530611315936,0.0028597605906928534,0.0043265088992158265,18.480641662332097,26.60110759017069,40.90044070742968,,,,1.0363722176547514,0.06413630329803226,4.075445964510889,0.11965525484070516,7.092735537976638,0.1940138519827725,4.95634011554054,2.717741420931191,7.421127216446884,8.184956181590982,44.37327448662413,6.441014284634595,2.0495248320554977,,4.231263689350006,,9.570740368445666,
None,4.5493690221849565,0.3669328445715233,3.343295092268816,0.0314283740114854,3.343295092268816,0.0314283740114854,100.0,100.0,350.0,2.4941236329588015,2.5424448938826467,2.449277715355805,607.3808343979804,305.123757156365,421.359459712372,74.10654104071745,63.773034025327256,52.354639031509734,0.001551512700596539,0.002475722524834928,0.002792105101688766,18.363125693221534,22.27986455306075,22.004272815857323,,,,1.3871395511707927,0.06306962197546907,6.37844744278856,0.10358671652028988,9.833081406089919,0.1252065068021868,10.679289059120533,2.700459660767873,6.115767028810769,6.855342939403308,33.64417957285481,3.4652398135208387,4.375409916503444,,15.217766983427738,,11.392849003212202,
None,4.435752807207896,0.3001596497697785,3.3944830054127872,0.14164699191875046,3.3944830054127872,0.14164699191875046,100.0,100.0,350.0,2.3238360923845196,2.3770317602996256,2.2670747191011236,745.6693114165704,270.8526118220087,621.371924422418,71.38837591991557,58.627663301111994,45.3159758764901,0.001332284348948998,0.0019130430006855362,0.004486925083199761,16.984569341177195,15.640708190459703,21.84730406087651,,,,5.5351181957512345,0.05415790036378041,0.5426041715637878,0.08004364019604754,1.6625434574494882,0.20120740283407001,9.65725167890741,2.4977307854672346,16.660734823997313,4.812525597064524,2.1461536342648766,3.4405203245474816,0.5470083379092602,,5.921704247718144,,3.583030050021064,
None,4.400334771093384,0.4296480822187444,3.51069779551933,0.08165338167074374,3.51069779551933,0.08165338167074374,100.0,100.0,350.0,2.3300918601747815,2.379712559300874,2.2742026217228464,732.8721042099119,355.61337436517067,598.1161685377766,72.15621805163289,59.76926770906542,42.24486802355351,0.0013423743555448602,0.0018355727489782385,0.0033957033686671735,16.325799907953158,15.589143112083185,21.93632047027256,,,,5.28081869208205,0.05456806323353091,0.43043684933581655,0.07680220707021919,1.9821803463159817,0.15227369366220508,7.775309442634098,2.4008529276401704,9.419499804667899,4.796659419102519,5.808477395625729,3.454538656735836,1.6284761290604095,,7.9842235032798845,,10.117302077545729,
None,4.33628325784173,0.4347752460819585,3.6072575752058555,0.1816293456315032,3.6072575752058555,0.1816293456315032,100.0,100.0,350.0,2.2006077153558055,2.2565972534332084,2.113663283395755,643.6749999303951,371.1222549835861,661.8257024421741,69.27900358687229,53.52877547557539,37.00322780322218,0.001064801694625056,0.002193894185447726,0.0061689899765550345,16.326329793750364,19.130635968301053,20.996965274777683,,,,10.544401814804655,0.043284621732725855,5.581704877271621,0.09179473579279188,5.216893121266584,0.2766363218186114,5.3419117749419005,2.4009308520221126,14.19146307187265,5.886349528708016,4.224520069633722,3.3066087046893986,2.4239386100390248,,3.2903785445792497,,21.26972807825068,
None,4.349164511185191,0.3986570904814801,3.3789890165529464,0.06321661924213737,3.3789890165529464,0.06321661924213737,100.0,100.0,350.0,2.424444631710362,2.5011710611735327,2.3788207240948815,669.5581421900264,353.38941894157495,449.9539154970992,72.14766489804195,56.22544316991876,49.75544616126248,0.0015447958264583669,0.0028269614867385646,0.00261525920800047,17.161186564349276,16.60958742630973,22.77994522342367,,,,1.4453401743755245,0.06279657831131573,4.651508835712661,0.118282907394919,6.673575071519353,0.11727619766818251,1.5355673249961195,2.5237039065219524,8.735205828176905,5.110642285018379,29.141115669748153,3.5873929485706566,1.616429433861905,,1.581649810151329,,5.862651406941454,
None,4.427664296752667,0.35796797174879874,3.493853080882798,0.15353328010727502,3.493853080882798,0.15353328010727502,100.0,100.0,350.0,2.2676384144818975,2.319392709113608,2.1987959550561795,741.5084585425118,292.7712021805445,660.5169187638325,71.04517669702355,54.00824465928083,43.62598998400235,0.001209130517351213,0.0020231445886365424,0.006652239819638003,16.17235157729619,37.9102733507423,21.212580347824,,,,7.819576647077335,0.049151647046797274,2.95427995340553,0.08465040119818168,1.39928452662872,0.2983067183694172,9.04536155036938,2.3782869966612044,9.916553175217079,11.664699492536093,4.018412403753142,3.3405638343029924,0.06362915073739388,,2.4241288901882108,,7.178744714888611,
None,4.390577520766488,0.3124318264097198,3.440186935448914,0.08759579556467928,3.440186935448914,0.08759579556467928,100.0,100.0,350.0,2.356267016229713,2.4090273657927592,2.28517074906367,708.3295226905648,401.06379180258216,525.6660078604957,72.57247131219394,61.859669503218655,38.527901927533776,0.0013583657316740057,0.0018115691892054224,0.007062080584941115,17.073412988912487,20.857378790384807,23.52676615291458,,,,4.216787958141746,0.055218119173740074,0.7961240917472426,0.07579787402533149,2.474024621689244,0.31668522802426524,4.166106278024231,2.510796027781248,23.40424363156374,6.417655012426094,17.217951518032173,3.7050025437660756,2.2147483270337185,,11.760920511686816,,18.02574057971537,
None,4.520262182279893,0.4124599607344013,3.4755358563083987,0.16931764426140408,3.4755358563083987,0.16931764426140408,100.0,100.0,350.0,2.2612481398252187,2.3098792634207244,2.192561722846442,765.9903915269056,353.1668538910919,719.3571537453747,73.24578486625137,59.97896583134958,38.3749497506515,0.001203803829709999,0.0018805551259595754,0.00639691335943281,15.217653356840966,39.751539536427394,25.915773295768766,,,,8.079343909543955,0.048935115028861755,3.3523320744466845,0.07868431489370609,1.6788465091281697,0.2868571013198569,12.64564581278023,2.237890199535436,8.666724274182116,12.231242934285353,13.28459114100389,4.081224141065948,3.16307727641038,,8.363081899457239,,18.351170743294677,
None,4.396551311531491,0.4257746921999549,3.5926897465813648,0.13515783088570185,3.5926897465813648,0.13515783088570185,100.0,100.0,350.0,2.235923620474407,2.2863455056179776,2.157801036204744,688.4147956190108,372.82101935118624,694.7539473411273,72.01853417585227,55.36942731299878,38.714002392415765,0.0011454452740224145,0.0019966292282947566,0.005979687015215559,17.229879439461136,23.830231817367906,20.736980831519315,,,,9.10879591567451,0.04656281601717133,4.337008133139019,0.08354097189517809,3.237621694854521,0.2681473997854511,1.2374699439721706,2.533805799920755,14.714159800364998,7.332379020728587,9.41007044742162,3.265666272680207,1.4345551772567138,,0.0350990298080925,,17.62978214379625,
None,4.382784383483978,0.4308835747783727,3.469550999111579,0.09003789744247674,3.469550999111579,0.09003789744247674,100.0,100.0,350.0,2.3405329588014983,2.3919194257178527,2.2842738701622975,737.3773566825126,389.1321031467344,557.7640889595144,70.96948610710254,63.54073404648488,50.657105755530296,0.0012885213849799179,0.001908510261902655,0.004363441073639143,16.377250266043777,16.903940010063558,21.06979197830702,,,,4.85638378855698,0.05237891808861455,0.08031069949173765,0.07985398585366757,2.4338058368743303,0.19567000330220374,8.43784657095774,2.4084191567711435,19.73295481437981,5.201212310788787,12.163135596926862,3.3180774768987433,0.04297731394008448,,14.79807415805759,,7.781076075596374,
None,4.474715078002125,0.30557824341819306,3.641228350843766,0.07574306234456432,3.641228350843766,0.07574306234456432,100.0,100.0,350.0,2.2709957927590514,2.3141292009987517,2.1966099126092384,696.9449600446135,290.0272480285883,621.6822117485057,68.88790229983388,56.665685687831406,36.1176340486703,0.001250828086508091,0.0019473538740555141,0.006128170025982743,15.908846134564019,18.102045370785483,28.003224351022176,,,,7.683097855323113,0.05084667018325574,3.174510418462275,0.08147924159228091,1.4973133359085895,0.274805830761558,2.491905888913747,2.3395361962594143,10.760846760434369,5.569860114087841,2.0972894884243045,4.409956590712154,2.974785493191715,,2.3770292463078673,,23.153970109212132,
None,4.516971465618951,0.4985329244219137,3.386235153566139,0.1875675470908068,3.386235153566139,0.1875675470908068,100.0,100.0,350.0,2.2944540574282146,2.345343470661673,2.235111548064919,814.0556091096131,299.19690075937706,739.112468235513,75.91562980410089,60.958659869218025,50.568514920007914,0.0012092131291455155,0.001774955545767463,0.004138213515576417,15.919530708785121,16.01115817210715,21.55502378207782,,,,6.729509860641682,0.0491550052498177,1.8684740308923513,0.07426592241704866,0.22921740201430904,0.18557011280611735,19.7140601631784,2.3411074571742825,7.939415150960905,4.926510206802201,16.395664289057166,3.3944919341854836,6.923422259297025,,10.133080161188841,,7.592584936187051,
None,4.43342325282028,0.46328900489093705,3.5201424161639556,0.13043918906631885,3.5201424161639556,0.13043918906631885,100.0,100.0,350.0,2.273075193508115,2.322978539325843,2.2059594881398255,758.3698762559966,288.7771754600103,695.8998509774915,73.41778112696461,60.478307162685255,41.667888857596296,0.001183818184417597,0.0018892119359045028,0.006108915665866701,15.471601723661829,29.73515546790807,23.30892431776336,,,,7.5985693695888274,0.04812269042347955,2.804245216491926,0.07904652451483275,1.0780498592006516,0.2739424065411077,11.524981802352439,2.275235547597328,11.14548447384298,9.149278605510174,9.590527712990786,3.6706967429548594,3.405325530936074,,9.265234259593953,,11.3449173242632,
None,4.479909400044104,0.420398404323962,3.5775415151480967,0.07019910485571856,3.5775415151480967,0.07019910485571856,100.0,100.0,350.0,2.309156304619226,2.3529289263420723,2.2496892883895128,732.5972192997808,448.40480319746587,600.7027529909475,73.73436421760115,60.32198645913948,40.278916977302856,0.0012359662524078735,0.0019404242051205502,0.0042982497156374665,16.85712796650041,23.246527016023155,25.872967888896568,,,,6.131857535803817,0.05024253058568592,1.551090948030453,0.08118929728537866,0.8829277304714253,0.19274662401961734,7.734885191144238,2.478989406838296,37.97070867614334,7.15277754339174,5.401141261268112,4.0744831321096955,3.8512172078889497,,8.982812030965636,,14.300176644036476,
None,4.535315004290529,0.40830950208003175,3.403113782449307,0.16648527409603717,3.403113782449307,0.16648527409603717,100.0,100.0,350.0,2.296501235955056,2.3451574282147316,2.236253383270911,789.7438721818883,315.52510669067567,704.0094369398252,71.1970966130325,59.940118196164725,45.64305359421718,0.0012137565017356765,0.0018242542661736911,0.004473029388923108,16.038731959643766,25.63137343665724,21.845512174883957,,,,6.646291221339182,0.04933969519250717,1.8762582336932432,0.07632863038383644,0.28042077448031716,0.20058427753018424,16.138804732630625,2.3586370528887888,2.915351787484409,7.88657644204838,10.867627864539394,3.440238137777001,0.2776008634260558,,8.292896470035634,,2.887120012303875,
None,4.367925174963016,0.4547519708497389,3.6550398669871713,0.03726649537517143,3.6550398669871713,0.03726649537517143,100.0,100.0,350.0,2.352521897627965,2.3992715730337077,2.296553233458177,698.2639546712704,385.8814235784064,565.698717470379,75.33523025336211,60.991799707360606,43.17744685007383,0.0013707158328796175,0.001989632635053997,0.004902842456848794,18.021346091946413,13.76874587914569,21.039163085359018,,,,4.369028551708732,0.05572015580811454,0.38793192609655336,0.08324822740811703,2.9844499308599595,0.21985840613671723,2.6858756869515332,2.650197954698002,18.732745716432735,4.236537193583289,10.913587799940307,3.3132540291903965,6.10595810332692,,10.192953400832167,,8.133091808353557,
None,4.344482471341299,0.3264065764006541,3.7953666269938164,0.067359476360596,3.7953666269938164,0.067359476360596,100.0,100.0,350.0,2.21818975031211,2.2611540324594257,2.132884357053683,611.151634345241,291.35786826516494,606.6056205918685,67.292900169268,53.23964723799632,39.76261068239632,0.0011801718889967027,0.002103683399170386,0.005177839667018803,17.278942239149433,24.304682912626905,23.503747268201128,,,,9.829684946662196,0.04797446703238629,5.391044666969641,0.0880202259067107,4.354961567099423,0.23219011959725575,10.124759655111626,2.5410209175219753,10.351425149180018,7.478363973115971,4.471555812304173,3.7013775225513585,5.221267367228177,,3.8127421174411538,,15.398700675752508,
None,4.44405910366818,0.4965554946155014,3.6309771189352578,0.09677938308411081,3.6309771189352578,0.09677938308411081,100.0,100.0,350.0,2.2521396379525593,2.2974709862671663,2.179573945068664,727.5315192812757,312.6889925207568,654.614508888905,72.84400304980412,58.685980619283846,41.32852538620875,0.001165328813579154,0.001854825234641032,0.005999930242676056,15.923498555613962,16.17783216647443,20.70449694551664,,,,8.449608213310595,0.04737108998289244,3.8715068507461856,0.07760775040339045,2.261258068669766,0.269055167833007,6.9899293060699526,2.3416909640608767,3.788002301305596,4.977794512761363,3.0888990376228334,3.260550700081361,2.5971873940903034,,6.027065256158708,,12.066967263385632,
None,4.488894236463219,0.4650050182794947,3.722692993080559,0.15587025445632116,3.722692993080559,0.15587025445632116,100.0,100.0,350.0,2.1546617852684147,2.201029900124844,2.0646313732833956,501.8994887858718,258.6839190354259,709.9534197039178,71.82068241455909,53.3515586792612,32.67655349365771,0.0010865074476655568,0.002185166581753544,0.006539586883873879,16.62184129339213,19.26824665253262,26.602742736825206,,,,12.412122550064442,0.04416696941729906,7.906698739546277,0.09142956409010644,7.415633485049523,0.2932550172140753,26.191251649136493,2.444388425498843,20.404947989099725,5.928691277702345,11.80368814234926,4.189408305011844,1.1558907247311088,,3.6105534250023466,,30.475418098600624,
None,4.415816084655507,0.3189612859003465,3.3670469614034073,0.15120093542505764,3.3670469614034073,0.15120093542505764,100.0,100.0,350.0,2.331615006242197,2.3869195380774033,2.275409700374532,752.0761027826557,393.6850354663845,609.4625318274979,74.31109161274651,58.60682700306205,39.31978653120868,0.001258014221386619,0.0020140667594101213,0.004467714562291593,17.104734426877467,19.87490714603097,21.44769971033756,,,,5.218902185276535,0.05113878948726093,0.12888962019233519,0.08427057570753646,2.036309433835514,0.20034594449738083,10.599426879802301,2.5154021215996276,21.13385706657984,6.115356044932606,4.0216485311027,3.37759050556497,4.663509313727477,,5.884059626128365,,16.3408797208326,
None,4.30591832028225,0.3517768012671203,3.6656586976456165,0.1264346451242222,3.6656586976456165,0.1264346451242222,100.0,100.0,350.0,2.2107504744069915,2.261883520599251,2.1253993757802747,621.0486547553922,281.40042120943156,607.5519716943205,69.72887686493105,52.41113271872531,35.78330296587346,0.0011551880905967997,0.002190956318571335,0.006324640492538905,17.65686945842703,24.69213478506036,25.872906042798263,,,,10.132094536301159,0.046958865471414625,5.360522150658963,0.09167181249252448,4.690610951557187,0.28361616558470426,8.669315477148198,2.5965984497686807,13.4152550124826,7.5975799338647265,4.3225241426266905,4.074473392566656,1.7903142747449963,,5.309606650902781,,23.865312838567103,
None,4.321100568516558,0.4155573594550841,3.709690111177961,0.08022352583522567,3.709690111177961,0.08022352583522567,100.0,100.0,350.0,2.240973108614232,2.288430736579276,2.160899550561798,657.2373540240669,236.25627230589606,625.9416475151867,69.68155532645764,54.893400052343296,33.881910399470996,0.0012303721792360964,0.0020300780974565405,0.005083122347312997,16.507835004466305,26.69918874821724,21.951592240981658,,,,8.903532170153163,0.05001512923723969,4.249759975762507,0.08494050616972973,3.098674862699638,0.2279427061575335,3.347447937637218,2.427622794774457,27.305762367416598,8.215134999451458,1.4265122023328074,3.4569436599971115,1.8569643289329003,,0.8249321547546625,,27.910828937295754,
None,4.500691857191368,0.5080967913645605,3.335180382857862,0.10442406452117926,3.335180382857862,0.10442406452117926,100.0,100.0,350.0,2.3789905243445695,2.4271691760299627,2.3265095380774037,757.6903617555927,366.0342553585675,493.9193576790372,76.09284743019766,66.43566677267185,51.24768390002698,0.0013397877536084272,0.0018500566397342375,0.0020883543548356,17.64201023313909,14.46681524491167,27.483723700589955,,,,3.29306811607441,0.0544629168133507,1.5551956497892305,0.07740822760394299,4.327781976565189,0.09364817734688789,11.425053199351865,2.594413269579278,12.625924725713082,4.451327767665129,22.217423987553197,4.328145464659835,7.173024549574176,,20.028304919009667,,9.037625319206334,
None,4.462511052082916,0.4489377640979584,3.7814330205818045,0.04743645237795813,3.7814330205818045,0.04743645237795813,100.0,100.0,350.0,2.259631323345818,2.2985766292134833,2.1877260174781523,691.7043263796945,213.7629662912372,642.4652003335898,70.63932777406578,56.39993418940022,43.84918737358127,0.0011978102923947498,0.0018877237280903905,0.006290298720624805,15.730451488111063,15.008986061460499,22.972596957869616,,,,8.145068156674071,0.048691475300599585,3.8252456396032155,0.07898425640545567,1.8956942834909267,0.28207617581277156,1.7212244676021355,2.3133016894280978,34.22677960269625,4.618149557372461,1.1756220997779199,3.6177318043889155,0.5079890506115823,,1.8969000711837734,,6.703856651954738,
None,4.389688379930498,0.31344871509003075,3.329406564660515,0.05932800736811014,3.329406564660515,0.05932800736811014,100.0,100.0,350.0,2.452156554307116,2.5286118102372033,2.4087363920099873,638.6907006504407,317.7672388511037,406.47187534605916,72.84945967868737,54.717679695797955,44.412803265152846,0.0015643662014884951,0.002758425972170552,0.0028984005660253457,18.624319508948645,13.1779890737899,30.17083626825272,,,,0.3188392558082827,0.06359212201172744,5.79965733210055,0.11541531264311934,8.015084843497192,0.1299731195527061,6.0748969631704846,2.7388705160218594,2.225464968891174,4.05476586885843,35.988681047864695,4.7513127981500345,2.604872786883616,,1.1424034402927672,,5.504673903930115,
None,4.310138828212291,0.4010652948494052,3.485412309373693,0.14497436857505175,3.485412309373693,0.14497436857505175,100.0,100.0,350.0,2.28476265917603,2.3413529962546815,2.2195988264669166,743.9200415025609,336.62666817812345,624.9446566764868,70.41055600915723,57.704026583279415,42.99538217495387,0.001273899837092315,0.0020408138722666437,0.006212485985585686,16.421622319484513,41.910364807316924,22.722204358084696,,,,7.123469139185773,0.05178454622326484,2.0354394872518244,0.08538970176847882,0.46642033780642783,0.278586815497116,9.400006103317784,2.4149444587477227,3.577436362499524,12.895496863789823,1.5835186336241214,3.5782998989109758,0.8302028040038973,,4.252983890297043,,8.520463457544961,
None,4.325732139868441,0.34909414102895897,3.6806317808350775,0.10706250654434517,3.6806317808350775,0.10706250654434517,100.0,100.0,350.0,2.221337528089888,2.2699502372034956,2.1389864918851433,621.6395601759291,185.5999838995441,631.9817493957473,70.52216489311134,50.21551230742385,36.92756203144913,0.0012174685343048816,0.0022004288942531593,0.004964661574845419,16.75791036536486,13.816834971049678,23.653012356048166,,,,9.701726500411059,0.04949059082540169,5.023002627468807,0.0920681545712619,4.081323233850074,0.2226305638944134,8.582417621186899,2.4643985831418913,42.89231264629412,4.2513338372460545,0.47531505578782224,3.724883835598136,0.6730071928009326,,9.276400528592866,,21.43071908202313,
None,4.495922916471814,0.45902083204916067,3.427909503030707,0.11245455357972992,3.427909503030707,0.11245455357972992,100.0,100.0,350.0,2.328113970037453,2.3756159925093634,2.2717307740324597,767.8015703650026,385.70779941103814,628.5951109606926,73.02816299516286,60.583550817944285,41.79352032847032,0.0012377957097603465,0.0016788575862603172,0.003474519125019297,16.813035469917285,22.20945324929767,27.62099839070195,,,,5.361220730184831,0.05031689877074579,0.6018413175998631,0.07024508729122665,1.8713351584062659,0.1558080325120761,12.911995641912146,2.472505216164307,18.679322895704043,6.833677922860822,1.00864394319801,4.349763526094795,2.856567598820928,,9.455376364849656,,11.07761632240357,
None,4.456027344951857,0.47044338870192337,3.6788240638788148,0.11748146932178594,3.6788240638788148,0.11748146932178594,100.0,100.0,350.0,2.206992359550562,2.2528408739076156,2.123977465667915,636.6728995976523,281.35757994627375,687.8448184369014,70.16843709329541,56.36237157965582,34.242425000682914,0.0011329096612536288,0.002031890803003657,0.005646098581687388,16.256920772191275,45.59489347355579,25.970356650120426,,,,10.284863432903988,0.04605323826234264,5.738875568719019,0.08501635159011116,4.754373736864802,0.25318827720571246,6.371632412109955,2.390723642969305,13.428436939608078,14.029197991863322,8.322018651480533,4.089819944900855,1.1712153615557612,,1.8290362776076243,,27.14377659429167,
None,4.333542474057469,0.3733447675958828,3.696770172543001,0.17619132370927176,3.696770172543001,0.17619132370927176,100.0,100.0,350.0,2.1598709987515603,2.2126217353308366,2.0623569288389514,547.7610604393968,237.37169007891694,599.5372901035383,69.07782491351844,53.910585028183164,34.75926906523765,0.001095733887058555,0.0022098841847170833,0.00619585325489394,17.782270524654926,32.770042790173456,22.244921390920993,,,,12.200365904408116,0.044542027929209554,7.421684714190942,0.09246377341912482,7.517626509464063,0.2778409531342574,19.44690287655929,2.615039783037489,26.962556898794787,10.083090089284141,5.58467872385223,3.5031372269166923,2.707288854199379,,2.600569054772968,,26.044108371834778,
None,4.4656592178255625,0.48441479381432795,3.731047852115818,0.18453929073164665,3.731047852115818,0.18453929073164665,100.0,100.0,350.0,2.1349997627965043,2.184835780274657,2.051076042446941,472.2579218602623,163.60325422776586,591.1102811014746,71.35214489932133,55.70685092076262,33.48891948962975,0.0009981992880503123,0.00217186047472218,0.007021542401295884,19.61952130718414,25.41731600720447,24.171472938494183,,,,13.211391756239662,0.04057720683131351,8.584276975955781,0.09087282321013304,8.023495854397254,0.3148673722554208,30.550305608784956,2.8852237216447265,49.660537160687426,7.820712617601375,6.911766755673294,3.806531171416407,0.49597873143849464,,0.6447171106822364,,28.7469798092984,
None,4.452242522721087,0.338946113308934,3.3156851428147265,0.13871007725014411,3.3156851428147265,0.13871007725014411,100.0,100.0,350.0,2.3631346941323343,2.417658451935081,2.3119197752808986,742.1917443760257,354.5831941857893,598.7228405271796,70.75213575141572,62.71469825516464,50.48383768070829,0.0013211485297187546,0.001890530904402082,0.0025890321453080098,17.515546713403587,18.220443223239382,21.450080856327794,,,,3.937614059661204,0.05370522478531523,1.1572574031414684,0.07910171148125865,3.6735325238071153,0.11610009620215289,9.145844761180246,2.5758156931475864,9.102521287935168,5.606290222535194,5.712938499656749,3.3779654891854793,0.3491045754708146,,13.305687904543161,,7.412420597251683,
None,4.35862235531777,0.39396160697734783,3.770731046703049,0.12270149544360122,3.770731046703049,0.12270149544360122,100.0,100.0,350.0,2.1627771785268415,2.2097316604244694,2.0679701872659177,495.14696797957146,140.87876035946425,579.3214216244774,69.7133132403945,50.31915096931182,32.19835024874085,0.0011364079502266444,0.0020919666260589137,0.009012511114550025,17.244244760410954,25.379003268079128,37.34877179869269,,,,12.082228515169044,0.04619544513116441,7.542608350440613,0.08752998435392943,7.265910884936424,0.40414848047309526,27.184269414768902,2.535918347119258,56.652689120164844,7.808924082485885,8.768280059137425,5.881696346250817,1.8122348726838051,,9.08915814035805,,31.49287181118968,
None,4.512420765958738,0.5017081452968684,3.437540370268512,0.1459583732775452,3.329406565,0.059328007,100.0,100.0,350.0,2.2949811111111114,2.3436916853932583,2.2349475530586767,793.9746892888691,326.56857515308866,736.930220255773,75.26617098459513,60.165870517434485,49.07599545761176,0.0011947663532628,0.0018387951302140438,0.004633040120158008,16.118484663237687,22.41516911875607,27.869814534234564,,,,6.708084914182463,0.0485677379375122,1.9375863852193214,0.07693703473698928,0.22186336585994026,0.20775964664385688,16.76098371895133,2.370365391652601,0.48263850864266433,6.896975113463405,16.052003189885504,4.388947170745601,6.008691527598781,,8.700759742429057,,4.417011611939916,
None,4.535315004290529,0.4083095020800317,3.403113782449307,0.1664852740960371,3.329406565,0.059328007,100.0,100.0,350.0,2.2952283770287143,2.345135168539326,2.2369550811485643,788.1194311856157,330.4955024207697,700.4657040645399,74.7397546142495,59.72198884817616,45.67979379397053,0.0012039930907906656,0.001764229365136234,0.003807901131155678,16.941443042074795,16.205543251292116,23.660485526652682,,,,6.698033454117303,0.048942808568726244,1.877189600865025,0.07381712824837798,0.3118870470208232,0.17075789825810217,15.899916350825833,2.4913886826580582,1.6909238217752913,4.986321000397575,10.309559695203127,3.7260607128586902,5.267260020069727,,7.89880550709333,,2.808949374530783,
None,4.361450384595038,0.4395212431871705,3.7153392000412326,0.044998027157211,3.329406565,0.059328007,100.0,100.0,350.0,2.3035150936329587,2.3476960674157303,2.2408344694132336,701.8799755866318,422.42056309557057,598.6269544117013,69.81204319229732,57.627107858157615,43.1552156794976,0.0012590643440555012,0.0019907742565267047,0.0055246874345410485,16.706027658886395,18.533051475309847,26.705219510885893,,,,6.361175055570783,0.05118147740063012,1.7700390202623342,0.08329599399693324,0.4858506463333465,0.24774383114533846,3.217643468622317,2.456768773365646,29.975557875560177,5.702477377018414,5.728038675322636,4.20554637966707,1.6731786023981354,,4.1140160038981275,,8.1803921712817,
None,4.400334771093384,0.4296480822187444,3.51069779551933,0.0816533816707437,3.329406565,0.059328007,100.0,100.0,350.0,2.32968556803995,2.3795217852684143,2.271460337078652,734.3997409965162,380.370132605269,575.5386416797146,72.7270527858365,59.38894563189143,44.6538147411372,0.0012637919956137058,0.001975818104946074,0.005325913115254131,16.985283223098488,21.009190809282973,21.24980595884885,,,,5.2973346325223485,0.05137365835828073,0.43841902642618547,0.08267021359607003,1.8592079407467235,0.23883018454054397,7.999961911252389,2.497835768102719,17.036963878544313,6.4643664028562995,9.363993436265417,3.3464261352517877,2.4324687124457824,,7.29710141263131,,4.991883529495326,
None,4.435752807207896,0.3001596497697785,3.3944830054127872,0.1416469919187504,3.329406565,0.059328007,100.0,100.0,350.0,2.3229347565543073,2.3771430836454432,2.2653219350811487,744.9026725721081,422.4597427462613,613.4565019954355,71.8139043453387,62.11221171829264,45.8814728912012,0.0013182859977675968,0.001969678743918587,0.005408863131544399,16.94241854285445,36.63975828852117,22.657533816419704,,,,5.571757863646045,0.053588861697869784,0.5379462909856435,0.08241333656563127,1.5839432771815547,0.24254991621275332,9.544510672368846,2.4915321386550664,29.987613152695793,11.273771781083438,3.392676851112524,3.5681155616408984,1.1463441483643646,,12.217184676228799,,2.3798449123378753,
None,4.495922916471814,0.4590208320491606,3.427909503030707,0.1124545535797299,3.329406565,0.059328007,100.0,100.0,350.0,2.3275988514357056,2.375669026217228,2.2712834082397,766.8765562242684,418.7754348638611,628.6739678635057,73.9261910976455,64.19870455428747,48.47267444604672,0.0012414120706481944,0.0020347678738769637,0.00345636864995359,16.80626794606473,29.2480827611169,21.239048228195596,,,,5.382160510743676,0.05046390531090222,0.5996223340071936,0.08513673112455915,1.8512739120941806,0.15499410986338968,12.7759641506277,2.4715099920683423,28.853979958111108,8.999410080343662,0.9962255333061876,3.3447320044402518,4.1213959121767605,,15.986819429606996,,3.1333498852057815,
