sc_r,sc_eps,oc_r,oc_eps,sos_ktheta,so_kr,D_11,D_11H,D_14,BM_T11H,BM_T14
4.5,0.22,3.45,0.06,100,350,2.513764769,2.584204794,2.437099451,52.88702758,41.52927661
4.5,0.22,3.55,0.085,100,350,2.426643171,2.474423458,2.337677653,47.01063631,30.28795152
4.5,0.22,3.65,0.11,100,350,2.349953246,2.410498165,2.2307103,51.10372301,34.50643078
4.5,0.22,3.75,0.135,100,350,2.278320849,2.332799888,2.159026355,50.30607853,31.62964564
4.5,0.22,3.85,0.16,100,350,2.210743745,2.260725181,2.093800462,48.60420198,34.06395249
4.575,0.265,3.45,0.06,100,350,2.498639189,2.560938152,2.417580599,49.42235793,40.86295456
4.575,0.265,3.55,0.085,100,350,2.415214669,2.471036217,2.323346429,48.56106823,36.46520946
4.575,0.265,3.65,0.11,100,350,2.340435381,2.395252447,2.224879938,52.16528571,33.93142197
4.575,0.265,3.75,0.135,100,350,2.270870562,2.320722834,2.155443995,48.32478283,36.35104948
4.575,0.265,3.85,0.16,100,350,2.204712684,2.251189176,2.091615044,46.46057928,34.7656456
4.65,0.31,3.45,0.06,100,350,2.481741848,2.465873608,2.361082509,28.06971251,35.86910538
4.65,0.31,3.55,0.085,100,350,2.401751773,2.415773745,2.306991061,50.1889623,39.96194005
4.65,0.31,3.65,0.11,100,350,2.329253021,2.378196155,2.210808177,51.11414228,34.13061051
4.65,0.31,3.75,0.135,100,350,2.261760424,2.306644157,2.142280449,49.0578648,33.54672561
4.65,0.31,3.85,0.16,100,350,2.197015968,2.238993783,2.083432522,49.08482377,31.3133125
4.725,0.355,3.45,0.06,100,350,2.463112247,2.496546692,2.37568412,50.12081122,30.38216438
4.725,0.355,3.55,0.085,100,350,2.386265194,2.42775819,2.290640836,48.79126734,35.22361454
4.725,0.355,3.65,0.11,100,350,2.316520949,2.356064869,2.18593392,46.90256446,34.89618231
4.725,0.355,3.75,0.135,100,350,2.250853109,2.289942622,2.133034657,50.79327897,37.69977963
4.725,0.355,3.85,0.16,100,350,2.187724707,2.225199413,2.078193546,48.25370435,35.69316526
4.8,0.4,3.45,0.06,100,350,2.4421704,2.408901199,2.349936255,43.32958375,27.69868886
4.8,0.4,3.55,0.085,100,350,2.368882047,2.375421698,2.232792297,42.56818997,33.75101231
4.8,0.4,3.65,0.11,100,350,2.301989114,2.28908613,2.159895094,28.23072262,31.14353697
4.8,0.4,3.75,0.135,100,350,2.238298352,2.27095402,2.113109363,50.61554326,37.98665399
4.8,0.4,3.85,0.16,100,350,2.176769613,2.208692197,2.064736579,48.372572,32.89170226
4.2,0.04,3.15,0.015075,100,350,2.913244557,3.083783408,2.725708015,46.19450701,32.62391075
4.2,0.04,3.25,0.03005,100,350,2.757471835,2.901120911,2.546919313,52.90292053,33.2610258
4.2,0.04,3.35,0.045025,100,350,2.646642984,2.762351673,2.499312459,50.49120025,29.88764352
4.2,0.04,3.45,0.06,100,350,2.555606941,2.560918127,2.491979825,35.27859618,44.64160918
4.275,0.085,3.15,0.015075,100,350,2.88285799,2.957049526,2.711874057,45.69572,34.4520076
4.275,0.085,3.25,0.03005,100,350,2.739284682,2.874746479,2.553920699,57.93205248,37.85190745
4.275,0.085,3.35,0.045025,100,350,2.634371698,2.743739825,2.536236392,51.01217956,37.75027845
4.275,0.085,3.45,0.06,100,350,2.547128589,2.567523321,2.440560549,44.36763565,38.11455206
4.35,0.13,3.15,0.015075,100,350,2.840794981,2.937279263,2.66902412,47.19255328,40.01295008
4.35,0.13,3.25,0.03005,100,350,2.720705518,2.849847665,2.547968502,56.10236644,53.21542548
4.35,0.13,3.35,0.045025,100,350,2.621349613,2.724294819,2.510687041,52.77070251,36.40675922
4.35,0.13,3.45,0.06,100,350,2.537846729,2.628463658,2.468527228,47.9694549,41.61100095
4.425,0.175,3.15,0.015075,100,350,2.790108727,2.94373829,2.618300599,48.02840343,36.78626655
4.425,0.175,3.25,0.03005,100,350,2.700696504,2.822796429,2.532895655,55.11734743,54.14741341
4.425,0.175,3.35,0.045025,100,350,2.606575331,2.690526117,2.442373233,56.39454544,34.08533308
4.425,0.175,3.45,0.06,100,350,2.526557715,2.605005069,2.451963021,53.64429294,43.56572396
4.5,0.22,3.15,0.015075,100,350,2.759386866,2.825017853,2.607493446,32.40290452,50.56798609
4.5,0.22,3.25,0.03005,100,350,2.678627591,2.79045236,2.507523233,58.90846011,49.89935721
4.5,0.22,3.35,0.045025,100,350,2.58987633,2.594811136,2.417539114,31.07128118,39.76739582
4.5,0.22,3.45,0.06,100,350,2.513631248,2.590168302,2.437929426,49.47470068,41.68964057
4.2,0.04,3.583333333,0.093333333,100,350,2.426745556,2.514601111,2.340525393,45.55540404,35.54909042
4.2,0.04,3.716666667,0.126666667,100,350,2.319027853,2.384249413,2.20077417,45.09632412,32.98810845
4.2,0.04,3.85,0.16,100,350,2.221732135,2.271763858,2.109396092,40.82498293,31.98801188
4.3,0.1,3.583333333,0.093333333,100,350,2.420743159,2.501806005,2.332076667,45.32845478,36.09341522
4.3,0.1,3.716666667,0.126666667,100,350,2.315809713,2.381302447,2.203539476,43.64972857,33.88952464
4.3,0.1,3.85,0.16,100,350,2.220571598,2.276017903,2.108497665,46.36426008,32.20651246
4.4,0.16,3.583333333,0.093333333,100,350,2.412055156,2.482585019,2.32170764,48.45634081,33.11782393
4.4,0.16,3.716666667,0.126666667,100,350,2.310020674,2.371597591,2.196157703,47.27687235,34.45477495
4.4,0.16,3.85,0.16,100,350,2.217115131,2.270191548,2.096043558,41.74227622,30.92910949
4.6,0.28,3.183333333,0.020066667,100,350,2.68467181,2.770613034,2.532146692,52.87298381,53.25191873
4.6,0.28,3.316666667,0.040033333,100,350,2.590736442,2.590566604,2.429483371,53.62888955,42.38738149
4.7,0.34,3.183333333,0.020066667,100,350,2.644965406,2.727072484,2.498200799,38.57308788,51.67289014
4.7,0.34,3.316666667,0.040033333,100,350,2.559426529,2.633091935,2.383083034,49.35280573,45.86414752
4.8,0.4,3.183333333,0.020066667,100,350,2.604219438,2.571354919,2.461838414,40.77313947,41.6139986
4.8,0.4,3.316666667,0.040033333,100,350,2.521283396,2.560905506,2.352747104,46.93615079,46.48013559
4.544017104,0.183734657,3.658130606,0.152256239,100,350,2.301252335,2.358315069,2.190142347,49.40921317,34.90832682
4.553424271,0.325612265,3.780589492,0.140535679,100,350,2.253306979,2.302626654,2.133178864,52.49996253,34.58149401
4.488699498,0.301521563,3.751599288,0.021561935,100,350,2.52133769,2.533855131,2.433894844,51.0863473,29.6763773
4.77259229,0.294096718,3.569694063,0.112071613,100,350,2.342913633,2.37021985,2.234175131,45.254123,32.04936631
4.37489748,0.334119152,3.156918222,0.057065942,100,350,2.643601074,2.751040911,2.482954145,56.99152787,38.77887822
4.783425252,0.26020483,3.615604502,0.038971308,100,350,2.452796579,2.420649713,2.273236966,47.76022468,36.34830528
4.226967468,0.079139662,3.367913372,0.058133487,100,350,2.592575331,2.70214568,2.484491536,47.06651699,41.82683174
4.210088897,0.173473633,3.284830568,0.100989908,100,350,2.545981373,2.580792896,2.485428589,49.25288746,44.95134759
4.505659169,0.381354241,3.342620453,0.091422667,100,350,2.491855231,2.49838995,2.41640593,50.81002608,41.89325127
4.306565825,0.225563779,3.445611862,0.080069822,100,350,2.498832971,2.555471673,2.42501196,48.85563175,46.54147487
4.335313481,0.144464938,3.451558898,0.06268995,100,350,2.531081223,2.620911623,2.459621136,46.69553637,34.42518257
4.687037901,0.107953735,3.259638791,0.121801936,100,350,2.490221748,2.564960225,2.416565868,47.06050546,41.63438667
4.465728609,0.045133137,3.377699997,0.134244924,100,350,2.458048439,2.561338552,2.382974207,44.7395679,37.35417473
4.796812374,0.369714404,3.136983437,0.110062903,100,350,2.484851311,2.474407528,2.403070225,50.51876285,43.38184237
4.56369203,0.250989636,3.211772654,0.12755002,100,350,2.501123383,2.576678552,2.4310503,52.40321288,46.80410549
4.402335983,0.148998817,3.488942185,0.159678432,100,350,2.382242809,2.457541174,2.290035905,48.84845888,34.95325325
4.274920672,0.391665679,3.839945874,0.007279822,100,350,2.661439263,2.766216067,2.48904422,55.21396594,46.1107523
4.727115621,0.10407792,3.729453947,0.083525025,100,350,2.339011823,2.390317703,2.210202459,38.67186941,34.51195287
4.223696044,0.277683517,3.296486445,0.107133169,100,350,2.52951824,2.625328015,2.465887665,48.62071828,44.26498089
4.761070087,0.194813146,3.654233616,0.015179784,100,350,2.567115081,2.54248367,2.373975293,37.88190124,41.46224083
4.448692943,0.091503271,3.309232676,0.076765921,100,350,2.559380212,2.655088464,2.44365372,48.52898429,40.74372904
4.267560531,0.243564842,3.794360986,0.027812529,100,350,2.497633059,2.551100836,2.411617366,49.47572438,37.73365033
4.437379238,0.350303973,3.552043499,0.086822927,100,350,2.425333945,2.489552022,2.336880624,50.73325235,40.59306695
4.580170317,0.33907281,3.064450961,0.102730972,100,350,2.567505743,2.626617191,2.453568539,59.79204651,32.11381796
4.31659002,0.137650782,3.123387026,0.050893976,100,350,2.701388277,2.828116417,2.553263546,54.81009245,46.82086938
4.657135344,0.188877245,3.084943128,0.046046283,100,350,2.658029151,2.767456841,2.501932559,57.63083924,50.26036971
4.358259182,0.307029763,3.760813387,0.042501061,100,350,2.441397603,2.463543508,2.348902672,48.21791993,35.29349649
4.455506614,0.274759677,3.678987073,0.06484786,100,350,2.410029139,2.473241948,2.314622422,45.23659538,35.38303363
4.641724381,0.120011842,3.53228301,0.128248604,100,350,2.373963945,2.411340674,2.277735194,40.19949603,35.80151529
4.327518664,0.116050493,3.388035151,0.034579197,100,350,2.647191835,2.756233121,2.464796916,51.44468773,36.90385188
4.671541006,0.167419338,3.076890886,0.120495593,100,350,2.551049638,2.546166604,2.440510849,49.3179132,36.95207854
4.618163825,0.127093172,3.805816457,0.069680843,100,350,2.336866192,2.38975829,2.212070949,48.34631246,32.94235481
4.254430683,0.348224907,3.414206907,0.095435098,100,350,2.491399988,2.576237653,2.417638664,47.10992546,42.82347313
4.350212735,0.266806535,3.327047827,0.142464338,100,350,2.46759608,2.538828777,2.394228489,47.65971095,41.65116487
4.603824874,0.085519847,3.23153491,0.036428467,100,350,2.677075056,2.791585293,2.498427878,53.17488337,45.15908847
4.741731612,0.063716446,3.184567334,0.156669548,100,350,2.49330824,2.573541311,2.424945194,47.0925737,41.0407396
4.532250849,0.374687422,3.470717149,0.13572948,100,350,2.390531011,2.455231298,2.300350499,46.08860433,39.13367168
4.483409552,0.398233576,3.433712375,0.052939992,100,350,2.526029151,2.601707203,2.449975181,50.21586292,41.33532328
4.405584682,0.288710231,3.529913001,0.017121348,100,350,2.65391618,2.758004157,2.464081835,52.23731477,39.71095142
4.695248596,0.213937818,3.113301372,0.115896245,100,350,2.530203571,2.52601628,2.41587623,30.51071683,38.5341208
4.290406378,0.36305264,3.204007665,0.079632696,100,350,2.595629076,2.692608252,2.53673608,55.2037374,47.34693776
4.38960429,0.057212355,3.71768669,0.024478813,100,350,2.555803458,2.616737054,2.479157041,46.6784424,42.65930425
4.517400413,0.319501847,3.501845723,0.144872951,100,350,2.37329563,2.437539376,2.277300237,49.19292199,30.92979612
4.707622135,0.073332509,3.253712128,0.002915607,100,350,2.895699101,2.930501386,2.592126754,45.20175841,30.22952648
4.246045403,0.234670579,3.173918926,0.003435473,100,350,2.959560899,3.008238277,2.64886608,37.58274599,32.79394584
4.631521152,0.228292119,3.591312119,0.030992877,100,350,2.521897004,2.563417603,2.391287803,47.92964815,31.44985376
4.653548999,0.207123807,3.820952686,0.071389004,100,350,2.317595868,2.363580275,2.186633134,50.08076198,33.89591496
4.425798071,0.202134612,3.608223022,0.149897885,100,350,2.334558477,2.399552035,2.22660427,49.15734808,35.62526514
4.737000447,0.048330588,3.630276913,0.097904403,100,350,2.371094644,2.351304032,2.268064944,29.69965926,33.48515961
4.590617872,0.159502603,3.691708863,0.012706639,100,350,2.617298177,2.707636754,2.440261885,53.15883325,40.36283386
4.617613454,0.340063814,3.661130467,0.110495681,100,350,2.327322734,2.377179863,2.209164919,54.89081942,35.37400568
4.333767809,0.311313718,3.457076515,0.098264456,100,350,2.461855643,2.526832759,2.382306167,47.85620891,37.88636378
4.477951387,0.3099887,3.390118626,0.060208793,100,350,2.533305119,2.561614407,2.408984544,54.15860784,41.75488545
4.601441631,0.170634831,3.306936941,0.068205087,100,350,2.545096841,2.610978277,2.430502871,55.17409785,39.71001
4.457352185,0.3027663,3.607803609,0.121237182,100,350,2.357539351,2.420990262,2.256695169,54.98351781,34.9258678
4.743100341,0.243310445,3.145988842,0.10200781,100,350,2.519461873,2.508990499,2.398973833,34.67048206,41.15921898
4.79941,0.3966994,3.6514697,0.114572905,100,350,2.296969938,2.330991248,2.175740162,48.75190696,32.44341453
4.279137,0.34988853,3.2422378,0.093613744,100,350,2.561727828,2.64259035,2.500279014,60.27563716,42.86257181
4.646228,0.2899699,3.2230704,0.12624323,100,350,2.481229788,2.461364145,2.36760387,50.88078512,38.02990778
4.7710786,0.047386765,3.2359207,0.057025366,100,350,2.610166479,2.707095418,2.43701623,45.53412573,37.23585196
4.468645,0.06618245,3.3669822,0.12240486,100,350,2.47235392,2.555336067,2.39876191,41.93642415,40.87950829
4.4962425,0.3881491,3.5503647,0.00559661,100,350,2.714763283,2.819168727,2.55692035,44.92249177,51.82317398
4.522021,0.3766643,3.5520666,0.058506228,100,350,2.462788727,2.453492322,2.377106767,43.9737867,35.43408196
4.4617496,0.16623498,3.6302967,0.11823335,100,350,2.354096492,2.418280811,2.251750911,49.61762539,32.48050715
4.4902377,0.09897135,3.7203133,0.01828806,100,350,2.581241998,2.584886729,2.413150175,38.88628025,36.4420173
4.247417,0.12826791,3.7235994,0.060805257,100,350,2.419981423,2.458128377,2.32481382,42.484324,35.07469236
4.64216,0.31082588,3.7492075,0.08394386,100,350,2.322837216,2.369128252,2.190213596,49.36699857,34.94647893
4.371107,0.17731376,3.1529343,0.03278648,100,350,2.735262921,2.870806654,2.55054005,60.48049524,36.81270839
4.3408537,0.083347365,3.4755263,0.15790755,100,350,2.395387803,2.475355493,2.306308814,48.3890507,39.02966269
4.5563364,0.14074485,3.4328985,0.05430054,100,350,2.535436829,2.493833958,2.461613134,29.77021217,40.41123015
4.7427735,0.29065716,3.3944278,0.13475668,100,350,2.393762672,2.437733383,2.304594981,46.36028724,42.61489375
4.640996,0.09017995,3.5014682,0.013015271,100,350,2.701934931,2.816201223,2.509308502,50.05141132,47.40393731
4.23118,0.2649674,3.58252,0.10225291,100,350,2.411111011,2.484024644,2.320870936,44.53377089,38.37898812
4.5120244,0.37555507,3.549809,0.12229385,100,350,2.37333985,2.427349476,2.277225356,48.27232409,37.11177111
4.4847355,0.1385264,3.7340438,0.08531594,100,350,2.351251673,2.411686055,2.237267004,48.76216516,32.85831613
4.734532,0.18863147,3.746143,0.002948189,100,350,2.70116,2.73424231,2.513772809,42.39773714,22.07329816
4.6434746,0.1833109,3.794249,0.08496124,100,350,2.308693496,2.356291848,2.174707253,47.59129722,33.19782202
4.2615895,0.14406063,3.1980493,0.040493112,100,350,2.708901473,2.836984045,2.53203407,53.55377207,40.86567552
4.2705836,0.079511225,3.202816,0.091659516,100,350,2.596291798,2.700457066,2.543517503,51.03153479,43.71987527
4.7985206,0.34740013,3.281493,0.082838215,100,350,2.470290612,2.445369875,2.342579388,45.55381222,37.19239463
4.2998614,0.23850608,3.3804924,0.15964933,100,350,2.435636217,2.527853421,2.356904082,48.07926924,39.62634199
4.533519,0.1597003,3.6276596,0.04312555,100,350,2.485662397,2.556069301,2.352748914,50.07456551,34.51082709
4.5493636,0.206827,3.6692758,0.02090782,100,350,2.558239288,2.552363508,2.376141985,25.46508674,29.83421041
4.477201,0.21748465,3.6206362,0.1255734,100,350,2.34748231,2.410076404,2.2444103,52.59789157,34.09518267
4.371726,0.29024833,3.785914,0.058127355,100,350,2.385960712,2.437538252,2.282527428,41.15698287,33.96566668
4.679065,0.1364828,3.7716286,0.059772898,100,350,2.366349838,2.41769563,2.239392285,41.70274995,31.22962416
4.316574,0.22603025,3.842891,0.13859126,100,350,2.244445481,2.301180799,2.131813208,48.35729938,34.71571989
4.5398107,0.23358116,3.094139,0.07934597,100,350,2.606759501,2.685569101,2.478332409,56.20655671,37.89921935
4.781792,0.37462795,3.3178515,0.07756687,100,350,2.465941885,2.438600899,2.312691024,45.72897719,41.03164443
4.619386,0.350607,3.3076475,0.13442522,100,350,2.442977703,2.450993958,2.363238052,46.6554316,41.7755274
4.7804737,0.18345886,3.313624,0.1465366,100,350,2.420972572,2.42468181,2.33629965,44.10405283,39.2490208
4.2239046,0.24026422,3.5373533,0.079038136,100,350,2.467458215,2.54865965,2.386714157,44.44313084,39.57616375
4.6732836,0.08196807,3.525219,0.071675055,100,350,2.45710186,2.466739526,2.371228102,42.41206616,38.0430341
4.6329846,0.17502217,3.7234836,0.005613409,100,350,2.675683596,2.70703573,2.521121898,33.31725342,47.72473515
4.2493353,0.20586157,3.7200038,0.14765604,100,350,2.296672409,2.362272609,2.183543708,46.69564513,32.66260145
4.6798215,0.29016888,3.7649348,0.029583015,100,350,2.444890886,2.462231898,2.275795181,43.56714769,33.60906057
4.771497,0.379359,3.7846007,0.03872461,100,350,2.380130737,2.397951273,2.224424145,46.65062559,33.20388232
4.5073915,0.21472055,3.1976323,0.08564274,100,350,2.566609488,2.572064132,2.502043221,34.28355273,48.21279108
4.5355954,0.042277545,3.1648755,0.06536395,100,350,2.648523358,2.761642135,2.458797366,53.73045595,38.52897461
4.4913044,0.21406089,3.3347292,0.050695997,100,350,2.582925106,2.623158165,2.462789788,55.81564849,48.03635037
4.791515,0.1458706,3.2545583,0.12701938,100,350,2.464770162,2.493563596,2.385252422,52.89171284,44.08645609
4.6105714,0.09929926,3.429963,0.03615691,100,350,2.592798027,2.627535468,2.424064594,48.19508727,48.88637283
4.340714,0.3692793,3.646728,0.009751372,100,350,2.686918851,2.799890524,2.521489213,58.76193257,51.92867757
4.318298,0.36122754,3.778562,0.012422368,100,350,2.607476529,2.610918839,2.432247316,39.01779313,42.61107299
4.296181,0.10834061,3.665731,0.10084805,100,350,2.371447041,2.443671985,2.268632809,47.99714863,31.96005085
4.7831173,0.18769094,3.714706,0.086636305,100,350,2.324249288,2.333626454,2.188118277,39.09776426,34.52509427
4.541202,0.1748606,3.7653527,0.14059742,100,350,2.264236367,2.316336767,2.143160062,49.38608957,31.92550444
4.691851942,0.223496105,3.476449983,0.127493684,100,350,2.382286754,2.435075768,2.287766055,45.21042978,31.42136406
4.512338636,0.334790264,3.705841922,0.127501424,100,350,2.30223995,2.357124632,2.184700874,49.4615496,34.57940321
4.512338645,0.334790349,3.705841922,0.127501424,100,350,2.302595968,2.357240237,2.187367129,49.080395,35.80312648
4.691858307,0.334789689,3.500168062,0.080468752,100,350,2.418782385,2.442821698,2.327645131,42.0025939,36.17795046
4.5123406,0.334791354,3.705844715,0.127368568,100,350,2.302461386,2.35722638,2.188650749,49.85267777,33.36462573
4.691858307,0.334790097,3.47644149,0.080468752,100,350,2.427935843,2.475265293,2.33756799,49.85743773,31.66789571
4.691857344,0.223495809,3.476438881,0.080168058,100,350,2.438999513,2.42012407,2.351481261,41.10122665,36.87363847
4.512338514,0.223536996,3.476445138,0.080167788,100,350,2.463080325,2.467776816,2.380687041,50.42285107,39.11832104
4.512340701,0.334777775,3.658576728,0.127252489,100,350,2.323132821,2.379854245,2.20683397,49.66618976,33.12060821
4.512338446,0.334791498,3.52579389,0.127488601,100,350,2.379056629,2.429126192,2.28546618,43.47737954,39.82100646
4.523739,0.19429211,3.1983902,0.15570356,100,350,2.492363458,2.572150537,2.423990974,49.36867295,41.42856125
4.3967123,0.35020784,3.4186614,0.004132785,100,350,2.813905206,2.844583945,2.677328727,39.02383117,49.10153395
4.4446797,0.05420892,3.4077277,0.07432122,100,350,2.527967566,2.61979764,2.46028804,46.23348523,45.67179326
4.2974086,0.38523746,3.5024917,0.066775635,100,350,2.496455144,2.57125774,2.419961635,53.86888857,44.52433103
4.3298764,0.09756361,3.5202882,0.043622494,100,350,2.557118464,2.59783427,2.488605006,44.93051542,37.27453006
4.2928834,0.16839465,3.4937534,0.14631718,100,350,2.398362409,2.47731799,2.309409263,54.3275099,40.60742801
4.3610325,0.22926126,3.6933143,0.03375533,100,350,2.505477166,2.582741223,2.421881024,50.71683229,40.21443654
4.209177,0.34706545,3.6354308,0.14506693,100,350,2.342371785,2.415861199,2.231990312,50.87352557,32.52334148
4.676564,0.05277969,3.6896358,0.08167881,100,350,2.372660986,2.34052804,2.256076954,36.04474491,32.88559111
4.760402,0.34939605,3.7710052,0.14765637,100,350,2.22680362,2.263159838,2.106973171,47.8400376,34.6383851
4.498573,0.39488235,3.2193618,0.022464596,100,350,2.674874906,2.791360387,2.515807004,55.85035041,49.80836188
4.2811766,0.120403275,3.2718892,0.1501721,100,350,2.494175181,2.588799426,2.42763975,42.62763059,44.35881837
4.4936857,0.28707692,3.2549527,0.055233654,100,350,2.594296467,2.665943034,2.423264407,60.41036542,37.42004854
4.6032043,0.1650227,3.2379344,0.11961015,100,350,2.501943383,2.579573021,2.432208115,48.86595365,44.87202249
4.372389,0.3338892,3.5048828,0.017894335,100,350,2.659667029,2.766254719,2.491053084,56.42077031,47.91320907
4.3770685,0.32780695,3.6094303,0.082648344,100,350,2.414705306,2.471021036,2.322851923,44.37343768,36.48471272
4.693992,0.14907128,3.4194853,0.14324632,100,350,2.398189838,2.45669397,2.310327753,41.907881,41.42107847
4.3565226,0.33205113,3.7079763,0.07587847,100,350,2.384969625,2.449250549,2.286521273,48.62955693,41.8157593
4.7963905,0.15458332,3.5016851,0.016122773,100,350,2.614736292,2.705776255,2.43001774,49.19512011,39.18821869
4.6004767,0.14488989,3.657701,0.12945147,100,350,2.319538265,2.376038489,2.203129251,48.86879593,31.9754234
4.51233826,0.334760503,3.7058457,0.080167776,100,350,2.362143633,2.416669788,2.258615293,47.92764386,32.75110744
4.512338128,0.223558122,3.476439178,0.127485527,100,350,2.404014544,2.474221411,2.315732572,44.69979648,29.92311216
4.691837945,0.334791536,3.476439455,0.127494661,100,350,2.373977129,2.42090382,2.279899488,49.19801264,32.30457733
4.5145568,0.334787397,3.705772483,0.080167756,100,350,2.362010437,2.406767815,2.253119888,45.49633211,35.31826334
4.512338458,0.33479151,3.476448029,0.127485805,100,350,2.39962593,2.46360975,2.31030206,49.41373008,40.07157453
4.691453408,0.334530501,3.476439355,0.081308763,100,350,2.426820137,2.463863733,2.337869938,52.86475185,30.2350391
4.512361395,0.223538183,3.476439005,0.080167907,100,350,2.463413171,2.52233784,2.381691436,47.06509752,36.01922084
4.512338085,0.334791422,3.476439134,0.080167757,100,350,2.456988589,2.517633396,2.374129563,50.47284492,41.47172644
4.512375432,0.334787547,3.705772483,0.080604658,100,350,2.361568739,2.407109164,2.25285166,44.93202832,34.73184224
4.51233826,0.334791002,3.705844271,0.080167762,100,350,2.362161348,2.410868452,2.239576692,42.89901875,33.48804683
4.295262,0.32362565,3.1289618,0.049917135,100,350,2.685438764,2.806904357,2.523172622,57.52380716,46.93870292
4.3234468,0.11814443,3.3423014,0.027432708,100,350,2.700750787,2.823337965,2.521957491,53.83422427,49.76802374
4.696238,0.340077,3.1175938,0.121682875,100,350,2.50695,2.562629226,2.416758302,54.95732184,46.87121445
4.699713,0.3659726,3.1616702,0.07713025,100,350,2.536989713,2.557532622,2.417952572,55.76193849,36.83959264
4.362187,0.36103868,3.5740016,0.07403733,100,350,2.445427965,2.49802402,2.359518027,49.36873131,42.19853915
4.528998,0.18272783,3.4526482,0.10501469,100,350,2.439100524,2.507089763,2.355850549,46.886057,40.46422769
4.7389355,0.12882178,3.454863,0.012412483,100,350,2.670211161,2.68509598,2.510459463,45.16348685,42.0328101
4.696755,0.21802098,3.59072,0.048873115,100,350,2.455499388,2.503133945,2.365351311,50.11026758,33.02199225
4.7601314,0.19406642,3.5648432,0.1318143,100,350,2.335960562,2.381528814,2.219599064,46.02126015,34.05380205
4.7419615,0.13259006,3.8498352,0.022135621,100,350,2.461881423,2.440113371,2.296283308,35.25885771,31.96558595
4.3947906,0.1971692,3.1666596,0.020418577,100,350,2.777656767,2.887358951,2.590285568,57.78671312,32.08334734
4.235398,0.31315362,3.2654662,0.14161131,100,350,2.504628215,2.598013496,2.438865293,47.95782947,43.03726092
4.5439863,0.04245787,3.1800797,0.060287975,100,350,2.65270613,2.766901536,2.492981111,50.96172532,35.07960328
4.4925647,0.2248274,3.351489,0.13816713,100,350,2.447743983,2.486305131,2.369420612,49.53550419,40.83254149
4.711199,0.049918212,3.1832852,0.15243767,100,350,2.505093596,2.552190474,2.4373001,50.41594365,40.46925844
4.644722,0.39867488,3.4289136,0.13614601,100,350,2.38883387,2.437779675,2.296968639,50.24494663,30.73749548
4.5396333,0.2588037,3.5518088,0.05349059,100,350,2.478695531,2.476784195,2.393986642,47.6046458,40.56000775
4.291853,0.22513156,3.7260334,0.14148127,100,350,2.297215905,2.361596517,2.182450662,47.04410748,38.31278736
4.4213815,0.2780287,3.8377917,0.08840417,100,350,2.30078975,2.35547824,2.169333358,52.52390915,31.46250845
4.4721365,0.26742423,3.8095489,0.10997133,100,350,2.280146854,2.332510474,2.157918464,49.08359304,31.05138591
4.4802012,0.3782131,3.1883245,0.14437015,100,350,2.500165218,2.535486779,2.431636629,45.95463584,43.35527833
4.3014646,0.18620546,3.3962092,0.02887933,100,350,2.663990961,2.777820087,2.499664969,47.67908487,47.34889198
4.370277,0.28974512,3.4989681,0.09704197,100,350,2.442414357,2.514893109,2.357704657,48.70064877,39.99794432
4.426889,0.25475666,3.4813783,0.004790664,100,350,2.78995839,2.843823995,2.60932794,46.24979105,41.10885061
4.574704,0.28624624,3.409327,0.02666524,100,350,2.610113795,2.700593271,2.427860537,53.78947194,41.85981585
4.584481,0.32228157,3.4117866,0.05953789,100,350,2.507566005,2.567567253,2.429098265,52.1362894,42.35006787
4.6534514,0.3526109,3.4454918,0.13914014,100,350,2.380867316,2.432284107,2.289107203,45.9974773,29.46906653
4.5757875,0.26342615,3.6176903,0.093651414,100,350,2.37465025,2.430147203,2.274978165,45.66306631,30.83963949
4.615802,0.3936036,3.7365985,0.12168964,100,350,2.282078964,2.328300824,2.15691377,48.25612272,36.92701576
4.6855946,0.23704691,3.6883376,0.15801762,100,350,2.267657104,2.313674719,2.149639488,52.47249594,34.46963847
4.451063,0.36339167,3.068741,0.10745674,100,350,2.583673446,2.675529888,2.524296916,55.41892795,48.89070036
4.7205563,0.113314755,3.104789,0.039772574,100,350,2.680764994,2.779371523,2.516089351,50.03026918,50.51889906
4.7373753,0.1107199,3.3164594,0.009391954,100,350,2.740246417,2.822856742,2.589264732,30.36918962,43.14854172
4.3357,0.05360103,3.2641842,0.14342803,100,350,2.505017391,2.602893184,2.441083883,44.41342756,44.54334449
4.338,0.14630888,3.3833613,0.13423322,100,350,2.456324382,2.523758639,2.379986292,44.45262485,39.73165786
4.572176,0.20567292,3.458492,0.09656294,100,350,2.440768102,2.50503377,2.356077116,45.96903914,33.05541864
4.452213,0.12073773,3.5135865,0.06659673,100,350,2.487325818,2.565482222,2.40813975,48.41534828,40.03478066
4.656955,0.23805906,3.5775042,0.028356588,100,350,2.532205531,2.599424657,2.361472472,53.26980448,44.79102406
4.769458,0.06669541,3.7389088,0.04134065,100,350,2.435686479,2.422417066,2.315825268,35.68248318,32.66548414
4.202676,0.09062533,3.7679198,0.08407015,100,350,2.353947016,2.422638402,2.229579975,44.87129106,33.0907427
4.347369,0.3243235,3.2572477,0.0573268,100,350,2.610032147,2.708739988,2.498678752,56.50401034,47.54392085
4.440769,0.28290814,3.2316427,0.13746715,100,350,2.499640237,2.581199613,2.431742022,50.49555716,41.28486798
4.3264217,0.11982819,3.3912313,0.03181284,100,350,2.657603733,2.768976367,2.465139176,52.34872294,34.23625093
4.358798,0.36751038,3.40928,0.06286112,100,350,2.535077228,2.602534432,2.464006679,53.67566195,45.18547646
4.707752,0.048688717,3.412177,0.026476575,100,350,2.651538502,2.750441885,2.479721448,47.97174768,44.78335876
4.216014,0.28872895,3.5731966,0.114118196,100,350,2.401411311,2.497270712,2.310832909,43.59484496,33.01268468
4.8,0.04,3.4298804,0.16,100,350,2.391326117,2.467727915,2.303372409,44.60163834,34.71332293
4.66272,0.19291879,3.537951,0.12879516,100,350,2.361960961,2.422662409,2.23923613,44.28125482,35.33548268
4.3299417,0.1664417,3.6664648,0.0167082,100,350,2.626170649,2.718630562,2.539150362,52.94443609,32.84605002
4.239229,0.30488354,3.7139,0.07910521,100,350,2.386416155,2.464815081,2.286972272,43.68427563,37.5657907
4.3039117,0.2965177,3.1128864,0.023184594,100,350,2.778546005,2.875587965,2.600427403,60.6804884,39.48036847
4.431342,0.058099616,3.1469862,0.012023381,100,350,2.886199413,2.891788964,2.726091848,44.04193664,49.12402537
4.6683927,0.110405244,3.1436846,0.088301,100,350,2.577503271,2.598476167,2.421128265,28.68685377,33.64647226
4.475465,0.21661928,3.5271573,0.07989297,100,350,2.447529825,2.514871448,2.362031099,45.21851022,36.58906151
4.6051188,0.094560154,3.4869766,0.04411859,100,350,2.544022097,2.545991885,2.46992774,27.432281,42.79865525
4.333149,0.10606298,3.6344647,0.112882,100,350,2.368665818,2.439061973,2.267012984,47.2453929,30.59659087
4.8,0.039999995,3.481866,0.15776928,100,350,2.370283034,2.43660613,2.241574032,45.428149,36.96228698
4.7633677,0.044449586,3.531367,0.106569394,100,350,2.402559413,2.473948614,2.309725418,39.36212165,37.23076666
4.8,0.039999995,3.557682,0.16,100,350,2.335136717,2.395267965,2.212077828,46.43491736,32.65547415
4.4886913,0.062736474,3.797571,0.088424705,100,350,2.321133208,2.373569338,2.189964257,44.26426293,31.09893158
4.200656,0.250501,3.0993748,0.08800423,100,350,2.640182035,2.753557104,2.497280237,58.90326501,33.62415575
4.714875,0.04414414,3.0674858,0.054045573,100,350,2.694740961,2.817560424,2.509778602,55.54696375,39.82771839
4.526005,0.1500341,3.1060193,0.10415622,100,350,2.582816929,2.618283196,2.422242484,49.7488904,32.98915324
4.722143,0.0655282,3.313498,0.005696441,100,350,2.825363958,2.770620162,2.673332085,38.16754042,45.21611353
4.587258,0.35613623,3.4497364,0.050448015,100,350,2.510101323,2.578241411,2.38454402,48.76669806,34.62754078
4.2022824,0.11881792,3.613416,0.1379967,100,350,2.356663046,2.432219064,2.25483397,52.1596184,32.14810115
4.2830987,0.35517126,3.6635525,0.05888178,100,350,2.445939538,2.518229001,2.358184794,45.44539456,41.98860245
4.558476,0.041883618,3.6856318,0.14219059,100,350,2.305532347,2.362887378,2.191090687,43.01107315,34.55295837
4.7413616,0.29627457,3.6754668,0.14650989,100,350,2.272461049,2.31415367,2.145825443,50.83542186,34.19803379
4.7767377,0.37402046,3.788482,0.06514908,100,350,2.315210412,2.331570537,2.173079351,47.52752882,34.91571465
4.691856959,0.334790007,3.476439168,0.080168513,100,350,2.428355081,2.421907591,2.339309388,44.16784965,31.65211874
4.512338675,0.223516773,3.476439291,0.127451515,100,350,2.404159014,2.467068739,2.315308027,47.50994354,34.93086233
4.512338137,0.334788814,3.476439046,0.080167752,100,350,2.457069213,2.504775618,2.373760861,48.30374911,39.48682088
4.512360144,0.223505985,3.476439415,0.127487932,100,350,2.403967865,2.476160462,2.316128851,44.64772914,34.09345631
4.691856959,0.334790007,3.476439168,0.080168609,100,350,2.42846362,2.45109432,2.338959189,47.83384034,38.31240044
4.512338685,0.334786195,3.476441382,0.127492081,100,350,2.399728514,2.462662884,2.310119863,46.14657032,34.99159407
4.512360144,0.223505985,3.476439414,0.127487932,100,350,2.404071086,2.4598803,2.315228714,48.37807056,40.89821976
4.512338122,0.223502163,3.476439874,0.080172212,100,350,2.463549513,2.520996941,2.381331723,49.4678283,42.08392625
4.51326842,0.223505985,3.476439414,0.127487932,100,350,2.403960949,2.460039288,2.314974919,47.39125436,33.23069025
4.63964833,0.3347911,3.476439152,0.080177226,100,350,2.437367865,2.491334182,2.347107228,46.95999554,27.00305424
4.223098,0.2727621,3.087603,0.016465962,100,350,2.825730137,2.960136404,2.649847753,49.78313882,43.63335428
4.414129,0.31139088,3.1731503,0.056238357,100,350,2.634188614,2.738040237,2.509861635,52.86310372,35.46831089
4.574314,0.28042975,3.1557944,0.060982123,100,350,2.602885593,2.66780367,2.431113009,58.79757987,42.07720411
4.3938246,0.37200645,3.243462,0.083611295,100,350,2.558492984,2.628967703,2.493469725,57.09452156,45.98694467
4.332112,0.22044979,3.312898,0.06484735,100,350,2.580291086,2.584260449,2.51838638,41.49145047,39.48222054
4.517791,0.08756159,3.421355,0.15378083,100,350,2.41199015,2.499977578,2.326013233,45.38709105,41.57430839
4.5032706,0.38169628,3.5373547,0.13090958,100,350,2.371051336,2.410778227,2.276180799,37.61557285,35.17878981
4.309126,0.105348095,3.5810592,0.14730291,100,350,2.35775171,2.431777104,2.25718417,52.34504718,35.35428699
4.462603,0.15337266,3.5755336,0.12199899,100,350,2.374788627,2.442861773,2.276225119,52.71997401,33.06758551
4.3724613,0.34694937,3.7996035,0.09953286,100,350,2.306007266,2.363963995,2.182132684,52.65462172,37.00742323
4.517210663,0.228222664,3.476439579,0.082175231,100,350,2.459349076,2.459577728,2.377034557,42.08603862,33.32081018
4.516472561,0.337022011,3.695909667,0.128447731,100,350,2.30542216,2.360274544,2.189791024,51.94502419,36.80762081
4.690138479,0.337021378,3.476439024,0.082216485,100,350,2.425687903,2.442265418,2.336443246,42.66883075,31.76729511
4.516468239,0.228225631,3.476438952,0.128447988,100,350,2.402390075,2.472094332,2.31337176,44.76319676,34.6099004
4.690140877,0.337022031,3.695909984,0.128441498,100,350,2.284808677,2.328541673,2.161457441,50.98766414,34.90426321
4.690130834,0.228587273,3.476449636,0.082307666,100,350,2.435245655,2.490655868,2.347109688,50.69016438,30.08908064
4.599179142,0.337008648,3.695909654,0.128448266,100,350,2.296109039,2.345678839,2.175204881,49.31991849,33.86710558
4.685933013,0.228216929,3.476440011,0.082216051,100,350,2.435998414,2.368866105,2.318295456,23.54306729,33.53762432
4.68961077,0.337021568,3.695823824,0.126091797,100,350,2.287265256,2.330829151,2.166758552,50.56049531,36.81391798
4.516469058,0.228433937,3.476439048,0.08219151,100,350,2.459375893,2.524118502,2.376840337,48.37719624,34.68269834
4.523868985,0.33904467,3.483296859,0.083966437,100,350,2.446653371,2.509723134,2.361440849,48.58495671,40.45799232
4.523883227,0.339040234,3.697447514,0.084004377,100,350,2.358088789,2.409672347,2.225058577,44.59151687,33.87501739
4.52388361,0.234069069,3.48363349,0.086101048,100,350,2.449155256,2.51168829,2.365070687,49.66396341,37.67545037
4.523883035,0.339045659,3.483297231,0.129213317,100,350,2.393664145,2.444930474,2.303820911,49.2197629,39.9664403
4.52388361,0.232529521,3.483297152,0.129270492,100,350,2.397809925,2.469866392,2.307722097,41.67366671,41.65545685
4.692919583,0.339045058,3.483319885,0.083975374,100,350,2.419772809,2.393401598,2.329338215,45.13488644,33.66219954
4.523869377,0.339044875,3.697444789,0.129243725,100,350,2.303117441,2.357600774,2.181346916,50.05929813,37.91964046
4.524666649,0.246087129,3.483297709,0.129270492,100,350,2.396914744,2.470177803,2.306221523,42.10651808,42.50844411
4.52386863,0.339045575,3.657684985,0.083965411,100,350,2.375075119,2.422444057,2.275251898,47.06190509,31.43117203
4.523868357,0.339044879,3.580370547,0.126204099,100,350,2.356264594,2.405310886,2.255646529,49.82358342,33.37774063
4.525099402,0.343259753,3.488370452,0.130026617,100,350,2.390456729,2.453958602,2.299222896,51.70398753,37.54978051
4.525102717,0.24660221,3.500032933,0.126442022,100,350,2.392760924,2.444205031,2.30074181,46.92437208,36.1506783
4.689610389,0.250749815,3.488370407,0.08559992,100,350,2.423713758,2.430846592,2.333953933,50.25724464,31.23211176
4.525099319,0.238013348,3.488464474,0.085599706,100,350,2.447651798,2.503255181,2.362582722,47.40520746,33.73976713
4.525100489,0.280759988,3.503187486,0.129281963,100,350,2.387205793,2.437133608,2.294505343,49.79679044,37.96192082
4.525099662,0.343259488,3.48837024,0.085616706,100,350,2.44198176,2.464962547,2.356261935,50.60874534,39.71620699
4.689645031,0.34324858,3.48838015,0.110438556,100,350,2.386093258,2.43070231,2.292635593,51.80364095,34.82071676
4.525100489,0.320903177,3.502796525,0.129618525,100,350,2.385534607,2.456527453,2.293082722,44.68795477,34.22164807
4.689615388,0.238001828,3.488394389,0.085599414,100,350,2.424850212,2.474543583,2.33527206,46.99787783,29.66553058
4.689642907,0.343258622,3.488370281,0.085602604,100,350,2.415772147,2.464567491,2.325155119,46.96008464,30.425124
4.685241165,0.337899628,3.494210747,0.087188192,100,350,2.41252397,2.444709638,2.321828489,49.67279154,40.74375218
4.53151744,0.345164051,3.488683213,0.130356245,100,350,2.38916417,2.441560911,2.296728227,44.99355516,35.57072786
4.529773156,0.345164051,3.488663998,0.130438344,100,350,2.389306579,2.442082934,2.297354881,49.37461355,35.96736861
4.690649961,0.241824289,3.48864792,0.086935627,100,350,2.422446979,2.459468552,2.333176854,49.50220626,40.88095832
4.690384885,0.241987845,3.490554782,0.091620135,100,350,2.415242697,2.447490549,2.324036966,49.44277365,41.09475738
4.690649961,0.24182385,3.488651634,0.086935526,100,350,2.422427116,2.447694806,2.33263563,49.00892792,43.60838221
4.690658831,0.34516254,3.488648149,0.086937576,100,350,2.41355608,2.459666604,2.322331136,51.81220569,35.31974673
4.52954548,0.345164051,3.488663998,0.130438344,100,350,2.389356954,2.439711223,2.290871174,49.63115425,35.52246013
4.690245022,0.34516254,3.488648149,0.088225918,100,350,2.412211723,2.450837129,2.300886916,52.05423555,40.7831962
4.690542554,0.34029189,3.48980085,0.086935426,100,350,2.413581498,2.445493745,2.302349888,42.89945156,35.84487683
4.6960387,0.348505464,3.488704163,0.130279246,100,350,2.365333071,2.412969451,2.26801613,45.83407631,31.71968679
4.565341622,0.246331264,3.488702505,0.087807627,100,350,2.438586742,2.496521223,2.351636792,47.21803292,39.3477953
4.696018839,0.348505736,3.488702498,0.08780009,100,350,2.411194444,2.442290075,2.320917179,52.76366639,34.48504553
4.536685088,0.246334814,3.488704018,0.087800137,100,350,2.442287615,2.50622563,2.357579526,45.92521252,41.07628148
4.691280824,0.347969125,3.489651167,0.130330012,100,350,2.365532722,2.402289825,2.259747915,43.48985096,35.03798408
4.536657884,0.348479632,3.48870297,0.087800756,100,350,2.436869238,2.482148714,2.351027291,51.91091339,44.45753337
4.536658387,0.246382264,3.488712053,0.130331768,100,350,2.392366205,2.465970125,2.301977528,46.20462725,32.36380899
4.566643727,0.346478682,3.488702928,0.087800456,100,350,2.432434432,2.432056417,2.312416167,52.8338808,39.75910586
4.538570018,0.246334814,3.488703727,0.091163429,100,350,2.437260187,2.500742659,2.350543558,47.8558437,42.362879
4.536685088,0.275996492,3.490088243,0.087800136,100,350,2.440011348,2.500554045,2.354634994,50.45990123,41.7294549
4.539836614,0.350118157,3.488722692,0.130208704,100,350,2.387901336,2.446357129,2.296668689,41.95112186,36.25640839
4.539836132,0.350118275,3.677678839,0.130208755,100,350,2.308788052,2.362730624,2.198496841,52.56613553,33.64820718
4.695828644,0.350136893,3.488717377,0.13020344,100,350,2.365175181,2.402469838,2.259958377,52.68948612,35.72720043
4.539970469,0.350136778,3.677671545,0.130208053,100,350,2.308668352,2.362817216,2.197459663,57.15035107,34.91243198
4.695830503,0.249595641,3.488721085,0.088579514,100,350,2.418508365,2.411544444,2.328644195,48.75307825,35.46317316
4.539839601,0.249551349,3.488717287,0.088615243,100,350,2.440274082,2.485971186,2.355060537,50.6415302,40.09390857
4.539836149,0.350134477,3.677671545,0.130208755,100,350,2.308747079,2.362849938,2.186701473,51.97807116,33.77459683
4.695835551,0.350136875,3.488742545,0.088581474,100,350,2.410021598,2.43379216,2.319256792,50.64456069,34.43350031
4.539837669,0.350135835,3.660493081,0.129943346,100,350,2.316348627,2.37111402,2.20203628,50.80773998,36.86187988
4.539837965,0.35012039,3.540883449,0.129731503,100,350,2.366868789,2.415179426,2.270345905,45.55608359,36.43681605
4.542466178,0.353989327,3.493164788,0.090217579,100,350,2.430513059,2.490549451,2.343703446,49.39271791,39.2166894
4.542466072,0.35398892,3.678807454,0.131453001,100,350,2.306712247,2.360400225,2.18272975,52.35008018,32.54673891
4.546537173,0.254846943,3.493199524,0.090219494,100,350,2.435081336,2.442295243,2.348517903,49.0049208,35.77739607
4.542466072,0.35398892,3.678807454,0.131452949,100,350,2.306688252,2.360620737,2.195016267,51.38863894,38.16218382
4.542466093,0.353989377,3.49315957,0.131453116,100,350,2.384488901,2.435799763,2.292369039,47.84539109,38.47246388
4.542466197,0.25405567,3.493159489,0.090219494,100,350,2.435629738,2.424132559,2.349606629,39.84057589,32.30790686
4.542466317,0.353989166,3.51413005,0.131453001,100,350,2.375861473,2.426735755,2.282174994,47.02979619,37.10944808
4.54246617,0.353988826,3.585991144,0.131453089,100,350,2.346239763,2.403993783,2.243719051,55.80169507,36.27591473
4.542466182,0.353989385,3.609495146,0.131452735,100,350,2.336088577,2.392844045,2.231537341,51.44638854,33.89399134
4.542466217,0.35398748,3.64599225,0.131430454,100,350,2.320638352,2.375784819,2.191005218,54.7252203,32.76426018
4.542489085,0.357622108,3.679427813,0.132628628,100,350,2.305131136,2.358805643,2.193172784,49.24580638,36.45769519
4.542488504,0.258313414,3.49717369,0.091755766,100,350,2.431761036,2.48411598,2.315404806,49.63190586,39.7756016
4.5424881,0.357622109,3.679428395,0.132628977,100,350,2.305203333,2.358447665,2.172672297,53.07431066,33.96789343
4.54250886,0.357622178,3.679453595,0.091791874,100,350,2.351820325,2.394742559,2.227667765,47.87208775,35.43295235
4.542487967,0.357620698,3.497172339,0.091749229,100,350,2.426783421,2.456494669,2.338260025,49.95072666,35.27590377
4.542588766,0.258313898,3.497181863,0.132626585,100,350,2.385341648,2.438375218,2.294076704,44.56211628,39.93238417
4.623813727,0.259229874,3.49717369,0.091749322,100,350,2.42070613,2.460900936,2.300218027,48.61879805,35.91593485
4.69094873,0.357622054,3.497171952,0.091770575,100,350,2.403214944,2.4263704,2.311458414,51.60079732,28.94736847
4.616716703,0.262009261,3.497314736,0.091830393,100,350,2.421467491,2.477886517,2.331691336,48.13076409,40.07959692
4.557707518,0.258311502,3.497173683,0.091755766,100,350,2.429651948,2.439309838,2.34253839,43.30894804,40.71497244
4.677117391,0.261197734,3.499934758,0.092371561,100,350,2.410886355,2.422511723,2.320278851,47.85180779,38.99520109
4.544107451,0.260844109,3.499935936,0.092368459,100,350,2.429298777,2.425772272,2.342163745,29.5643088,39.43394294
4.689125261,0.261783007,3.500138533,0.092370843,100,350,2.409019301,2.457662085,2.308788502,45.75646092,34.59779591
4.544101263,0.358857325,3.678925052,0.132515481,100,350,2.305457266,2.358917016,2.192418652,53.07353859,34.81787879
4.566451867,0.268077514,3.677674262,0.092441877,100,350,2.351774544,2.413300599,2.229384644,41.09125359,33.11663806
4.544100905,0.358803078,3.499934226,0.092368459,100,350,2.424462572,2.473984245,2.336386117,46.06743707,39.19419471
4.688049037,0.358367466,3.500291728,0.092525535,100,350,2.401348876,2.396463783,2.308625331,48.51464618,38.81656745
4.544255287,0.260882184,3.678916746,0.095054977,100,350,2.350419613,2.412657104,2.243143558,42.75263084,34.90615732
4.544100742,0.358851675,3.499935577,0.13251558,100,350,2.380496492,2.446755818,2.287731823,45.58979787,33.66783988
4.544215226,0.358801652,3.547816943,0.129389736,100,350,2.363683758,2.4157396,2.267307266,49.74191618,33.22607792
4.5,0.22,3.65,0.11,170,350,2.341941361,2.405183071,2.215185206,42.81524024,36.38719838
4.5,0.22,3.65,0.11,150,350,2.343360574,2.410742247,2.213090424,42.35316957,34.63741845
4.5,0.22,3.65,0.11,100,350,2.349871423,2.410391149,2.245267803,52.70024895,30.37400834
4.5,0.22,3.65,0.11,80,350,2.354955993,2.416107041,2.251387653,49.59861338,33.02836805
4.575,0.265,3.65,0.11,170,350,2.332805069,2.390455119,2.211790637,48.15889821,37.17648156
4.575,0.265,3.65,0.11,150,350,2.334314682,2.388281398,2.200163021,44.86801858,36.61040408
4.575,0.265,3.65,0.11,100,350,2.340431561,2.395185481,2.226694981,46.91323979,35.95648724
4.575,0.265,3.65,0.11,80,350,2.345516442,2.401246679,2.233138677,53.42905719,32.18912786
4.65,0.31,3.65,0.11,170,350,2.321934757,2.373486991,2.204180936,48.01335744,37.66681337
4.65,0.31,3.65,0.11,150,350,2.323317328,2.37638603,2.185209101,46.90222352,36.48687795
4.65,0.31,3.65,0.11,100,350,2.329393358,2.378165893,2.195743983,53.16535522,33.80379357
4.65,0.31,3.65,0.11,80,350,2.334207815,2.383587228,2.218602834,49.89790531,32.79997739
4.617613454,0.340063814,3.661130467,0.110495681,170,350,2.319753408,2.372371373,2.196339238,47.212097,37.07186717
4.617613454,0.340063814,3.661130467,0.110495681,150,350,2.321020949,2.376315393,2.193664719,49.71767161,37.6312113
4.617613454,0.340063814,3.661130467,0.110495681,100,350,2.32719035,2.377025019,2.207115705,49.36752474,31.98980298
4.617613454,0.340063814,3.661130467,0.110495681,80,350,2.33204422,2.382605493,2.209479675,52.31435463,32.46219979
4.54246617,0.353988826,3.585991144,0.131453089,170,350,2.338057541,2.39903216,2.223987865,46.43245557,35.42715639
4.54246617,0.353988826,3.585991144,0.131453089,150,350,2.339327104,2.403809413,2.204740025,49.91490808,36.60862675
4.54246617,0.353988826,3.585991144,0.131453089,100,350,2.345999238,2.403895031,2.244329663,56.36112347,32.69663159
4.54246617,0.353988826,3.585991144,0.131453089,80,350,2.351238514,2.409555893,2.24197819,54.25783721,33.38532464
4.542466182,0.353989385,3.609495146,0.131452735,170,350,2.328001036,2.388624557,2.195506554,49.0571402,37.43736827
4.542466182,0.353989385,3.609495146,0.131452735,150,350,2.329658377,2.391744107,2.214773783,47.32586179,35.23621593
4.542466182,0.353989385,3.609495146,0.131452735,100,350,2.335967953,2.392835855,2.224004757,49.86345252,31.66556285
4.542466182,0.353989385,3.609495146,0.131452735,80,350,2.3409501,2.398196092,2.227680387,51.54678116,33.63560694
4.575,0.265,3.65,0.11,170,350,2.332024819,2.390475543,2.207558165,46.82828825,35.05731251
4.575,0.265,3.65,0.11,170,350,2.332287378,2.389718065,2.204033558,45.59437823,36.49728375
4.575,0.265,3.65,0.11,170,350,2.332672372,2.389900787,2.215168876,45.80323669,34.25343094
4.575,0.265,3.65,0.11,170,350,2.332678889,2.387074906,2.201538926,47.74322282,37.28673936
4.575,0.265,3.65,0.11,190,350,2.331689863,2.38321839,2.210830624,45.86199903,33.90868356
4.575,0.265,3.65,0.11,190,350,2.332034707,2.385348327,2.198262634,46.95053279,35.79482856
4.575,0.265,3.65,0.11,100,350,2.340488652,2.395549763,2.235046404,49.61318505,34.69612582
4.575,0.265,3.65,0.11,120,350,2.337210025,2.402749164,2.210786342,44.74065449,34.25933129
4.575,0.265,3.65,0.11,130,350,2.336080961,2.400017029,2.225008177,41.10303504,33.32748497
4.575,0.265,3.65,0.11,140,350,2.33491035,2.395526929,2.215326592,46.57093749,37.90049675
4.575,0.265,3.65,0.11,150,350,2.334457154,2.393685968,2.202444682,46.84287386,35.89103194
4.575,0.265,3.65,0.11,160,350,2.333329763,2.392000437,2.20386839,47.66308601,40.51304593
4.575,0.265,3.65,0.11,170,350,2.333103458,2.389925493,2.209256904,45.91916338,37.03796686
4.575,0.265,3.65,0.11,190,350,2.331693645,2.384573508,2.211361011,43.67930068,35.15114925
4.575,0.265,3.65,0.11,200,350,2.331366866,2.383571685,2.195506841,46.48181179,41.16439952
4.575,0.265,3.65,0.11,210,350,2.330996841,2.384885281,2.201555094,45.54596087,35.25375885
4.575,0.265,3.65,0.11,220,350,2.330667703,2.385034757,2.202149288,48.20532676,35.46410847
4.575,0.265,3.65,0.11,230,350,2.330287016,2.378925868,2.205479126,47.02525902,39.32115605
4.575,0.265,3.65,0.11,250,350,2.329581386,2.382751236,2.200975119,48.38475465,38.75712898
4.575,0.265,3.65,0.11,80,350,2.345480861,2.400581648,2.220825119,50.90261544,37.74145006
4.575,0.265,3.65,0.11,100,350,2.340649638,2.39552427,2.215651473,50.41816396,35.74081251
4.575,0.265,3.65,0.11,120,350,2.337202372,2.400342946,2.217411423,43.21031992,33.91098016
4.575,0.265,3.65,0.11,130,350,2.336088352,2.399422821,2.220277428,47.12329739,33.21758104
4.575,0.265,3.65,0.11,140,350,2.33503804,2.395271448,2.222588652,47.66903506,31.76518336
4.575,0.265,3.65,0.11,150,350,2.334247141,2.393676717,2.212539014,48.01442542,35.84713727
4.575,0.265,3.65,0.11,160,350,2.333444844,2.390393933,2.193224644,45.71850153,35.86548947
4.575,0.265,3.65,0.11,170,350,2.333028202,2.389832147,2.207496979,46.3066886,37.60903973
4.575,0.265,3.65,0.11,190,350,2.331861199,2.385118939,2.199722697,45.49171175,37.80560072
4.575,0.265,3.65,0.11,200,350,2.331478976,2.381348677,2.199549213,45.17091397,40.13980321
4.575,0.265,3.65,0.11,210,350,2.330929351,2.380932996,2.208201111,46.25538086,35.37776656
4.575,0.265,3.65,0.11,220,350,2.330672197,2.381350162,2.197179213,45.02147134,34.54887033
4.575,0.265,3.65,0.11,230,350,2.330349675,2.379130874,2.196855581,45.21662664,37.52675759
4.575,0.265,3.65,0.11,250,350,2.32977422,2.379135918,2.197160899,45.55543543,35.521442
4.575,0.265,3.65,0.11,170,350,2.337794045,2.412738464,2.212923246,45.56092949,37.54846104
4.575,0.265,3.65,0.11,170,350,2.338175943,2.404666492,2.210425506,46.2456668,38.79572965
4.575,0.265,3.65,0.11,170,350,2.338882846,2.40719191,2.214263583,46.71181554,37.85205629
4.575,0.265,3.65,0.11,170,350,2.337256891,2.407148951,2.21964427,46.79776209,37.58068149
4.575,0.265,3.65,0.11,170,350,2.337427029,2.405675905,2.220221261,44.37902513,36.21697484
4.575,0.265,3.65,0.11,170,350,2.337903783,2.39930985,2.20753824,48.81762876,37.34216203
4.575,0.265,3.65,0.11,170,350,2.337141798,2.408417416,2.211724257,45.76123433,37.73076218
4.575,0.265,3.65,0.11,170,350,2.337069313,2.404800462,2.214193134,45.50054643,38.95630092
4.575,0.265,3.65,0.11,170,350,2.337980936,2.40243613,2.202927541,46.98071149,39.43044074
4.575,0.265,3.65,0.11,160,350,2.338588664,2.414436717,2.221806092,48.57615647,37.6023137
4.575,0.265,3.65,0.11,160,350,2.339096929,2.412610075,2.22188412,47.67701178,39.98410011
4.575,0.265,3.65,0.11,160,350,2.33944432,2.410168402,2.218006005,45.27014203,36.50924686
4.575,0.265,3.65,0.11,160,350,2.338026542,2.410430462,2.218085156,43.39915261,35.78573522
4.575,0.265,3.65,0.11,160,350,2.338181561,2.409223958,2.208782547,46.60825804,41.66606732
4.575,0.265,3.65,0.11,160,350,2.338740836,2.406145131,2.217093533,46.01425025,38.08906233
4.575,0.265,3.65,0.11,160,350,2.337986217,2.410032509,2.213882459,45.544077,34.46436577
4.575,0.265,3.65,0.11,160,350,2.338660225,2.405736866,2.211471348,43.41982188,37.66631153
4.783425252,0.26020483,3.615604502,0.038971308,70,350,2.463995481,2.511766866,2.289421935,52.80573083,35.10580135
4.783425252,0.26020483,3.615604502,0.038971308,80,350,2.459215468,2.488037004,2.292803171,48.53171672,37.07409731
4.783425252,0.26020483,3.615604502,0.038971308,90,350,2.455545818,2.399675593,2.282772235,43.10540163,40.49447877
4.783425252,0.26020483,3.615604502,0.038971308,100,350,2.452774869,2.471356442,2.284919451,46.45201105,41.02218652
4.783425252,0.26020483,3.615604502,0.038971308,110,350,2.450526267,2.423594732,2.315447016,43.45104203,38.59899247
4.783425252,0.26020483,3.615604502,0.038971308,120,350,2.448450275,2.47980819,2.353571411,50.54999914,20.97394466
4.783425252,0.26020483,3.615604502,0.038971308,130,350,2.447173483,2.413389551,2.339929551,45.65177363,28.19718995
4.783425252,0.26020483,3.615604502,0.038971308,140,350,2.445685805,2.443160437,2.350680612,42.39936806,32.64012716
4.783425252,0.26020483,3.615604502,0.038971308,150,350,2.444623533,2.407513483,2.310005943,34.50688208,35.79379473
4.783425252,0.26020483,3.615604502,0.038971308,160,350,2.443500961,2.405411561,2.307744557,35.38488213,32.96758623
4.783425252,0.26020483,3.615604502,0.038971308,170,350,2.442761873,2.407223383,2.313218702,39.18708661,27.59423006
4.783425252,0.26020483,3.615604502,0.038971308,180,350,2.441799813,2.41271387,2.274684382,36.50672423,42.50342362
4.783425252,0.26020483,3.615604502,0.038971308,190,350,2.441328365,2.407964582,2.343112572,35.85509913,44.44955014
4.783425252,0.26020483,3.615604502,0.038971308,200,350,2.440604519,2.448438951,2.329311635,41.86646581,29.86546614
4.783425252,0.26020483,3.615604502,0.038971308,90,330,2.461888851,2.429310375,2.282205218,31.84873957,31.02534219
4.783425252,0.26020483,3.615604502,0.038971308,90,340,2.458564757,2.47941583,2.362557016,51.09945363,29.66113712
4.783425252,0.26020483,3.615604502,0.038971308,90,350,2.455758365,2.452189688,2.282619963,44.59868478,40.61663987
4.783425252,0.26020483,3.615604502,0.038971308,90,360,2.452725156,2.38040221,2.276983695,22.3275218,37.31969971
4.783425252,0.26020483,3.615604502,0.038971308,90,370,2.450292447,2.40867417,2.287532709,27.09545797,29.52775215
4.783425252,0.26020483,3.615604502,0.038971308,95,330,2.460274345,2.421514931,2.294592784,48.0966388,34.60909485
4.783425252,0.26020483,3.615604502,0.038971308,95,340,2.457113146,2.446719238,2.285206492,39.10570429,37.02498561
4.783425252,0.26020483,3.615604502,0.038971308,95,350,2.454281211,2.422527965,2.285119201,43.29285225,41.02756257
4.783425252,0.26020483,3.615604502,0.038971308,95,360,2.451323795,2.426249039,2.279192609,42.02895528,36.93844094
4.783425252,0.26020483,3.615604502,0.038971308,95,370,2.448719738,2.384012022,2.354422247,42.26565882,21.71049244
4.783425252,0.26020483,3.615604502,0.038971308,90,300,2.472540012,2.453741536,2.293593633,48.06310213,33.68884764
4.783425252,0.26020483,3.615604502,0.038971308,90,310,2.468548702,2.513991336,2.323487228,46.43571137,35.02465262
4.783425252,0.26020483,3.615604502,0.038971308,90,320,2.465220262,2.432286979,2.286461186,46.26000757,35.73967299
4.783425252,0.26020483,3.615604502,0.038971308,90,380,2.447619476,2.415865443,2.279383146,36.6341043,27.99247287
4.783425252,0.26020483,3.615604502,0.038971308,90,390,2.445289488,2.417513608,2.275974981,41.87952516,37.17575526
4.783425252,0.26020483,3.615604502,0.038971308,90,400,2.442791873,2.474133658,2.315562047,50.80582395,35.48609985
4.783425252,0.26020483,3.615604502,0.038971308,90,410,2.440438452,2.371023583,2.274838639,7.562807689,37.78323394
4.783425252,0.26020483,3.615604502,0.038971308,90,420,2.438465968,2.44900407,2.301974956,52.31828509,38.54690211
4.783425252,0.26020483,3.615604502,0.038971308,90,430,2.436509888,2.420204644,2.283916255,49.23337606,30.87037205
4.783425252,0.26020483,3.615604502,0.038971308,90,440,2.434566205,2.411052859,2.335098851,28.64707967,36.87083683
4.783425252,0.26020483,3.615604502,0.038971308,90,450,2.432706305,2.364781773,2.310415019,23.08471251,32.90633694
4.783425252,0.26020483,3.615604502,0.038971308,90,460,2.430875481,2.404780874,2.331804744,34.7087538,25.71351511
4.783425252,0.26020483,3.615604502,0.038971308,90,470,2.429141998,2.409610087,2.330097303,34.44446288,21.09771166
4.783425252,0.26020483,3.615604502,0.038971308,90,480,2.427782759,2.406955905,2.329716629,31.70511335,35.30290694
4.783425252,0.26020483,3.615604502,0.038971308,90,490,2.425840375,2.397201223,2.339770137,49.95087332,23.57546868
4.783425252,0.26020483,3.615604502,0.038971308,90,500,2.424417628,2.475090749,2.306675955,51.42561554,29.17038581
4.783425252,0.26020483,3.615604502,0.038971308,95,300,2.471094207,2.423984869,2.304111623,39.35992007,35.43890079
4.783425252,0.26020483,3.615604502,0.038971308,95,310,2.467244544,2.4098404,2.289450949,40.42518248,40.6339518
4.783425252,0.26020483,3.615604502,0.038971308,95,320,2.463767403,2.427312597,2.292722322,35.55034761,42.63902448
4.783425252,0.26020483,3.615604502,0.038971308,95,380,2.446060637,2.40726598,2.272803071,32.12380174,29.38707771
4.783425252,0.26020483,3.615604502,0.038971308,95,390,2.443701748,2.407707828,2.273012684,33.45705953,34.394269
4.783425252,0.26020483,3.615604502,0.038971308,95,400,2.440995818,2.412094557,2.328672335,35.19299911,29.32660693
4.783425252,0.26020483,3.615604502,0.038971308,95,410,2.439025743,2.418693945,2.346913945,44.43013937,28.53781779
4.783425252,0.26020483,3.615604502,0.038971308,95,420,2.437009026,2.422940699,2.287899625,49.3337592,31.17542411
4.783425252,0.26020483,3.615604502,0.038971308,95,430,2.434932734,2.407619313,2.29581382,43.39423672,38.58143267
4.783425252,0.26020483,3.615604502,0.038971308,95,440,2.433041848,2.407351835,2.275469513,24.51296476,37.71173561
4.783425252,0.26020483,3.615604502,0.038971308,95,450,2.43108814,2.440806517,2.315989076,50.72763595,24.1471707
4.783425252,0.26020483,3.615604502,0.038971308,95,460,2.429356142,2.447976879,2.328287728,52.08553643,30.74859405
4.783425252,0.26020483,3.615604502,0.038971308,95,470,2.427471411,2.379968489,2.312603645,39.03614147,33.1259128
4.783425252,0.26020483,3.615604502,0.038971308,95,480,2.425985381,2.399714182,2.338570499,42.23009522,24.78211241
4.783425252,0.26020483,3.615604502,0.038971308,95,490,2.424225368,2.422014395,2.255121211,49.11712302,36.75405632
4.783425252,0.26020483,3.615604502,0.038971308,95,500,2.422906155,2.474891623,2.313506879,53.72998038,33.5921714
4.5,0.22,3.65,0.11,90,340,2.35505449,2.41532657,2.24748544,47.1356896,32.1951486
4.5,0.22,3.65,0.11,90,350,2.35208041,2.41300477,2.24048367,53.2433004,32.6195171
4.5,0.22,3.65,0.11,90,420,2.33560513,2.39644225,2.22491889,52.0060584,31.4389609
4.5,0.22,3.65,0.11,90,430,2.33387999,2.39573908,2.22610698,49.6016771,33.0842539
4.5,0.22,3.65,0.11,90,440,2.33170975,2.39356866,2.23400213,51.2039907,32.5355111
4.5,0.22,3.65,0.11,100,340,2.35267297,2.41300821,2.24352262,49.940969,35.182089
4.5,0.22,3.65,0.11,100,350,2.34990032,2.41023618,2.24171447,48.9369613,29.2596086
4.5,0.22,3.65,0.11,100,360,2.34692119,2.40784668,2.24084434,50.5453372,31.1434401
4.5,0.22,3.65,0.11,100,420,2.33305757,2.3950574,2.22694521,45.1283487,31.8607712
4.5,0.22,3.65,0.11,100,430,2.33120235,2.39296728,2.21530752,51.2198587,36.4055571
4.5,0.22,3.65,0.11,100,440,2.32939071,2.39049568,2.22970355,51.972418,35.5473286
4.5,0.22,3.65,0.11,110,340,2.35082919,2.42491184,2.24388087,41.8531222,34.3675831
4.5,0.22,3.65,0.11,110,350,2.34806482,2.40838798,2.24156147,52.5243363,34.778749
4.5,0.22,3.65,0.11,110,360,2.34525181,2.40575864,2.23879036,52.8891534,30.0375239
4.5,0.22,3.65,0.11,110,420,2.33130077,2.39245255,2.23107341,52.6620251,33.3339443
4.5,0.22,3.65,0.11,110,430,2.32942428,2.39052933,2.22280282,51.2233602,35.0473872
4.5,0.22,3.65,0.11,110,440,2.32769125,2.38799246,2.22534426,47.3293442,35.7116784
4.5,0.22,3.65,0.11,160,340,2.34556513,2.41080728,2.225278,47.6513199,34.7780002
4.5,0.22,3.65,0.11,160,350,2.34268182,2.40641429,2.21814645,45.60709,34.5321142
4.5,0.22,3.65,0.11,160,360,2.33992337,2.40390069,2.21756717,45.5699359,31.2923699
4.5,0.22,3.65,0.11,160,430,2.32400034,2.38724162,2.21596476,47.9161596,35.6952127
4.5,0.22,3.65,0.11,160,440,2.32194974,2.38803588,2.20176749,44.4961109,36.2403295
4.5,0.22,3.65,0.11,170,340,2.34480777,2.39993572,2.21597813,46.663051,36.8614001
4.5,0.22,3.65,0.11,170,350,2.34198082,2.40554397,2.21798908,44.5012126,36.9832799
4.5,0.22,3.65,0.11,170,360,2.33936624,2.40244648,2.21636903,48.4609088,39.2097725
4.5,0.22,3.65,0.11,170,420,2.32512215,2.3895667,2.21209313,48.4616053,35.8918908
4.5,0.22,3.65,0.11,170,430,2.3231882,2.38675066,2.20745151,49.2109614,37.1383798
4.5,0.22,3.65,0.11,170,440,2.32133278,2.38614368,2.20975885,45.253704,34.688193
4.5,0.22,3.65,0.11,180,340,2.34480955,2.40581206,2.21996001,44.2284029,36.1573721
4.5,0.22,3.65,0.11,180,350,2.34144851,2.40293355,2.21409662,48.3342692,36.9322051
4.5,0.22,3.65,0.11,180,420,2.32463884,2.38656452,2.20112869,46.7362829,38.2095566
4.5,0.22,3.65,0.11,180,430,2.32253694,2.38316251,2.20461451,49.0109684,35.1754145
4.5,0.22,3.65,0.11,180,440,2.32064032,2.38377591,2.19026683,50.5763125,38.3544358
4.54246618,0.35398938,3.60949515,0.13145273,90,340,2.34125664,2.39813905,2.23584378,51.4225206,37.0795582
4.54246618,0.35398938,3.60949515,0.13145273,90,350,2.33859805,2.39532267,2.22936417,52.9129346,32.8830676
4.54246618,0.35398938,3.60949515,0.13145273,90,360,2.33572874,2.39256493,2.22384659,52.2658572,34.0101704
4.54246618,0.35398938,3.60949515,0.13145273,90,420,2.32252944,2.38049291,2.22095139,50.2481656,35.2987088
4.54246618,0.35398938,3.60949515,0.13145273,90,430,2.32053939,2.37888777,2.2138804,53.0717222,34.2362074
4.54246618,0.35398938,3.60949515,0.13145273,90,440,2.31892579,2.37679564,2.22067692,54.3980604,36.7758384
4.54246618,0.35398938,3.60949515,0.13145273,100,340,2.33901722,2.39541958,2.22289552,50.1723377,35.4051603
4.54246618,0.35398938,3.60949515,0.13145273,100,350,2.33630037,2.39275014,2.23096803,50.4778774,34.3818634
4.54246618,0.35398938,3.60949515,0.13145273,100,360,2.33377476,2.39058642,2.23172629,53.5410727,33.4390548
4.54246618,0.35398938,3.60949515,0.13145273,100,420,2.32019035,2.37820896,2.20956444,53.7313544,36.3085641
4.54246618,0.35398938,3.60949515,0.13145273,100,430,2.31829342,2.37566602,2.21876544,53.1478567,38.8853111
4.54246618,0.35398938,3.60949515,0.13145273,100,440,2.31653552,2.37444215,2.21139322,54.2641862,31.3558565
4.54246618,0.35398938,3.60949515,0.13145273,110,340,2.33749146,2.39351684,2.22825833,53.5447773,35.952779
4.54246618,0.35398938,3.60949515,0.13145273,110,350,2.33437564,2.39079809,2.21157556,50.6710281,33.2643194
4.54246618,0.35398938,3.60949515,0.13145273,110,360,2.33185933,2.38834851,2.22653893,57.5237494,36.3817639
4.54246618,0.35398938,3.60949515,0.13145273,110,420,2.31850787,2.37524768,2.20458072,49.0699358,36.5939368
4.54246618,0.35398938,3.60949515,0.13145273,110,430,2.31649471,2.37397488,2.2137329,50.6826001,36.0511121
4.54246618,0.35398938,3.60949515,0.13145273,110,440,2.31483605,2.37249979,2.21171797,53.9027366,35.9824859
4.54246618,0.35398938,3.60949515,0.13145273,160,340,2.33201287,2.3934729,2.20720041,46.9911777,36.0489697
4.54246618,0.35398938,3.60949515,0.13145273,160,360,2.32670052,2.38861087,2.19988848,45.5979312,37.3579257
4.54246618,0.35398938,3.60949515,0.13145273,160,420,2.3128964,2.37533322,2.20665995,48.9357599,39.1969696
4.54246618,0.35398938,3.60949515,0.13145273,160,430,2.31086105,2.37377109,2.19776082,47.9980798,38.0393811
4.54246618,0.35398938,3.60949515,0.13145273,160,440,2.30899614,2.37151227,2.19472101,46.3377758,36.7834794
4.54246618,0.35398938,3.60949515,0.13145273,170,340,2.33146816,2.39140449,2.2057007,47.4855196,35.1148949
4.54246618,0.35398938,3.60949515,0.13145273,170,350,2.3285908,2.38881787,2.19542814,46.8972946,38.0007696
4.54246618,0.35398938,3.60949515,0.13145273,170,360,2.32560966,2.38472851,2.20013313,47.7484781,38.7123296
4.54246618,0.35398938,3.60949515,0.13145273,170,420,2.31199991,2.35792582,2.18394573,46.0543812,39.090071
4.54246618,0.35398938,3.60949515,0.13145273,170,430,2.3102933,2.3715925,2.19443397,49.7406456,35.1380132
4.54246618,0.35398938,3.60949515,0.13145273,170,440,2.30842753,2.36999839,2.19666427,50.2222572,35.8063752
4.54246618,0.35398938,3.60949515,0.13145273,180,340,2.33082798,2.38936536,2.19586507,48.4825706,37.5078687
4.54246618,0.35398938,3.60949515,0.13145273,180,360,2.32555627,2.38400623,2.20468672,47.0331651,37.8557387
4.54246618,0.35398938,3.60949515,0.13145273,180,420,2.31163338,2.37121105,2.19238747,46.8076963,37.4548876
4.54246618,0.35398938,3.60949515,0.13145273,180,430,2.30961658,2.35237738,2.19766578,48.8729413,38.7284323
4.54246618,0.35398938,3.60949515,0.13145273,180,440,2.3076532,2.36775012,2.19940757,48.8863352,39.5804243
4.575,0.265,3.65,0.11,90,340,2.34540619,2.400683,2.2254406,50.9845125,33.0947639
4.575,0.265,3.65,0.11,90,350,2.3426124,2.39780928,2.23774723,48.5407492,38.8966923
4.575,0.265,3.65,0.11,90,360,2.34009282,2.39502659,2.22031737,50.0489279,32.8095924
4.575,0.265,3.65,0.11,90,420,2.32660808,2.38327139,2.22607582,52.6493532,33.6163409
4.575,0.265,3.65,0.11,90,430,2.32492895,2.38098381,2.22405169,51.1719834,34.5643131
4.575,0.265,3.65,0.11,90,440,2.32292725,2.37973527,2.21515748,52.1237029,30.6728605
4.575,0.265,3.65,0.11,100,340,2.34333403,2.39823715,2.21406861,51.297477,33.2728211
4.575,0.265,3.65,0.11,100,350,2.34036816,2.39559488,2.23388975,49.0535461,33.651841
4.575,0.265,3.65,0.11,100,360,2.33782614,2.3926298,2.22331783,53.5853646,34.7435291
4.575,0.265,3.65,0.11,100,420,2.32433357,2.38025861,2.20567951,53.1882475,37.4603819
4.575,0.265,3.65,0.11,100,430,2.32263819,2.3787388,2.21168551,48.6254971,33.6098593
4.575,0.265,3.65,0.11,100,440,2.32061041,2.37649634,2.21994468,49.6852575,35.098125
4.575,0.265,3.65,0.11,110,340,2.34141998,2.40749347,2.23168423,42.0703756,35.7790947
4.575,0.265,3.65,0.11,110,350,2.33865944,2.39357991,2.21131065,52.9672566,34.721679
4.575,0.265,3.65,0.11,110,360,2.33610793,2.39091544,2.21829894,49.4350169,34.5042515
4.575,0.265,3.65,0.11,110,420,2.32260388,2.37786347,2.21361421,51.9220493,33.536028
4.575,0.265,3.65,0.11,110,430,2.32085638,2.37627424,2.2092205,54.1646339,37.0706538
4.575,0.265,3.65,0.11,110,440,2.31898848,2.37421496,2.21718672,50.7742417,30.7681406
4.575,0.265,3.65,0.11,160,350,2.33357584,2.39124312,2.19583863,46.2871483,34.2608089
4.575,0.265,3.65,0.11,160,360,2.33089572,2.38981667,2.20374221,45.7594298,36.9577178
4.575,0.265,3.65,0.11,160,420,2.31706363,2.37414172,2.20291363,46.7633957,38.0883718
4.575,0.265,3.65,0.11,160,430,2.3152339,2.37551268,2.20655366,46.8069956,36.2732943
4.575,0.265,3.65,0.11,160,440,2.31342858,2.37028607,2.19319015,48.5050554,36.3998353
4.575,0.265,3.65,0.11,170,340,2.33578353,2.39327067,2.21172102,46.5222258,35.6115498
4.575,0.265,3.65,0.11,170,350,2.33284608,2.39065928,2.19686099,46.8621732,37.4699139
4.575,0.265,3.65,0.11,170,360,2.33008077,2.38641385,2.20074729,45.8464411,36.6247747
4.575,0.265,3.65,0.11,170,420,2.3162437,2.37454293,2.1862401,47.8293445,39.5871417
4.575,0.265,3.65,0.11,170,430,2.31466908,2.3716321,2.19789049,46.8507571,37.9411481
4.575,0.265,3.65,0.11,170,440,2.31285391,2.3705697,2.19582463,45.9117815,35.7363185
4.575,0.265,3.65,0.11,180,340,2.33514542,2.39206698,2.20281025,46.231363,35.1185858
4.575,0.265,3.65,0.11,180,360,2.32962011,2.38201914,2.20901675,45.1840386,35.0445327
4.575,0.265,3.65,0.11,180,420,2.3160088,2.37074861,2.19749132,46.1804017,38.381753
4.575,0.265,3.65,0.11,180,430,2.31409411,2.37038689,2.18609456,48.1460223,37.0305733
4.575,0.265,3.65,0.11,180,440,2.31209604,2.36800066,2.19052604,48.7365215,39.8734075
4.54246617,0.35398883,3.58599114,0.13145309,90,340,2.35122911,2.40872225,2.23156119,48.0988559,31.9989807
4.54246617,0.35398883,3.58599114,0.13145309,90,350,2.34839687,2.4063282,2.24777352,52.663079,33.8414333
4.54246617,0.35398883,3.58599114,0.13145309,90,360,2.34576885,2.40382542,2.22988921,51.1462828,37.7510131
4.54246617,0.35398883,3.58599114,0.13145309,90,420,2.33238748,2.39127587,2.23419041,48.864977,31.5546799
4.54246617,0.35398883,3.58599114,0.13145309,90,430,2.33052921,2.38952918,2.23446795,55.7773607,33.1734033
4.54246617,0.35398883,3.58599114,0.13145309,90,440,2.32879697,2.38738097,2.21992632,54.9801685,34.5675361
4.54246617,0.35398883,3.58599114,0.13145309,100,340,2.34897618,2.40645759,2.24046189,50.9187971,34.4481893
4.54246617,0.35398883,3.58599114,0.13145309,100,350,2.34613558,2.40377923,2.22729351,53.2647337,36.7280421
4.54246617,0.35398883,3.58599114,0.13145309,100,360,2.34328085,2.40130653,2.22766539,51.2436619,34.400722
4.54246617,0.35398883,3.58599114,0.13145309,100,420,2.33004582,2.38855866,2.23341831,52.4773421,36.7020527
4.54246617,0.35398883,3.58599114,0.13145309,100,430,2.32813873,2.38706366,2.22916009,47.6663018,34.9504104
4.54246617,0.35398883,3.58599114,0.13145309,100,440,2.32643714,2.38512658,2.22950749,59.0094728,35.1332632
4.54246617,0.35398883,3.58599114,0.13145309,110,340,2.34730051,2.39724523,2.23852427,50.6990164,35.7082484
4.54246617,0.35398883,3.58599114,0.13145309,110,350,2.34425095,2.40683871,2.22970126,48.1508391,34.116374
4.54246617,0.35398883,3.58599114,0.13145309,110,360,2.34155543,2.40026652,2.23707211,49.1890973,38.2729255
4.54246617,0.35398883,3.58599114,0.13145309,110,420,2.32785277,2.38657124,2.23087784,56.5358264,34.185434
4.54246617,0.35398883,3.58599114,0.13145309,110,430,2.32624225,2.38466976,2.22792838,55.8369374,32.8958044
4.54246617,0.35398883,3.58599114,0.13145309,110,440,2.32446326,2.3828707,2.22772442,57.1901808,37.3528772
4.54246617,0.35398883,3.58599114,0.13145309,160,340,2.34141854,2.40428567,2.22738805,46.3008233,37.6879783
4.54246617,0.35398883,3.58599114,0.13145309,160,350,2.33885794,2.4016539,2.21749914,48.1192294,34.6053072
4.54246617,0.35398883,3.58599114,0.13145309,160,360,2.33593654,2.3937131,2.2041613,49.1228397,33.6771349
4.54246617,0.35398883,3.58599114,0.13145309,160,430,2.32052767,2.38418968,2.20328278,53.3584722,38.1254409
4.54246617,0.35398883,3.58599114,0.13145309,160,440,2.31844778,2.38256884,2.20716851,49.9139743,33.6577093
4.54246617,0.35398883,3.58599114,0.13145309,170,340,2.34109081,2.39745015,2.21417834,48.2599361,36.6682136
4.54246617,0.35398883,3.58599114,0.13145309,170,350,2.33834441,2.39912358,2.21975436,48.4030627,35.1506465
4.54246617,0.35398883,3.58599114,0.13145309,170,360,2.3354775,2.39723835,2.20728235,49.3957259,36.3780617
4.54246617,0.35398883,3.58599114,0.13145309,170,420,2.32184207,2.38369685,2.20341091,48.0305697,38.8541916
4.54246617,0.35398883,3.58599114,0.13145309,170,430,2.31976175,2.38184624,2.20964302,46.9571546,35.9622509
4.54246617,0.35398883,3.58599114,0.13145309,170,440,2.31804437,2.37975577,2.20936317,52.7929165,37.9029337
4.54246617,0.35398883,3.58599114,0.13145309,180,340,2.34054225,2.40081859,2.21231419,48.9838892,35.5737386
4.54246617,0.35398883,3.58599114,0.13145309,180,350,2.33751628,2.39684119,2.21383159,49.1032082,38.9375838
4.54246617,0.35398883,3.58599114,0.13145309,180,360,2.33486648,2.39424017,2.20167578,50.7308262,38.2442267
4.54246617,0.35398883,3.58599114,0.13145309,180,420,2.32097267,2.38168166,2.20139419,47.4096211,37.9355219
4.54246617,0.35398883,3.58599114,0.13145309,180,430,2.31906367,2.38162059,2.20909185,51.2855641,38.622845
4.54246617,0.35398883,3.58599114,0.13145309,180,440,2.31739421,2.37610586,2.19391191,49.6792769,34.3762814
4.61761345,0.34006381,3.66113047,0.11049568,90,340,2.33198552,2.38202703,2.22061734,52.2369842,31.9426882
4.61761345,0.34006381,3.66113047,0.11049568,90,350,2.32919652,2.37932808,2.2156386,54.4078574,31.0731476
4.61761345,0.34006381,3.66113047,0.11049568,90,360,2.32686554,2.37729047,2.20568519,51.5027383,31.9061632
4.61761345,0.34006381,3.66113047,0.11049568,90,420,2.31382532,2.36525978,2.19826526,50.8210066,33.913042
4.61761345,0.34006381,3.66113047,0.11049568,90,430,2.31215403,2.36229116,2.19736913,55.4887383,36.5280457
4.61761345,0.34006381,3.66113047,0.11049568,90,440,2.31022488,2.36180581,2.20649345,50.6697402,34.81244
4.61761345,0.34006381,3.66113047,0.11049568,100,340,2.32987775,2.37967732,2.20971884,50.1552592,33.4103494
4.61761345,0.34006381,3.66113047,0.11049568,100,350,2.32720526,2.37704538,2.19947159,55.3812838,34.1723486
4.61761345,0.34006381,3.66113047,0.11049568,100,360,2.32472637,2.37489864,2.20118181,49.1268929,33.2905581
4.61761345,0.34006381,3.66113047,0.11049568,100,420,2.3116733,2.36247876,2.18758714,52.9146065,37.0632286
4.61761345,0.34006381,3.66113047,0.11049568,100,430,2.30994533,2.36090552,2.20554507,57.3237569,31.778087
4.61761345,0.34006381,3.66113047,0.11049568,100,440,2.30818566,2.3594931,2.20440679,54.3966848,37.2292144
4.61761345,0.34006381,3.66113047,0.11049568,110,340,2.32822087,2.36868924,2.20115738,46.9481962,35.8499755
4.61761345,0.34006381,3.66113047,0.11049568,110,350,2.32550811,2.38602629,2.2012365,48.7885139,32.5203544
4.61761345,0.34006381,3.66113047,0.11049568,110,360,2.32287288,2.37029186,2.20979205,50.9510398,32.5624249
4.61761345,0.34006381,3.66113047,0.11049568,110,420,2.30980918,2.36050327,2.19376605,53.9963554,34.3531719
4.61761345,0.34006381,3.66113047,0.11049568,110,430,2.3080482,2.35907396,2.19105352,54.7904232,35.7444977
4.61761345,0.34006381,3.66113047,0.11049568,110,440,2.30637372,2.35749004,2.19213628,52.8596409,32.2139309
4.61761345,0.34006381,3.66113047,0.11049568,160,340,2.32309664,2.37625236,2.18942331,45.6005699,40.3750458
4.61761345,0.34006381,3.66113047,0.11049568,160,350,2.3202474,2.37374281,2.18492125,45.9171674,39.1673835
4.61761345,0.34006381,3.66113047,0.11049568,160,360,2.31770487,2.37084532,2.195686,46.595306,35.4674624
4.61761345,0.34006381,3.66113047,0.11049568,160,420,2.3045872,2.35175145,2.18688518,53.506299,34.3768246
4.61761345,0.34006381,3.66113047,0.11049568,160,430,2.30285437,2.34222518,2.18641235,49.1553517,39.9992731
4.61761345,0.34006381,3.66113047,0.11049568,170,340,2.32248955,2.37432528,2.18648795,49.6480032,34.0147863
4.61761345,0.34006381,3.66113047,0.11049568,170,350,2.31977893,2.37171383,2.18480738,46.121,37.2159796
4.61761345,0.34006381,3.66113047,0.11049568,170,360,2.31700411,2.36823886,2.18412431,48.6239835,38.5640138
4.61761345,0.34006381,3.66113047,0.11049568,170,420,2.304023,2.35031825,2.18085613,52.3608489,35.6809354
4.61761345,0.34006381,3.66113047,0.11049568,170,430,2.30213186,2.34133383,2.17576523,42.3448253,35.4630419
4.61761345,0.34006381,3.66113047,0.11049568,170,440,2.30046055,2.35361162,2.16952594,49.8676868,36.5143254
4.61761345,0.34006381,3.66113047,0.11049568,180,340,2.32188162,2.37240285,2.19710412,46.9884594,35.5761286
4.61761345,0.34006381,3.66113047,0.11049568,180,350,2.31941261,2.37140715,2.1834008,47.26956,38.9045508
4.61761345,0.34006381,3.66113047,0.11049568,180,360,2.31656999,2.3671038,2.19152151,47.0066098,36.0278567
4.61761345,0.34006381,3.66113047,0.11049568,180,420,2.30350047,2.35501859,2.17782433,45.9347742,38.1919283
4.61761345,0.34006381,3.66113047,0.11049568,180,430,2.30142024,2.35306332,2.1771205,48.5140939,36.8992453
4.61761345,0.34006381,3.66113047,0.11049568,180,440,2.29985672,2.3377009,2.16919021,50.1621795,41.6266682
4.78342525,0.26020483,3.6156045,0.03897131,90,340,2.45867953,2.41897843,2.29269779,44.6845505,30.8424056
4.78342525,0.26020483,3.6156045,0.03897131,90,360,2.45281848,2.39933395,2.30535613,47.4441338,37.7835918
4.78342525,0.26020483,3.6156045,0.03897131,90,420,2.43836536,2.36971511,2.32740509,21.7179546,24.5712953
4.78342525,0.26020483,3.6156045,0.03897131,90,430,2.43655055,2.38938566,2.30814207,28.2746255,32.711267
4.78342525,0.26020483,3.6156045,0.03897131,90,440,2.43464679,2.46394659,2.3043327,50.7137802,36.8064862
4.78342525,0.26020483,3.6156045,0.03897131,100,340,2.45558683,2.49806116,2.28854584,49.4738963,33.2364902
4.78342525,0.26020483,3.6156045,0.03897131,100,350,2.45271632,2.42417625,2.29682273,46.0473951,40.9583687
4.78342525,0.26020483,3.6156045,0.03897131,100,360,2.45000819,2.46686322,2.28734584,44.3364224,36.4160193
4.78342525,0.26020483,3.6156045,0.03897131,100,420,2.43540432,2.43944167,2.30551538,49.2122059,28.684487
4.78342525,0.26020483,3.6156045,0.03897131,100,430,2.4333187,2.41257494,2.27358169,17.9926767,31.5713639
4.78342525,0.26020483,3.6156045,0.03897131,100,440,2.43150659,2.39553981,2.3101711,43.2681567,36.6044114
4.78342525,0.26020483,3.6156045,0.03897131,110,340,2.45351508,2.48009268,2.26667976,50.0340212,36.2188349
4.78342525,0.26020483,3.6156045,0.03897131,110,350,2.45034509,2.41780543,2.31532893,30.4371889,32.1771738
4.78342525,0.26020483,3.6156045,0.03897131,110,360,2.44761032,2.40237409,2.27725809,44.9594022,33.1484777
4.78342525,0.26020483,3.6156045,0.03897131,110,420,2.43303733,2.47509984,2.28510884,54.8633311,34.4761449
4.78342525,0.26020483,3.6156045,0.03897131,110,430,2.43105036,2.41882702,2.32984635,34.1999341,37.4089253
4.78342525,0.26020483,3.6156045,0.03897131,110,440,2.42913895,2.386564,2.28307598,35.9148537,30.7688621
4.78342525,0.26020483,3.6156045,0.03897131,160,340,2.44658898,2.39837079,2.32725106,47.891491,35.0427105
4.78342525,0.26020483,3.6156045,0.03897131,160,350,2.44361422,2.46462169,2.31317067,47.8550082,30.9973882
4.78342525,0.26020483,3.6156045,0.03897131,160,360,2.4408925,2.42600353,2.34287282,50.6271193,33.6685787
4.78342525,0.26020483,3.6156045,0.03897131,160,420,2.42608363,2.44227335,2.29282211,46.7821388,38.3155342
4.78342525,0.26020483,3.6156045,0.03897131,160,430,2.42371235,2.4670705,2.33546447,52.2697955,37.0083774
4.78342525,0.26020483,3.6156045,0.03897131,160,440,2.42149507,2.46691993,2.333987,50.1563832,30.1541542
4.78342525,0.26020483,3.6156045,0.03897131,170,340,2.44595581,2.44663206,2.27973876,46.0969783,36.9070618
4.78342525,0.26020483,3.6156045,0.03897131,170,350,2.442773,2.45893778,2.2906815,37.1874069,41.151747
4.78342525,0.26020483,3.6156045,0.03897131,170,360,2.43968486,2.41769147,2.27268638,45.4273615,34.0036809
4.78342525,0.26020483,3.6156045,0.03897131,170,420,2.42481777,2.35713499,2.2643416,34.9079335,36.2111937
4.78342525,0.26020483,3.6156045,0.03897131,170,430,2.42269773,2.45720915,2.28268413,42.8021081,34.7737747
4.78342525,0.26020483,3.6156045,0.03897131,170,440,2.42095251,2.44684202,2.26438993,47.6507316,36.3860295
4.78342525,0.26020483,3.6156045,0.03897131,180,340,2.44492544,2.4324182,2.26395147,36.5569189,44.4085707
4.78342525,0.26020483,3.6156045,0.03897131,180,350,2.44187226,2.47891201,2.29411533,45.6337139,41.1929237
4.78342525,0.26020483,3.6156045,0.03897131,180,360,2.43895538,2.33660658,2.27480238,22.1612934,34.7104819
4.78342525,0.26020483,3.6156045,0.03897131,180,420,2.42409797,2.40342401,2.29604256,36.211154,34.6264236
4.78342525,0.26020483,3.6156045,0.03897131,180,430,2.42200456,2.46472353,2.29446597,55.3225905,30.8419847
4.78342525,0.26020483,3.6156045,0.03897131,180,440,2.42008803,2.38929966,2.33135919,34.6145869,30.7879473