frame,time_ns,n_contacts,mean_dist
900,8.99,2,2.545450210571289
901,9.0,2,2.777427911758423
902,9.01,2,2.638749122619629
903,9.02,2,2.6286492347717285
904,9.03,2,2.5610084533691406
905,9.04,2,2.4157657623291016
906,9.05,2,2.566417694091797
907,9.06,2,2.6225671768188477
908,9.07,2,2.4923839569091797
909,9.08,2,2.6563773155212402
910,9.09,2,2.5496857166290283
911,9.1,2,2.5409398078918457
912,9.11,2,2.568389415740967
913,9.12,2,2.547051429748535
914,9.13,2,2.5654263496398926
915,9.14,2,2.600888252258301
916,9.15,2,2.5279276371002197
917,9.16,2,2.8257012367248535
918,9.17,2,2.518677234649658
919,9.18,2,2.4651079177856445
920,9.19,2,2.5517780780792236
921,9.2,2,2.863102912902832
922,9.21,2,2.5628769397735596
923,9.22,2,2.5864200592041016
924,9.23,2,2.519371747970581
925,9.24,2,2.584897041320801
926,9.25,2,2.5002429485321045
927,9.26,2,2.6794071197509766
928,9.27,2,2.5630908012390137
929,9.28,2,2.5037457942962646
930,9.29,2,2.7016592025756836
931,9.3,2,2.678774118423462
932,9.31,2,2.500044822692871
933,9.32,2,2.762815475463867
934,9.33,2,2.483363151550293
935,9.34,1,2.455653667449951
936,9.35,2,2.498568296432495
937,9.36,2,2.597515821456909
938,9.37,2,2.4953460693359375
939,9.38,2,2.6687395572662354
940,9.39,2,2.599721908569336
941,9.4,2,2.5937981605529785
942,9.41,2,2.487374782562256
943,9.42,2,2.5479841232299805
944,9.43,2,2.536430835723877
945,9.44,2,2.553877353668213
946,9.45,2,2.774782419204712
947,9.46,2,2.6386423110961914
948,9.47,2,2.5139236450195312
949,9.48,2,2.443545341491699
950,9.49,2,2.497910499572754
951,9.5,2,2.6152515411376953
952,9.51,2,2.4399123191833496
953,9.52,2,2.4487481117248535
954,9.53,2,2.6143970489501953
955,9.54,2,2.559960126876831
956,9.55,2,2.673861503601074
957,9.56,2,2.5246212482452393
958,9.57,2,2.5422658920288086
959,9.58,2,2.564474582672119
960,9.59,2,2.63273286819458
961,9.6,2,2.5410637855529785
962,9.61,2,2.6500606536865234
963,9.62,2,2.64886474609375
964,9.63,2,2.5597026348114014
965,9.64,2,2.5814309120178223
966,9.65,2,2.4941048622131348
967,9.66,2,2.7747864723205566
968,9.67,2,2.5722579956054688
969,9.68,2,2.595503330230713
970,9.69,2,2.644798755645752
971,9.7,2,2.770022392272949
972,9.71,2,2.789702892303467
973,9.72,2,2.7117719650268555
974,9.73,2,2.76185941696167
975,9.74,2,2.526038885116577
976,9.75,2,2.581045389175415
977,9.76,2,2.747974395751953
978,9.77,2,2.580780506134033
979,9.78,2,2.630958318710327
980,9.79,2,2.745553970336914
981,9.8,2,2.593100070953369
982,9.81,2,2.618163585662842
983,9.82,2,2.566072940826416
984,9.83,2,2.5835299491882324
985,9.84,2,2.5978565216064453
986,9.85,2,2.4452908039093018
987,9.86,2,2.4850759506225586
988,9.87,2,2.646331787109375
989,9.88,2,2.5676846504211426
990,9.89,2,2.637315273284912
991,9.9,2,2.513643741607666
992,9.91,2,2.467289924621582
993,9.92,2,2.558164119720459
994,9.93,2,2.5758447647094727
995,9.94,2,2.5984034538269043
996,9.95,2,2.5607073307037354
997,9.96,2,2.7121763229370117
998,9.97,2,2.553510904312134
999,9.98,2,2.5715904235839844
1000,9.99,2,2.8725175857543945
1001,10.0,2,2.661982536315918
1002,10.01,2,2.476278305053711
1003,10.02,2,2.7814955711364746
1004,10.03,2,2.586946487426758
1005,10.04,2,2.5030622482299805
1006,10.05,2,2.5376925468444824
1007,10.06,2,2.6053075790405273
1008,10.07,2,2.6007652282714844
1009,10.08,2,2.5349578857421875
1010,10.09,2,2.564479112625122
1011,10.1,2,2.455329418182373
1012,10.11,2,2.5637340545654297
1013,10.12,2,2.587700843811035
1014,10.13,2,2.578050136566162
1015,10.14,2,2.46877384185791
1016,10.15,2,2.462459087371826
1017,10.16,2,2.427891254425049
1018,10.17,2,2.695046901702881
1019,10.18,2,2.5557665824890137
1020,10.19,2,2.4993057250976562
1021,10.2,2,2.677272081375122
1022,10.21,2,2.5683536529541016
1023,10.22,2,2.4457876682281494
1024,10.23,2,2.6114249229431152
1025,10.24,2,2.6628973484039307
1026,10.25,2,2.527541160583496
1027,10.26,2,2.4882044792175293
1028,10.27,2,2.597557544708252
1029,10.28,2,2.6408872604370117
1030,10.29,2,2.5361318588256836
1031,10.3,2,2.445716142654419
1032,10.31,2,2.510876178741455
1033,10.32,2,2.4872183799743652
1034,10.33,2,2.8361449241638184
1035,10.34,2,2.590999126434326
1036,10.35,2,2.465980052947998
1037,10.36,2,2.8183813095092773
1038,10.37,2,2.803647994995117
1039,10.38,2,2.753641128540039
1040,10.39,2,2.515326499938965
1041,10.4,2,2.6172754764556885
1042,10.41,2,2.5728678703308105
1043,10.42,2,2.5424413681030273
1044,10.43,2,2.475940704345703
1045,10.44,2,2.5727546215057373
1046,10.45,2,2.4596519470214844
1047,10.46,2,2.446061372756958
1048,10.47,2,2.5855541229248047
1049,10.48,2,2.543667793273926
1050,10.49,2,2.5200209617614746
1051,10.5,2,2.811858654022217
1052,10.51,2,2.5311408042907715
1053,10.52,2,2.527233600616455
1054,10.53,2,2.6299734115600586
1055,10.54,2,2.515514373779297
1056,10.55,2,2.512284755706787
1057,10.56,2,2.516514778137207
1058,10.57,2,2.4695985317230225
1059,10.58,2,2.5593361854553223
1060,10.59,2,2.530518054962158
1061,10.6,2,2.6085076332092285
1062,10.61,2,2.5811760425567627
1063,10.62,2,2.5510401725769043
1064,10.63,2,2.630403995513916
1065,10.64,2,2.7090158462524414
1066,10.65,2,2.6206696033477783
1067,10.66,2,2.5853490829467773
1068,10.67,2,2.9119629859924316
1069,10.68,2,2.6550350189208984
1070,10.69,2,2.663795232772827
1071,10.7,2,2.517975330352783
1072,10.71,2,2.553286075592041
1073,10.72,2,2.494246006011963
1074,10.73,2,2.55526065826416
1075,10.74,2,2.6382007598876953
1076,10.75,2,2.5594687461853027
1077,10.76,2,2.777299404144287
1078,10.77,2,2.7030608654022217
1079,10.78,2,2.709652900695801
1080,10.79,2,2.573134660720825
1081,10.8,2,2.524867534637451
1082,10.81,2,2.6109867095947266
1083,10.82,2,2.4847850799560547
1084,10.83,2,2.5361275672912598
1085,10.84,2,2.499938488006592
1086,10.85,2,2.5767908096313477
1087,10.86,2,2.6237354278564453
1088,10.87,2,2.5247621536254883
1089,10.88,2,2.6972270011901855
1090,10.89,2,2.505338668823242
1091,10.9,2,2.5227179527282715
1092,10.91,2,2.6236324310302734
1093,10.92,2,2.5457019805908203
1094,10.93,2,2.5220181941986084
1095,10.94,2,2.4938676357269287
1096,10.95,2,2.6742968559265137
1097,10.96,2,2.5457963943481445
1098,10.97,2,2.554553985595703
1099,10.98,2,2.430593967437744
1100,10.99,2,2.5386834144592285
1101,11.0,2,2.793369770050049
1102,11.01,2,2.558357000350952
1103,11.02,2,2.476858615875244
1104,11.03,2,2.4458394050598145
1105,11.04,2,2.561598300933838
1106,11.05,1,2.403731107711792
1107,11.06,1,2.7143256664276123
1108,11.07,1,2.6950783729553223
1109,11.08,1,2.499159097671509
1110,11.09,1,2.625844955444336
1111,11.1,1,2.594827890396118
1112,11.11,2,2.5991950035095215
1113,11.12,2,2.511622905731201
1114,11.13,2,2.5202908515930176
1115,11.14,1,2.4661002159118652
1116,11.15,2,2.624447822570801
1117,11.16,1,2.888110637664795
1118,11.17,1,2.966671943664551
1119,11.18,1,2.5368709564208984
1120,11.19,1,2.5908048152923584
1121,11.2,1,2.580354928970337
1122,11.21,1,2.4543368816375732
1123,11.22,1,2.502545118331909
1124,11.23,1,2.5694797039031982
1125,11.24,1,2.5315146446228027
1126,11.25,1,2.51474666595459
1127,11.26,1,2.834805488586426
1128,11.27,1,2.8737306594848633
1129,11.28,2,2.9489169120788574
1130,11.29,2,2.690950393676758
1131,11.3,1,2.7221128940582275
1132,11.31,1,2.580401659011841
1133,11.32,2,3.0724356174468994
1134,11.33,1,2.6692566871643066
1135,11.34,1,2.6532785892486572
1136,11.35,1,2.5188868045806885
1137,11.36,1,2.7340736389160156
1138,11.37,1,2.463963508605957
1139,11.38,1,2.689527988433838
1140,11.39,1,2.4522554874420166
1141,11.4,1,2.494149923324585
1142,11.41,1,2.479010820388794
1143,11.42,1,2.7594985961914062
1144,11.43,1,2.4145965576171875
1145,11.44,1,2.678006887435913
1146,11.45,1,2.709667921066284
1147,11.46,1,2.6789958477020264
1148,11.47,1,2.7336955070495605
1149,11.48,1,2.5442206859588623
1150,11.49,2,2.9378013610839844
1151,11.5,2,2.5715224742889404
1152,11.51,2,2.7113535404205322
1153,11.52,2,2.7579550743103027
1154,11.53,3,2.7068958282470703
1155,11.54,2,2.5069572925567627
1156,11.55,2,2.7146143913269043
1157,11.56,2,2.4570884704589844
1158,11.57,2,2.6606483459472656
1159,11.58,2,2.525510311126709
1160,11.59,3,2.8540408611297607
1161,11.6,2,2.6017324924468994
1162,11.61,2,2.593933582305908
1163,11.62,2,2.6468536853790283
1164,11.63,2,2.5777993202209473
1165,11.64,2,2.4372787475585938
1166,11.65,2,2.480544328689575
1167,11.66,2,2.6676650047302246
1168,11.67,2,2.4750499725341797
1169,11.68,2,2.486147403717041
1170,11.69,2,2.4388158321380615
1171,11.7,2,2.6624462604522705
1172,11.71,2,2.5382633209228516
1173,11.72,2,2.5990066528320312
1174,11.73,2,2.6040120124816895
1175,11.74,2,2.5773141384124756
1176,11.75,2,2.805706739425659
1177,11.76,2,2.4424195289611816
1178,11.77,2,2.6406407356262207
1179,11.78,2,2.506606101989746
1180,11.79,2,2.5096054077148438
1181,11.8,2,2.5380375385284424
1182,11.81,2,2.615177631378174
1183,11.82,2,2.5151987075805664
1184,11.83,2,2.8028645515441895
1185,11.84,2,2.802576780319214
1186,11.85,2,2.77907657623291
1187,11.86,2,2.6493277549743652
1188,11.87,2,2.483675003051758
1189,11.88,2,2.7215662002563477
1190,11.89,2,2.4631924629211426
1191,11.9,2,2.5829343795776367
1192,11.91,2,2.5969762802124023
1193,11.92,2,2.4828364849090576
1194,11.93,2,2.6296682357788086
1195,11.94,2,2.6107635498046875
1196,11.95,2,2.688546657562256
1197,11.96,2,2.450692653656006
1198,11.97,2,2.5883216857910156
1199,11.98,2,2.5644350051879883
1200,11.99,2,2.656951904296875
1201,12.0,2,2.6381287574768066
1202,12.01,2,2.5295796394348145
1203,12.02,3,2.8352553844451904
1204,12.03,2,2.508063793182373
1205,12.04,2,2.54451847076416
1206,12.05,2,2.921029567718506
1207,12.06,2,2.6486008167266846
1208,12.07,2,2.533083438873291
1209,12.08,2,2.7328779697418213
1210,12.09,2,2.578887939453125
1211,12.1,2,2.6552112102508545
1212,12.11,2,2.833604335784912
1213,12.12,2,2.5826210975646973
1214,12.13,2,2.494176149368286
1215,12.14,2,2.4994473457336426
1216,12.15,2,2.582773447036743
1217,12.16,2,2.5738940238952637
1218,12.17,2,2.758974552154541
1219,12.18,2,2.609013080596924
1220,12.19,2,2.7618513107299805
1221,12.2,2,2.7851054668426514
1222,12.21,2,2.5547642707824707
1223,12.22,2,2.5357978343963623
1224,12.23,2,2.607819080352783
1225,12.24,2,2.649165630340576
1226,12.25,2,2.6281790733337402
1227,12.26,2,2.6290283203125
1228,12.27,2,2.603273391723633
1229,12.28,2,2.7585129737854004
1230,12.29,2,2.6757278442382812
1231,12.3,2,2.6051440238952637
1232,12.31,2,2.746117353439331
1233,12.32,2,2.48766827583313
1234,12.33,2,2.5965981483459473
1235,12.34,2,2.4502663612365723
1236,12.35,2,2.6184492111206055
1237,12.36,2,2.5093765258789062
1238,12.37,2,2.4805994033813477
1239,12.38,2,2.499566078186035
1240,12.39,2,2.524474859237671
1241,12.4,2,2.8092525005340576
1242,12.41,2,2.5763700008392334
1243,12.42,2,2.5655245780944824
1244,12.43,2,2.53234601020813
1245,12.44,2,2.6027660369873047
1246,12.45,2,2.8360133171081543
1247,12.46,2,2.4485480785369873
1248,12.47,2,2.591707944869995
1249,12.48,2,2.706202983856201
1250,12.49,2,2.4841690063476562
1251,12.5,2,2.6548476219177246
1252,12.51,3,2.7710206508636475
1253,12.52,2,2.6429264545440674
1254,12.53,2,2.6465559005737305
1255,12.54,2,2.5583689212799072
1256,12.55,2,2.6607208251953125
1257,12.56,2,2.756227970123291
1258,12.57,2,2.5618724822998047
1259,12.58,2,2.5361409187316895
1260,12.59,2,2.4164276123046875
1261,12.6,2,2.672971248626709
1262,12.61,2,2.6300618648529053
1263,12.62,2,2.5048165321350098
1264,12.63,2,2.5178747177124023
1265,12.64,3,2.8732054233551025
1266,12.65,3,2.815401792526245
1267,12.66,2,2.6246085166931152
1268,12.67,3,2.847801923751831
1269,12.68,2,2.6772193908691406
1270,12.69,2,2.693358898162842
1271,12.7,2,2.718449115753174
1272,12.71,2,2.5722994804382324
1273,12.72,2,2.532801389694214
1274,12.73,2,2.5228471755981445
1275,12.74,2,2.509329319000244
1276,12.75,2,2.599618911743164
1277,12.76,2,2.6603779792785645
1278,12.77,1,2.380509376525879
1279,12.78,1,2.4427759647369385
1280,12.79,1,2.4369893074035645
1281,12.8,1,2.4316723346710205
1282,12.81,1,2.554614543914795
1283,12.82,1,2.5168375968933105
1284,12.83,1,2.4022328853607178
1285,12.84,1,2.4707705974578857
1286,12.85,2,2.5626471042633057
1287,12.86,1,2.8913772106170654
1288,12.87,1,2.488492727279663
1289,12.88,1,2.6037404537200928
1290,12.89,1,2.488706111907959
1291,12.9,1,2.8113443851470947
1292,12.91,1,2.7646656036376953
1293,12.92,1,2.6244001388549805
1294,12.93,2,2.6377038955688477
1295,12.94,2,2.4743094444274902
1296,12.95,2,2.7300710678100586
1297,12.96,2,2.620368003845215
1298,12.97,2,2.533686876296997
1299,12.98,1,2.4276273250579834
1300,12.99,1,2.6096718311309814
1301,13.0,1,2.9431376457214355
1302,13.01,1,2.472553253173828
1303,13.02,1,2.600029706954956
1304,13.03,1,2.5757248401641846
1305,13.04,0,
1306,13.05,0,
1307,13.06,0,
1308,13.07,0,
1309,13.08,1,2.6736676692962646
1310,13.09,2,2.7345337867736816
1311,13.1,2,2.727870464324951
1312,13.11,1,2.3919594287872314
1313,13.12,1,2.451338529586792
1314,13.13,2,3.015962839126587
1315,13.14,2,2.671344041824341
1316,13.15,2,2.757202386856079
1317,13.16,2,2.7309410572052
1318,13.17,2,2.756110668182373
1319,13.18,2,3.021650552749634
1320,13.19,2,2.9217677116394043
1321,13.2,2,2.8624966144561768
1322,13.21,1,2.452282428741455
1323,13.22,2,2.936223030090332
1324,13.23,2,2.737884998321533
1325,13.24,2,2.7948005199432373
1326,13.25,2,2.6815333366394043
1327,13.26,2,2.6009597778320312
1328,13.27,2,2.659308910369873
1329,13.28,2,2.689100742340088
1330,13.29,2,2.682851552963257
1331,13.3,2,2.9047584533691406
1332,13.31,2,3.033633232116699
1333,13.32,1,2.647308588027954
1334,13.33,1,2.546623468399048
1335,13.34,2,2.834336996078491
1336,13.35,2,2.8414433002471924
1337,13.36,2,2.723327159881592
1338,13.37,2,2.706310272216797
1339,13.38,2,2.742854118347168
1340,13.39,2,2.85026216506958
1341,13.4,2,2.5133306980133057
1342,13.41,2,2.6585183143615723
1343,13.42,1,2.461852788925171
1344,13.43,1,2.551292657852173
1345,13.44,1,2.4080517292022705
1346,13.45,1,2.6772732734680176
1347,13.46,1,2.6593780517578125
1348,13.47,1,2.3777966499328613
1349,13.48,1,2.7701008319854736
1350,13.49,2,2.9520130157470703
1351,13.5,2,2.942882537841797
1352,13.51,1,2.5358426570892334
1353,13.52,2,2.5967471599578857
1354,13.53,2,2.770388126373291
1355,13.54,2,2.7341065406799316
1356,13.55,1,2.559325695037842
1357,13.56,2,2.881948947906494
1358,13.57,1,2.6116585731506348
1359,13.58,2,2.875717878341675
1360,13.59,3,2.6469638347625732
1361,13.6,2,2.908026695251465
1362,13.61,2,2.5777339935302734
1363,13.62,2,2.5659005641937256
1364,13.63,2,2.6651477813720703
1365,13.64,2,2.6514945030212402
1366,13.65,2,2.7457950115203857
1367,13.66,2,2.8173770904541016
1368,13.67,2,2.559360980987549
1369,13.68,2,2.927661895751953
1370,13.69,2,2.7689249515533447
1371,13.7,2,2.6065614223480225
1372,13.71,2,2.6815853118896484
1373,13.72,2,2.6094043254852295
1374,13.73,2,2.888014554977417
1375,13.74,1,3.448256731033325
1376,13.75,2,2.7048542499542236
1377,13.76,2,2.7559852600097656
1378,13.77,2,2.6534605026245117
1379,13.78,2,2.87396240234375
1380,13.79,2,2.8787684440612793
1381,13.8,1,2.702524185180664
1382,13.81,2,2.8171894550323486
1383,13.82,2,2.7904512882232666
1384,13.83,1,2.531834602355957
1385,13.84,1,2.5208399295806885
1386,13.85,1,2.4206652641296387
1387,13.86,1,2.521083354949951
1388,13.87,1,2.468271017074585
1389,13.88,1,2.791036367416382
1390,13.89,1,2.5426743030548096
1391,13.9,1,2.6500895023345947
1392,13.91,1,2.543206214904785
1393,13.92,1,2.7983522415161133
1394,13.93,1,2.5687451362609863
1395,13.94,1,2.681270122528076
1396,13.95,1,2.5063207149505615
1397,13.96,1,2.4667611122131348
1398,13.97,1,2.5873031616210938
1399,13.98,1,2.608168363571167
1400,13.99,1,2.4484703540802
1401,14.0,1,2.5448479652404785
1402,14.01,1,2.570326566696167
1403,14.02,1,2.4737768173217773
1404,14.03,1,2.6284849643707275
1405,14.04,1,2.3891053199768066
1406,14.05,1,2.756453037261963
1407,14.06,1,2.4707067012786865
1408,14.07,1,2.5032882690429688
1409,14.08,1,2.4813833236694336
1410,14.09,1,2.4689362049102783
1411,14.1,1,2.582414388656616
1412,14.11,1,2.5328621864318848
1413,14.12,2,2.656067371368408
1414,14.13,1,2.476224660873413
1415,14.14,1,2.7257301807403564
1416,14.15,1,2.4975550174713135
1417,14.16,2,2.6008100509643555
1418,14.17,1,2.601914644241333
1419,14.18,2,2.9177520275115967
1420,14.19,1,2.5279016494750977
1421,14.2,2,2.5657100677490234
1422,14.21,2,2.5714457035064697
1423,14.22,3,2.577275037765503
1424,14.23,3,2.702397346496582
1425,14.24,3,2.6384174823760986
1426,14.25,3,2.6662485599517822
1427,14.26,3,2.6208767890930176
1428,14.27,2,2.581017017364502
1429,14.28,3,2.790647506713867
1430,14.29,3,2.829071044921875
1431,14.3,3,2.5519096851348877
1432,14.31,3,2.6514976024627686
1433,14.32,3,2.8055946826934814
1434,14.33,2,2.418670177459717
1435,14.34,3,2.6174237728118896
1436,14.35,3,2.670447587966919
1437,14.36,3,2.8072054386138916
1438,14.37,4,2.6560544967651367
1439,14.38,4,2.6824305057525635
1440,14.39,4,2.5865061283111572
1441,14.4,4,2.685849189758301
1442,14.41,4,2.6593217849731445
1443,14.42,4,2.6988136768341064
1444,14.43,4,2.6707239151000977
1445,14.44,4,2.5473506450653076
1446,14.45,4,2.7896406650543213
1447,14.46,4,2.663849353790283
1448,14.47,3,2.5058672428131104
1449,14.48,4,2.611820697784424
1450,14.49,5,2.7711777687072754
1451,14.5,4,2.577066421508789
1452,14.51,4,2.530426502227783
1453,14.52,3,2.55794620513916
1454,14.53,3,2.5698184967041016
1455,14.54,4,2.7767832279205322
1456,14.55,3,2.588829755783081
1457,14.56,4,2.643669605255127
1458,14.57,3,2.4913129806518555
1459,14.58,5,2.8317596912384033
1460,14.59,3,2.5563809871673584
1461,14.6,3,2.6210992336273193
1462,14.61,3,2.4410791397094727
1463,14.62,4,2.747544288635254
1464,14.63,4,2.625335693359375
1465,14.64,4,2.7846884727478027
1466,14.65,4,2.648994207382202
1467,14.66,4,2.7760589122772217
1468,14.67,4,2.72261118888855
1469,14.68,4,2.7292776107788086
1470,14.69,4,2.567884922027588
1471,14.7,3,2.591350793838501
1472,14.71,4,2.7334160804748535
1473,14.72,4,2.645066261291504
1474,14.73,4,2.782871723175049
1475,14.74,4,2.547895908355713
1476,14.75,4,2.6878695487976074
1477,14.76,4,2.6548573970794678
1478,14.77,4,2.7810959815979004
1479,14.78,4,2.78741717338562
1480,14.79,4,2.7086453437805176
1481,14.8,4,2.6770222187042236
1482,14.81,4,2.6515307426452637
1483,14.82,4,2.7627112865448
1484,14.83,4,2.6305017471313477
1485,14.84,4,2.6604700088500977
1486,14.85,3,2.501781463623047
1487,14.86,4,2.727707862854004
1488,14.87,4,2.7168357372283936
1489,14.88,4,2.721247434616089
1490,14.89,3,2.5431296825408936
1491,14.9,4,2.587597370147705
1492,14.91,4,2.880373001098633
1493,14.92,4,2.7083394527435303
1494,14.93,4,2.7167420387268066
1495,14.94,4,2.742764472961426
1496,14.95,3,2.6015512943267822
1497,14.96,3,2.549640417098999
1498,14.97,3,2.5519745349884033
1499,14.98,4,2.6802937984466553
1500,14.99,3,2.645317316055298
1501,15.0,3,2.6186888217926025
1502,15.01,4,2.6985716819763184
1503,15.02,3,2.47383713722229
1504,15.03,3,2.4420173168182373
1505,15.04,3,2.486553430557251
1506,15.05,5,2.9062652587890625
1507,15.06,3,2.7438316345214844
1508,15.07,4,2.7422804832458496
1509,15.08,4,2.641366481781006
1510,15.09,4,2.7152750492095947
1511,15.1,4,2.7447872161865234
1512,15.11,4,2.5842041969299316
1513,15.12,4,2.593366861343384
1514,15.13,4,2.578787326812744
1515,15.14,3,2.506164312362671
1516,15.15,4,2.7245469093322754
1517,15.16,4,2.6592612266540527
1518,15.17,4,2.68668532371521
1519,15.18,4,2.6531078815460205
1520,15.19,4,2.6529757976531982
1521,15.2,4,2.588563919067383
1522,15.21,3,2.610121488571167
1523,15.22,3,2.6569631099700928
1524,15.23,3,2.4516618251800537
1525,15.24,3,2.5622127056121826
1526,15.25,4,2.7582061290740967
1527,15.26,3,2.475844383239746
1528,15.27,3,2.614210367202759
1529,15.28,4,2.675351619720459
1530,15.29,4,2.6354267597198486
1531,15.3,3,2.5838077068328857
1532,15.31,4,2.714322805404663
1533,15.32,4,2.557462215423584
1534,15.33,4,2.6595513820648193
1535,15.34,4,2.80655574798584
1536,15.35,4,2.7319557666778564
1537,15.36,4,2.5979886054992676
1538,15.37,4,2.7922911643981934
1539,15.38,4,2.6041977405548096
1540,15.39,4,2.618104934692383
1541,15.4,4,2.5593490600585938
1542,15.41,4,2.6090269088745117
1543,15.42,4,2.57468581199646
1544,15.43,4,2.667898178100586
1545,15.44,4,2.6607625484466553
1546,15.45,4,2.5190441608428955
1547,15.46,4,2.591262102127075
1548,15.47,4,2.540694236755371
1549,15.48,4,2.6743571758270264
1550,15.49,4,2.5746378898620605
1551,15.5,4,2.609271764755249
1552,15.51,4,2.550520420074463
1553,15.52,3,2.5160233974456787
1554,15.53,4,2.5827698707580566
1555,15.54,4,2.541471004486084
1556,15.55,4,2.549182891845703
1557,15.56,3,2.4696083068847656
1558,15.57,4,2.857527017593384
1559,15.58,4,2.62062406539917
1560,15.59,4,2.5676424503326416
1561,15.6,4,2.598909854888916
1562,15.61,4,2.6189141273498535
1563,15.62,4,2.704953670501709
1564,15.63,3,2.6329967975616455
1565,15.64,4,2.6088578701019287
1566,15.65,4,2.7959091663360596
1567,15.66,4,2.586721420288086
1568,15.67,4,2.561382293701172
1569,15.68,4,2.644134998321533
1570,15.69,4,2.7088732719421387
1571,15.7,5,2.8303723335266113
1572,15.71,4,2.616042137145996
1573,15.72,4,2.704911708831787
1574,15.73,4,2.583320140838623
1575,15.74,3,2.8065106868743896
1576,15.75,4,2.6255624294281006
1577,15.76,3,2.7860519886016846
1578,15.77,4,2.5894315242767334
1579,15.78,4,2.6560018062591553
1580,15.79,4,2.499211311340332
1581,15.8,4,2.6704630851745605
1582,15.81,4,2.7210044860839844
1583,15.82,4,2.6361870765686035
1584,15.83,3,2.751265287399292
1585,15.84,3,2.5483033657073975
1586,15.85,4,2.6428611278533936
1587,15.86,3,2.5960938930511475
1588,15.87,4,2.7095046043395996
1589,15.88,4,2.6676623821258545
1590,15.89,4,2.5909996032714844
1591,15.9,3,2.6114556789398193
1592,15.91,4,2.608743667602539
1593,15.92,4,2.671724796295166
1594,15.93,4,2.743891477584839
1595,15.94,4,2.6359686851501465
1596,15.95,4,2.7731966972351074
1597,15.96,4,2.760714530944824
1598,15.97,4,2.67944598197937
1599,15.98,4,2.717329502105713
1600,15.99,4,2.622605323791504
1601,16.0,4,2.5492610931396484
1602,16.01,4,2.546813488006592
1603,16.02,4,2.661005973815918
1604,16.03,4,2.711232900619507
1605,16.04,4,2.5854952335357666
1606,16.05,4,2.576944589614868
1607,16.06,4,2.6570591926574707
1608,16.07,4,2.6510770320892334
1609,16.08,4,2.696037530899048
1610,16.09,4,2.5387940406799316
1611,16.1,4,2.6747853755950928
1612,16.11,4,2.6230199337005615
1613,16.12,4,2.685706377029419
1614,16.13,4,2.5540833473205566
1615,16.14,4,2.663316011428833
1616,16.15,5,2.8219223022460938
1617,16.16,5,2.803941488265991
1618,16.17,4,2.802385091781616
1619,16.18,4,2.6093645095825195
1620,16.19,3,2.5698063373565674
1621,16.2,4,2.7547709941864014
1622,16.21,4,2.588003635406494
1623,16.22,4,2.554809808731079
1624,16.23,4,2.6683788299560547
1625,16.24,3,2.5900821685791016
1626,16.25,4,2.5665154457092285
1627,16.26,4,2.7665016651153564
1628,16.27,4,2.582981586456299
1629,16.28,4,2.6191554069519043
1630,16.29,4,2.5990681648254395
1631,16.3,4,2.588480234146118
1632,16.31,4,2.703977108001709
1633,16.32,4,2.745143413543701
1634,16.33,4,2.6550967693328857
1635,16.34,3,2.482595205307007
1636,16.35,3,2.4721920490264893
1637,16.36,4,2.6467490196228027
1638,16.37,4,2.587902069091797
1639,16.38,4,2.55134654045105
1640,16.39,4,2.7141010761260986
1641,16.4,3,2.633974313735962
1642,16.41,3,2.6362054347991943
1643,16.42,3,2.5555360317230225
1644,16.43,4,2.73895263671875
1645,16.44,4,2.546610116958618
1646,16.45,4,2.6139841079711914
1647,16.46,5,2.764763116836548
1648,16.47,4,2.569793462753296
1649,16.48,4,2.7023472785949707
1650,16.49,4,2.7664828300476074
1651,16.5,4,2.8170297145843506
1652,16.51,4,2.6922099590301514
1653,16.52,4,2.6158323287963867
1654,16.53,4,2.6857852935791016
1655,16.54,4,2.5986459255218506
1656,16.55,3,2.4748268127441406
1657,16.56,4,2.6946189403533936
1658,16.57,4,2.624039649963379
1659,16.58,4,2.728825569152832
1660,16.59,3,2.531888008117676
1661,16.6,4,2.5758206844329834
1662,16.61,4,2.601351737976074
1663,16.62,4,2.636558771133423
1664,16.63,3,2.571059465408325
1665,16.64,4,2.794163942337036
1666,16.65,3,2.5001866817474365
1667,16.66,3,2.579310655593872
1668,16.67,4,2.6779894828796387
1669,16.68,4,2.582454204559326
1670,16.69,4,2.65881609916687
1671,16.7,4,2.7023305892944336
1672,16.71,3,2.5469510555267334
1673,16.72,3,2.5936882495880127
1674,16.73,4,2.6819257736206055
1675,16.74,3,2.6248576641082764
1676,16.75,3,2.5224857330322266
1677,16.76,3,2.5793497562408447
1678,16.77,3,2.5325801372528076
1679,16.78,3,2.4947807788848877
1680,16.79,3,2.423539638519287
1681,16.8,3,2.5316340923309326
1682,16.81,4,2.688312530517578
1683,16.82,4,2.7403483390808105
1684,16.83,3,2.536485433578491
1685,16.84,5,2.726116895675659
1686,16.85,4,2.7821457386016846
1687,16.86,4,2.8656485080718994
1688,16.87,3,2.516212224960327
1689,16.88,3,2.721768617630005
1690,16.89,3,2.7189245223999023
1691,16.9,3,2.5951955318450928
1692,16.91,3,2.534266710281372
1693,16.92,3,2.5844080448150635
1694,16.93,3,2.6254937648773193
1695,16.94,3,2.618664503097534
1696,16.95,3,2.7601821422576904
1697,16.96,3,2.6053898334503174
1698,16.97,2,2.5967671871185303
1699,16.98,3,2.6002864837646484
1700,16.99,4,2.642202377319336
1701,17.0,4,2.6389949321746826
1702,17.01,4,2.6311049461364746
1703,17.02,4,2.6310923099517822
1704,17.03,4,2.740142822265625
1705,17.04,4,2.6568543910980225
1706,17.05,4,2.6150805950164795
1707,17.06,4,2.738713264465332
1708,17.07,4,2.6413378715515137
1709,17.08,4,2.7872908115386963
1710,17.09,4,2.6339902877807617
1711,17.1,3,2.492793560028076
1712,17.11,4,2.5916121006011963
1713,17.12,4,2.624185800552368
1714,17.13,4,2.6892502307891846
1715,17.14,4,2.6891002655029297
1716,17.15,5,2.8510475158691406
1717,17.16,4,2.6514475345611572
1718,17.17,4,2.6105618476867676
1719,17.18,4,2.6341278553009033
1720,17.19,4,2.5219507217407227
1721,17.2,4,2.5861897468566895
1722,17.21,4,2.7784132957458496
1723,17.22,4,2.5871033668518066
1724,17.23,5,2.7704784870147705
1725,17.24,4,2.687952995300293
1726,17.25,4,2.61375093460083
1727,17.26,4,2.865706443786621
1728,17.27,5,2.760974407196045
1729,17.28,4,2.6551694869995117
1730,17.29,3,2.6064836978912354
1731,17.3,4,2.777489185333252
1732,17.31,4,2.581773042678833
1733,17.32,4,2.589362621307373
1734,17.33,4,2.6715614795684814
1735,17.34,3,2.589808225631714
1736,17.35,4,2.6939682960510254
1737,17.36,4,2.604182481765747
1738,17.37,3,2.526954174041748
1739,17.38,3,2.710537910461426
1740,17.39,3,2.573526382446289
1741,17.4,3,2.578421115875244
1742,17.41,2,2.618252992630005
1743,17.42,2,2.660676956176758
1744,17.43,2,2.5434374809265137
1745,17.44,2,2.4998064041137695
1746,17.45,2,2.470896005630493
1747,17.46,3,2.6146504878997803
1748,17.47,3,2.6958234310150146
1749,17.48,3,2.5676496028900146
1750,17.49,3,2.5337913036346436
1751,17.5,3,2.500924825668335
1752,17.51,4,2.7318811416625977
1753,17.52,5,2.72377347946167
1754,17.53,5,2.730851650238037
1755,17.54,4,2.597352981567383
1756,17.55,4,2.6381237506866455
1757,17.56,4,2.7617924213409424
1758,17.57,5,2.803013563156128
1759,17.58,4,2.5738275051116943
1760,17.59,5,2.671543598175049
1761,17.6,5,2.680896282196045
1762,17.61,6,2.802157402038574
1763,17.62,5,2.8624045848846436
1764,17.63,4,2.683523416519165
1765,17.64,4,2.664513111114502
1766,17.65,4,2.7666471004486084
1767,17.66,5,2.7979187965393066
1768,17.67,7,2.791788339614868
1769,17.68,6,2.7581050395965576
1770,17.69,6,2.7964999675750732
1771,17.7,7,2.8214969635009766
1772,17.71,5,2.6513400077819824
1773,17.72,6,2.760197877883911
1774,17.73,7,2.8260905742645264
1775,17.74,7,2.817099094390869
1776,17.75,6,2.711393117904663
1777,17.76,5,2.6620819568634033
1778,17.77,5,2.72948956489563
1779,17.78,6,2.8609092235565186
1780,17.79,7,2.7660014629364014
1781,17.8,6,2.748089075088501
1782,17.81,4,2.6677653789520264
1783,17.82,4,2.544633626937866
1784,17.83,4,2.719524383544922
1785,17.84,4,2.66628360748291
1786,17.85,4,2.7191779613494873
1787,17.86,4,2.7318286895751953
1788,17.87,4,2.657388687133789
1789,17.88,4,2.6983537673950195
1790,17.89,3,2.5840842723846436
1791,17.9,4,2.586843967437744
1792,17.91,4,2.6083059310913086
1793,17.92,3,2.44433331489563
1794,17.93,3,2.5271434783935547
1795,17.94,3,2.737281560897827
1796,17.95,3,2.638190507888794
1797,17.96,3,2.701105833053589
1798,17.97,2,2.481586456298828
1799,17.98,3,2.6669254302978516
1800,17.99,3,2.7280807495117188
1801,18.0,3,2.7418558597564697
1802,18.01,2,2.7821412086486816
1803,18.02,2,2.612466812133789
1804,18.03,2,2.847731590270996
1805,18.04,3,2.910010576248169
1806,18.05,3,3.0137932300567627
1807,18.06,2,2.7232718467712402
1808,18.07,2,2.8411035537719727
1809,18.08,2,2.876771926879883
1810,18.09,2,2.7749814987182617
1811,18.1,1,2.640103340148926
1812,18.11,2,2.651426076889038
1813,18.12,2,2.7333946228027344
1814,18.13,2,2.6925857067108154
1815,18.14,2,2.8749966621398926
1816,18.15,2,2.6493935585021973
1817,18.16,2,2.648784637451172
1818,18.17,2,2.5808796882629395
1819,18.18,2,2.822970390319824
1820,18.19,2,2.7259130477905273
1821,18.2,2,2.8839688301086426
1822,18.21,1,2.520944118499756
1823,18.22,1,2.474693775177002
1824,18.23,1,2.8603546619415283
1825,18.24,2,2.6348040103912354
1826,18.25,1,2.485119104385376
1827,18.26,2,2.809281587600708
1828,18.27,1,3.129680871963501
1829,18.28,2,2.7972190380096436
1830,18.29,1,2.6665005683898926
1831,18.3,1,2.5175206661224365
1832,18.31,2,2.8455371856689453
1833,18.32,2,2.946695566177368
1834,18.33,2,2.7702274322509766
1835,18.34,2,2.66666841506958
1836,18.35,3,2.6474924087524414
1837,18.36,2,2.8034420013427734
1838,18.37,2,2.506653308868408
1839,18.38,2,2.6989991664886475
1840,18.39,3,2.639984130859375
1841,18.4,3,2.5949184894561768
1842,18.41,3,2.5759875774383545
1843,18.42,3,2.5719716548919678
1844,18.43,3,2.6143429279327393
1845,18.44,3,2.719801664352417
1846,18.45,3,2.7016537189483643
1847,18.46,3,2.6680755615234375
1848,18.47,3,2.796351194381714
1849,18.48,3,2.590423345565796
1850,18.49,3,2.639158010482788
1851,18.5,3,2.626760721206665
1852,18.51,3,2.7627499103546143
1853,18.52,3,2.672316551208496
1854,18.53,3,2.707449197769165
1855,18.54,3,2.7531490325927734
1856,18.55,3,2.6985771656036377
1857,18.56,3,2.668262243270874
1858,18.57,3,2.735445737838745
1859,18.58,3,2.7173633575439453
1860,18.59,3,2.6999542713165283
1861,18.6,2,2.5346477031707764
1862,18.61,2,2.566554546356201
1863,18.62,3,2.667466402053833
1864,18.63,2,2.6971092224121094
1865,18.64,2,2.89154052734375
1866,18.65,1,2.4017417430877686
1867,18.66,2,2.7475028038024902
1868,18.67,2,2.536405086517334
1869,18.68,2,2.6562952995300293
1870,18.69,2,2.57353138923645
1871,18.7,2,2.8526041507720947
1872,18.71,3,3.0087697505950928
1873,18.72,3,2.7738723754882812
1874,18.73,3,2.749964475631714
1875,18.74,3,2.8031208515167236
1876,18.75,2,2.7043004035949707
1877,18.76,3,2.9708023071289062
1878,18.77,3,2.924358367919922
1879,18.78,3,2.9487686157226562
1880,18.79,2,2.6461284160614014
1881,18.8,2,2.9238290786743164
1882,18.81,3,2.9113359451293945
1883,18.82,2,2.648066520690918
1884,18.83,2,2.6230835914611816
1885,18.84,2,2.6902427673339844
1886,18.85,2,2.512533664703369
1887,18.86,3,2.7955310344696045
1888,18.87,3,2.7645299434661865
1889,18.88,3,2.7687642574310303
1890,18.89,3,2.694903612136841
1891,18.9,3,2.713390350341797
1892,18.91,3,2.6983368396759033
1893,18.92,4,2.607858896255493
1894,18.93,3,2.4717366695404053
1895,18.94,4,2.7406558990478516
1896,18.95,5,2.901066780090332
1897,18.96,5,2.7330875396728516
1898,18.97,3,2.5740416049957275
1899,18.98,4,2.6910758018493652
1900,18.99,3,2.6830577850341797
1901,19.0,4,2.6672229766845703
1902,19.01,4,2.7023119926452637
1903,19.02,5,2.659804582595825
1904,19.03,3,2.6976001262664795
1905,19.04,3,2.6770524978637695
1906,19.05,3,2.5810940265655518
1907,19.06,3,2.535761833190918
1908,19.07,4,2.6014976501464844
1909,19.08,5,2.9352869987487793
1910,19.09,4,2.5424067974090576
1911,19.1,5,2.6875147819519043
1912,19.11,4,2.657271385192871
1913,19.12,3,2.6996448040008545
1914,19.13,3,2.8672845363616943
1915,19.14,4,2.7832279205322266
1916,19.15,4,2.829019069671631
1917,19.16,3,2.579890489578247
1918,19.17,3,2.519709825515747
1919,19.18,3,2.5335733890533447
1920,19.19,3,2.4325273036956787
1921,19.2,3,2.526623010635376
1922,19.21,3,2.584967613220215
1923,19.22,3,2.6046297550201416
1924,19.23,3,2.602653741836548
1925,19.24,3,2.6218178272247314
1926,19.25,3,2.6821048259735107
1927,19.26,3,2.6170711517333984
1928,19.27,3,2.595357894897461
1929,19.28,4,2.7287471294403076
1930,19.29,3,2.6109459400177
1931,19.3,3,2.8283252716064453
1932,19.31,3,2.742934465408325
1933,19.32,2,2.5928971767425537
1934,19.33,3,2.5288896560668945
1935,19.34,3,2.6337335109710693
1936,19.35,3,2.5464329719543457
1937,19.36,3,2.8058865070343018
1938,19.37,4,2.954763412475586
1939,19.38,3,2.7643253803253174
1940,19.39,4,2.816822052001953
1941,19.4,3,2.8565585613250732
1942,19.41,3,2.6140406131744385
1943,19.42,3,2.5702714920043945
1944,19.43,4,2.739062547683716
1945,19.44,3,2.8298757076263428
1946,19.45,3,2.572031021118164
1947,19.46,4,2.7309937477111816
1948,19.47,4,2.9126718044281006
1949,19.48,3,2.8050453662872314
1950,19.49,3,2.758399724960327
1951,19.5,4,2.701387882232666
1952,19.51,3,2.7551820278167725
1953,19.52,3,2.685922861099243
1954,19.53,3,2.7879812717437744
1955,19.54,3,2.6250967979431152
1956,19.55,3,2.875131845474243
1957,19.56,4,2.816580295562744
1958,19.57,3,2.5991222858428955
1959,19.58,4,2.722121238708496
1960,19.59,3,2.4956369400024414
1961,19.6,3,2.4458982944488525
1962,19.61,4,2.657104253768921
1963,19.62,3,2.5406572818756104
1964,19.63,3,2.489020586013794
1965,19.64,3,2.6752681732177734
1966,19.65,3,2.5137314796447754
1967,19.66,3,2.754526138305664
1968,19.67,3,2.6046361923217773
1969,19.68,3,2.622227907180786
1970,19.69,3,2.5172765254974365
1971,19.7,3,2.487105131149292
1972,19.71,3,2.583176612854004
1973,19.72,3,2.454716682434082
1974,19.73,3,2.6023929119110107
1975,19.74,3,2.6135799884796143
1976,19.75,3,2.4973974227905273
1977,19.76,3,2.6897735595703125
1978,19.77,3,2.554481267929077
1979,19.78,4,2.793377637863159
1980,19.79,3,2.9017398357391357
1981,19.8,3,2.6739864349365234
1982,19.81,3,2.6402175426483154
1983,19.82,4,2.747861385345459
1984,19.83,3,2.7134921550750732
1985,19.84,3,2.576918601989746
1986,19.85,2,2.500340461730957
1987,19.86,3,2.6059601306915283
1988,19.87,3,2.5202088356018066
1989,19.88,3,2.6063432693481445
1990,19.89,3,2.598386526107788
1991,19.9,3,2.54463529586792
1992,19.91,3,2.557260751724243
1993,19.92,3,2.6160101890563965
1994,19.93,3,2.550198793411255
1995,19.94,4,2.7274606227874756
1996,19.95,3,2.6311967372894287
1997,19.96,3,2.5842247009277344
1998,19.97,3,2.55832839012146
1999,19.98,3,2.605790376663208
2000,19.99,3,2.535156488418579
2001,20.0,3,2.5494422912597656
2002,20.01,4,2.665675640106201
2003,20.02,3,2.6185131072998047
2004,20.03,3,2.5914876461029053
2005,20.04,3,2.6784026622772217
2006,20.05,3,2.6428604125976562
2007,20.06,3,2.5089967250823975
2008,20.07,4,2.807433605194092
2009,20.08,3,2.609682321548462
2010,20.09,2,2.5496912002563477
2011,20.1,3,2.589641571044922
2012,20.11,3,2.8153066635131836
2013,20.12,3,2.6260621547698975
2014,20.13,3,2.5789201259613037
2015,20.14,3,2.506035089492798
2016,20.15,3,2.734373092651367
2017,20.16,3,2.635096788406372
2018,20.17,3,2.5138561725616455
2019,20.18,3,2.5922012329101562
2020,20.19,4,2.7667837142944336
2021,20.2,5,2.802093505859375
2022,20.21,3,2.5933237075805664
2023,20.22,3,2.6144344806671143
2024,20.23,3,2.5674214363098145
2025,20.24,3,2.702479362487793
2026,20.25,3,2.575515031814575
2027,20.26,3,2.6212759017944336
2028,20.27,4,2.699615716934204
2029,20.28,3,2.507535219192505
2030,20.29,4,2.890606164932251
2031,20.3,4,2.985316276550293
2032,20.31,4,2.789733409881592
2033,20.32,3,2.553420305252075
2034,20.33,3,2.5185396671295166
2035,20.34,3,2.705209493637085
2036,20.35,3,2.4179394245147705
2037,20.36,3,2.560436487197876
2038,20.37,3,2.687779664993286
2039,20.38,3,2.729337692260742
2040,20.39,3,2.536529064178467
2041,20.4,3,2.7249202728271484
2042,20.41,4,2.69948148727417
2043,20.42,4,2.66341495513916
2044,20.43,5,2.8809523582458496
2045,20.44,3,2.674194574356079
2046,20.45,4,2.767399787902832
2047,20.46,3,2.5267045497894287
2048,20.47,3,2.558805465698242
2049,20.48,3,2.503490924835205
2050,20.49,3,2.579500436782837
2051,20.5,5,2.67163348197937
2052,20.51,5,2.7569968700408936
2053,20.52,3,2.7335147857666016
2054,20.53,3,2.6473591327667236
2055,20.54,4,2.7885732650756836
2056,20.55,4,2.790922164916992
2057,20.56,3,2.4849741458892822
2058,20.57,3,2.5958428382873535
2059,20.58,3,2.7248857021331787
2060,20.59,4,2.828427791595459
2061,20.6,4,2.7439682483673096
2062,20.61,4,2.6769537925720215
2063,20.62,5,2.726461410522461
2064,20.63,4,2.7357988357543945
2065,20.64,3,2.59214186668396
2066,20.65,4,2.8115925788879395
2067,20.66,4,2.6706933975219727
2068,20.67,5,2.8158812522888184
2069,20.68,5,2.725355625152588
2070,20.69,3,2.6915652751922607
2071,20.7,5,2.8931500911712646
2072,20.71,3,2.49006724357605
2073,20.72,5,2.8180229663848877
2074,20.73,4,2.6835169792175293
2075,20.74,5,2.822244644165039
2076,20.75,4,2.7118947505950928
2077,20.76,3,2.4404571056365967
2078,20.77,3,2.729724168777466
2079,20.78,3,2.6145341396331787
2080,20.79,3,2.513333320617676
2081,20.8,3,2.6646728515625
2082,20.81,3,2.522247552871704
2083,20.82,3,2.598109245300293
2084,20.83,3,2.5314321517944336
2085,20.84,3,2.5739586353302
2086,20.85,3,2.5675032138824463
2087,20.86,3,2.581010103225708
2088,20.87,3,2.5341312885284424
2089,20.88,4,2.749250888824463
2090,20.89,4,2.6744441986083984
2091,20.9,3,2.583690881729126
2092,20.91,3,2.7573118209838867
2093,20.92,3,2.569857358932495
2094,20.93,3,2.756726026535034
2095,20.94,3,2.5629091262817383
2096,20.95,3,2.6601979732513428
2097,20.96,3,2.615647077560425
2098,20.97,4,2.8710885047912598
2099,20.98,3,2.497020721435547
2100,20.99,3,2.729299545288086
2101,21.0,3,2.6668198108673096
2102,21.01,3,2.7143051624298096
2103,21.02,2,2.627988815307617
2104,21.03,3,2.8012638092041016
2105,21.04,2,2.779432773590088
2106,21.05,2,2.541119337081909
2107,21.06,3,2.9162025451660156
2108,21.07,2,2.554882764816284
2109,21.08,3,2.9439592361450195
2110,21.09,2,2.605917453765869
2111,21.1,2,2.829796314239502
2112,21.11,2,2.6320877075195312
2113,21.12,2,2.659651041030884
2114,21.13,2,2.6101999282836914
2115,21.14,2,2.5339574813842773
2116,21.15,2,2.5569567680358887
2117,21.16,2,2.569789409637451
2118,21.17,2,2.5268337726593018
2119,21.18,2,2.5982272624969482
2120,21.19,2,2.726074695587158
2121,21.2,2,2.544168472290039
2122,21.21,2,2.6101908683776855
2123,21.22,2,2.5750036239624023
2124,21.23,2,2.7086682319641113
2125,21.24,2,2.4399261474609375
2126,21.25,2,2.5972886085510254
2127,21.26,2,2.5814335346221924
2128,21.27,3,2.802446126937866
2129,21.28,2,2.5025711059570312
2130,21.29,2,2.725722312927246
2131,21.3,2,2.6138365268707275
2132,21.31,3,2.7906410694122314
2133,21.32,2,2.620480537414551
2134,21.33,2,2.5501174926757812
2135,21.34,2,2.8017020225524902
2136,21.35,2,2.474095344543457
2137,21.36,3,2.933976888656616
2138,21.37,3,2.8972434997558594
2139,21.38,2,2.471302032470703
2140,21.39,3,2.8218114376068115
2141,21.4,3,2.848858118057251
2142,21.41,3,2.6615524291992188
2143,21.42,2,2.6993274688720703
2144,21.43,2,2.8251953125
2145,21.44,3,2.9050512313842773
2146,21.45,3,2.8665552139282227
2147,21.46,2,2.728254795074463
2148,21.47,2,2.680760383605957
2149,21.48,2,2.6915364265441895
2150,21.49,2,2.561373233795166
2151,21.5,3,2.904358148574829
2152,21.51,2,2.526303291320801
2153,21.52,2,2.69651460647583
2154,21.53,2,2.6308064460754395
2155,21.54,2,2.5980312824249268
2156,21.55,2,2.6047892570495605
2157,21.56,2,2.698904275894165
2158,21.57,2,2.723945140838623
2159,21.58,3,2.8266165256500244
2160,21.59,2,2.501662492752075
2161,21.6,2,2.668808937072754
2162,21.61,2,2.494108200073242
2163,21.62,3,2.9093780517578125
2164,21.63,2,2.5898876190185547
2165,21.64,2,2.6227469444274902
2166,21.65,2,2.587794780731201
2167,21.66,2,2.5580575466156006
2168,21.67,2,2.72300386428833
2169,21.68,2,2.509852409362793
2170,21.69,2,2.509836196899414
2171,21.7,2,2.6748769283294678
2172,21.71,2,2.4937350749969482
2173,21.72,2,2.551943302154541
2174,21.73,2,2.8025622367858887
2175,21.74,2,2.684034585952759
2176,21.75,2,2.7455310821533203
2177,21.76,2,2.6978201866149902
2178,21.77,2,2.6510138511657715
2179,21.78,2,2.7904157638549805
2180,21.79,2,2.622126579284668
2181,21.8,3,2.7360451221466064
2182,21.81,2,2.6884772777557373
2183,21.82,2,2.665358543395996
2184,21.83,2,2.760657787322998
2185,21.84,2,2.6184778213500977
2186,21.85,2,2.6152544021606445
2187,21.86,2,2.452115058898926
2188,21.87,2,2.5563735961914062
2189,21.88,2,2.481091022491455
2190,21.89,3,2.9503633975982666
2191,21.9,3,2.858070135116577
2192,21.91,2,2.563699245452881
2193,21.92,2,2.5717031955718994
2194,21.93,2,2.4803566932678223
2195,21.94,2,2.6877360343933105
2196,21.95,2,2.7608771324157715
2197,21.96,2,2.722822904586792
2198,21.97,2,2.566412925720215
2199,21.98,2,2.602841377258301
2200,21.99,2,2.898225784301758
2201,22.0,2,2.8143043518066406
2202,22.01,2,2.553349256515503
2203,22.02,2,2.5846121311187744
2204,22.03,2,2.754185676574707
2205,22.04,2,2.6307549476623535
2206,22.05,2,2.7106542587280273
2207,22.06,3,2.7408266067504883
2208,22.07,2,2.603344440460205
2209,22.08,2,2.6940433979034424
2210,22.09,2,2.539393424987793
2211,22.1,2,2.584582567214966
2212,22.11,2,2.7891242504119873
2213,22.12,2,2.605781078338623
2214,22.13,2,2.6059627532958984
2215,22.14,3,2.8927977085113525
2216,22.15,2,2.633479595184326
2217,22.16,3,2.834627866744995
2218,22.17,2,2.6714539527893066
2219,22.18,2,2.6120495796203613
2220,22.19,2,2.5252366065979004
2221,22.2,2,2.6855196952819824
2222,22.21,2,2.687121868133545
2223,22.22,2,2.7260289192199707
2224,22.23,2,2.5204715728759766
2225,22.24,2,2.5966548919677734
2226,22.25,2,2.6474227905273438
2227,22.26,2,2.6980905532836914
2228,22.27,2,2.755814552307129
2229,22.28,2,2.7799248695373535
2230,22.29,2,2.4690563678741455
2231,22.3,2,2.7186851501464844
2232,22.31,2,2.6293818950653076
2233,22.32,2,2.689211130142212
2234,22.33,2,2.574457883834839
2235,22.34,3,2.8203535079956055
2236,22.35,2,2.512887477874756
2237,22.36,2,2.8999619483947754
2238,22.37,2,2.6646454334259033
2239,22.38,2,2.4149129390716553
2240,22.39,2,2.69315242767334
2241,22.4,2,2.5978589057922363
2242,22.41,2,2.595519542694092
2243,22.42,2,2.5846734046936035
2244,22.43,2,2.498615026473999
2245,22.44,2,2.704176425933838
2246,22.45,2,2.6800785064697266
2247,22.46,2,2.8279006481170654
2248,22.47,1,2.853372812271118
2249,22.48,3,3.079559564590454
2250,22.49,2,2.5319268703460693
2251,22.5,2,2.6212339401245117
2252,22.51,2,2.5342206954956055
2253,22.52,3,2.7979443073272705
2254,22.53,2,2.602062702178955
2255,22.54,2,2.4836671352386475
2256,22.55,2,2.660292625427246
2257,22.56,2,2.7047977447509766
2258,22.57,2,2.7486579418182373
2259,22.58,2,2.536478042602539
2260,22.59,2,2.6679582595825195
2261,22.6,2,2.6030399799346924
2262,22.61,3,2.858325719833374
2263,22.62,3,2.767210006713867
2264,22.63,3,2.8717944622039795
2265,22.64,2,2.5896053314208984
2266,22.65,3,2.82035756111145
2267,22.66,2,2.6175737380981445
2268,22.67,2,2.6704864501953125
2269,22.68,2,2.714024305343628
2270,22.69,3,2.896019220352173
2271,22.7,2,2.6089131832122803
2272,22.71,3,2.735954523086548
2273,22.72,2,2.649677038192749
2274,22.73,3,2.9956252574920654
2275,22.74,2,2.5639705657958984
2276,22.75,3,2.8255937099456787
2277,22.76,2,2.4938535690307617
2278,22.77,2,2.8641481399536133
2279,22.78,2,2.485548496246338
2280,22.79,2,2.565483570098877
2281,22.8,2,2.6575136184692383
2282,22.81,2,2.7534055709838867
2283,22.82,2,2.587235450744629
2284,22.83,2,2.7601161003112793
2285,22.84,2,2.5469577312469482
2286,22.85,3,2.9645235538482666
2287,22.86,3,2.8384974002838135
2288,22.87,2,2.6051483154296875
2289,22.88,2,2.517256736755371
2290,22.89,3,2.9841349124908447
2291,22.9,2,2.6545212268829346
2292,22.91,3,2.7743799686431885
2293,22.92,2,2.577239990234375
2294,22.93,2,2.6434082984924316
2295,22.94,4,2.9770569801330566
2296,22.95,2,2.6984305381774902
2297,22.96,3,2.9567298889160156
2298,22.97,2,2.6710798740386963
2299,22.98,2,2.5103771686553955
2300,22.99,2,2.6052355766296387
2301,23.0,2,2.63881516456604
2302,23.01,2,2.613452434539795
2303,23.02,3,2.868199348449707
2304,23.03,3,2.923093557357788
2305,23.04,3,2.8291451930999756
2306,23.05,3,3.121640205383301
2307,23.06,2,2.5143632888793945
2308,23.07,2,2.500056266784668
2309,23.08,2,2.6150240898132324
2310,23.09,2,2.9263877868652344
2311,23.1,2,2.834836006164551
2312,23.11,2,2.4848992824554443
2313,23.12,3,2.790297746658325
2314,23.13,3,2.883469820022583
2315,23.14,2,2.478525161743164
2316,23.15,3,2.689239263534546
2317,23.16,2,2.8284058570861816
2318,23.17,2,2.53389835357666
2319,23.18,2,2.5303092002868652
2320,23.19,2,2.6293227672576904
2321,23.2,2,2.702608823776245
2322,23.21,2,2.525743246078491
2323,23.22,2,2.6722323894500732
2324,23.23,2,2.943368434906006
2325,23.24,4,2.9496781826019287
2326,23.25,2,2.797438144683838
2327,23.26,2,2.921442985534668
2328,23.27,3,2.8194420337677
2329,23.28,2,2.5649631023406982
2330,23.29,3,2.9249069690704346
2331,23.3,2,2.5113134384155273
2332,23.31,2,2.5284290313720703
2333,23.32,2,2.573153495788574
2334,23.33,2,2.6193861961364746
2335,23.34,2,2.7232980728149414
2336,23.35,3,2.8093769550323486
2337,23.36,4,2.941051721572876
2338,23.37,2,2.5677661895751953
2339,23.38,2,2.8164238929748535
2340,23.39,2,2.5806264877319336
2341,23.4,4,2.9635684490203857
2342,23.41,2,2.574820041656494
2343,23.42,3,2.760413408279419
2344,23.43,3,2.8506453037261963
2345,23.44,2,2.6239192485809326
2346,23.45,2,2.58587646484375
2347,23.46,3,2.9277889728546143
2348,23.47,3,2.785655975341797
2349,23.48,2,2.800784111022949
2350,23.49,3,2.8793628215789795
2351,23.5,2,2.6938090324401855
2352,23.51,2,2.5927653312683105
2353,23.52,2,2.768254518508911
2354,23.53,2,2.51834774017334
2355,23.54,2,2.743405818939209
2356,23.55,3,2.9242336750030518
2357,23.56,3,2.8005378246307373
2358,23.57,2,2.65971040725708
2359,23.58,2,2.4600038528442383
2360,23.59,4,3.0730695724487305
2361,23.6,4,3.0549535751342773
2362,23.61,2,2.652411460876465
2363,23.62,3,3.090104341506958
2364,23.63,4,2.824355363845825
2365,23.64,2,2.576688289642334
2366,23.65,4,2.895002603530884
2367,23.66,2,2.600646495819092
2368,23.67,2,2.6008834838867188
2369,23.68,4,2.9780848026275635
2370,23.69,4,2.835441827774048
2371,23.7,2,2.6227774620056152
2372,23.71,2,2.7472667694091797
2373,23.72,3,2.8054428100585938
2374,23.73,4,2.986278533935547
2375,23.74,4,3.029552459716797
2376,23.75,3,2.691638946533203
2377,23.76,4,3.018303155899048
2378,23.77,2,2.5547616481781006
2379,23.78,4,2.9993889331817627
2380,23.79,4,2.7727956771850586
2381,23.8,2,2.487184524536133
2382,23.81,2,2.566524028778076
2383,23.82,2,2.711139440536499
2384,23.83,2,2.4553070068359375
2385,23.84,2,2.546710968017578
2386,23.85,2,2.5740509033203125
2387,23.86,2,2.4476699829101562
2388,23.87,2,2.7633373737335205
2389,23.88,2,2.8002493381500244
2390,23.89,4,2.936830759048462
2391,23.9,2,2.563692569732666
2392,23.91,2,2.6545419692993164
2393,23.92,4,2.856602668762207
2394,23.93,4,2.805889368057251
2395,23.94,4,2.8629837036132812
2396,23.95,2,2.508012294769287
2397,23.96,1,2.841118097305298
2398,23.97,3,2.8332605361938477
2399,23.98,4,2.8261537551879883
2400,23.99,4,2.957465171813965
2401,24.0,2,2.5997819900512695
2402,24.01,2,2.6504247188568115
2403,24.02,2,2.536746025085449
2404,24.03,2,2.6248109340667725
2405,24.04,2,2.680441379547119
2406,24.05,2,2.7499566078186035
2407,24.06,2,2.528140068054199
2408,24.07,2,2.568615198135376
2409,24.08,2,2.6468684673309326
2410,24.09,2,2.622802734375
2411,24.1,2,2.643200635910034
2412,24.11,3,2.8945913314819336
2413,24.12,2,2.5826869010925293
2414,24.13,2,3.167621374130249
2415,24.14,3,3.020655870437622
2416,24.15,1,2.6210873126983643
2417,24.16,1,2.87121844291687
2418,24.17,1,2.9635472297668457
2419,24.18,1,2.9339394569396973
2420,24.19,1,3.2702243328094482
2421,24.2,0,
2422,24.21,0,
2423,24.22,0,
2424,24.23,1,3.184319257736206
2425,24.24,0,
2426,24.25,1,2.6689813137054443
2427,24.26,1,2.8977487087249756
2428,24.27,1,3.0060842037200928
2429,24.28,0,
2430,24.29,1,3.0860331058502197
2431,24.3,0,
2432,24.31,1,2.7262585163116455
2433,24.32,1,3.4651453495025635
2434,24.33,0,
2435,24.34,1,2.801637887954712
2436,24.35,0,
2437,24.36,1,3.236132860183716
2438,24.37,1,2.5401225090026855
2439,24.38,1,2.922071695327759
2440,24.39,0,
2441,24.4,1,3.004429817199707
2442,24.41,1,3.3678059577941895
2443,24.42,0,
2444,24.43,0,
2445,24.44,1,2.6802549362182617
2446,24.45,1,3.1269938945770264
2447,24.46,0,
2448,24.47,0,
2449,24.48,0,
2450,24.49,0,
2451,24.5,0,
2452,24.51,1,3.2705256938934326
2453,24.52,1,3.05505108833313
2454,24.53,0,
2455,24.54,1,3.4755797386169434
2456,24.55,1,3.061856985092163
2457,24.56,0,
2458,24.57,2,3.1537318229675293
2459,24.58,3,2.9602692127227783
2460,24.59,1,3.351553201675415
2461,24.6,0,
2462,24.61,1,3.051534414291382
2463,24.62,1,3.238515853881836
2464,24.63,2,3.3576693534851074
2465,24.64,0,
2466,24.65,2,3.375758647918701
2467,24.66,1,3.0065696239471436
2468,24.67,1,3.440802812576294
2469,24.68,1,3.242088794708252
2470,24.69,1,3.069610118865967
2471,24.7,1,3.2709455490112305
2472,24.71,1,2.772982120513916
2473,24.72,1,2.7935068607330322
2474,24.73,1,2.986156940460205
2475,24.74,1,2.6961374282836914
2476,24.75,1,2.5438592433929443
2477,24.76,1,3.4594106674194336
2478,24.77,1,2.9989376068115234
2479,24.78,1,2.7106564044952393
2480,24.79,1,2.8896994590759277
2481,24.8,1,3.116544008255005
2482,24.81,1,2.786612033843994
2483,24.82,1,2.5863592624664307
2484,24.83,1,2.845160961151123
2485,24.84,1,2.8144311904907227
2486,24.85,1,2.981534004211426
2487,24.86,1,2.5784459114074707
2488,24.87,1,3.185131549835205
2489,24.88,1,2.6133952140808105
2490,24.89,1,2.885519504547119
2491,24.9,1,3.4327731132507324
2492,24.91,0,
2493,24.92,2,3.4587666988372803
2494,24.93,1,3.4343085289001465
2495,24.94,1,3.1214380264282227
2496,24.95,1,3.299978733062744
2497,24.96,1,2.6347389221191406
2498,24.97,2,2.5705509185791016
2499,24.98,2,2.6041579246520996
2500,24.99,2,2.6088221073150635
2501,25.0,3,2.8542592525482178
2502,25.01,3,2.7587718963623047
2503,25.02,2,2.6518383026123047
2504,25.03,4,2.949206829071045
2505,25.04,2,2.723949909210205
2506,25.05,2,2.5373752117156982
2507,25.06,2,2.500168800354004
2508,25.07,2,2.473572254180908
2509,25.08,2,2.570424795150757
2510,25.09,3,2.787896156311035
2511,25.1,2,2.659331798553467
2512,25.11,2,2.52213716506958
2513,25.12,3,2.7557551860809326
2514,25.13,2,2.4820828437805176
2515,25.14,2,2.54595947265625
2516,25.15,3,2.74951171875
2517,25.16,2,2.5814409255981445
2518,25.17,2,2.585993528366089
2519,25.18,2,2.6687088012695312
2520,25.19,2,2.6129794120788574
2521,25.2,2,2.6399073600769043
2522,25.21,2,2.510042667388916
2523,25.22,2,2.701606273651123
2524,25.23,2,2.4549498558044434
2525,25.24,2,2.8066020011901855
2526,25.25,2,2.6806116104125977
2527,25.26,2,2.589813232421875
2528,25.27,2,2.6085903644561768
2529,25.28,2,2.6359004974365234
2530,25.29,2,2.730648994445801
2531,25.3,2,2.810285806655884
2532,25.31,2,2.790910482406616
2533,25.32,2,2.6092424392700195
2534,25.33,2,2.9552364349365234
2535,25.34,4,2.916109800338745
2536,25.35,4,2.883647918701172
2537,25.36,2,2.642660140991211
2538,25.37,2,2.721050977706909
2539,25.38,2,2.635589122772217
2540,25.39,3,2.8310048580169678
2541,25.4,2,2.545604705810547
2542,25.41,2,2.844752311706543
2543,25.42,2,2.582451105117798
2544,25.43,2,2.7002029418945312
2545,25.44,2,2.4857916831970215
2546,25.45,4,3.093473434448242
2547,25.46,4,3.0913569927215576
2548,25.47,2,2.7949228286743164
2549,25.48,3,2.955089807510376
2550,25.49,2,2.882136821746826
2551,25.5,2,2.590528964996338
2552,25.51,2,2.65459942817688
2553,25.52,2,2.5985488891601562
2554,25.53,3,2.7462799549102783
2555,25.54,2,2.7890665531158447
2556,25.55,3,2.8671042919158936
2557,25.56,2,2.596817970275879
2558,25.57,2,2.5503668785095215
2559,25.58,2,2.59804630279541
2560,25.59,2,2.6038546562194824
2561,25.6,3,2.7898943424224854
2562,25.61,3,2.781834840774536
2563,25.62,2,2.6385765075683594
2564,25.63,2,2.515204906463623
2565,25.64,2,2.523453712463379
