frame,time_ns,height,com_z,surface_z
900,8.99,15.432570534971092,63.839026528623435,48.406456
901,9.0,16.914195083572558,63.577929519607714,46.663734
902,9.01,14.98123432724563,63.319250837255396,48.338017
903,9.02,14.871479202848924,63.591510941130174,48.72003
904,9.03,14.657930928660157,63.30824907441211,48.65032
905,9.04,61.45467599592688,63.32023152075293,1.8655555
906,9.05,14.9974322864879,63.281005437122666,48.283573
907,9.06,14.669954309833727,63.30266762770482,48.632713
908,9.07,62.06939728648552,63.37345238120445,1.3040551
909,9.08,14.779962556345879,63.63166238544744,48.8517
910,9.09,61.7221830376099,63.28823916992649,1.5660561
911,9.1,14.55097455831109,63.072298716025934,48.521324
912,9.11,14.725647607692991,63.07471529568127,48.349068
913,9.12,62.06993471506172,63.381993044643934,1.3120583
914,9.13,61.79759059105199,63.18564531955999,1.3880547
915,9.14,61.370200292401,62.9822540443465,1.6120538
916,9.15,61.49069330683579,62.829752063664095,1.3390588
917,9.16,61.39012139479798,62.78617935816926,1.396058
918,9.17,16.252045758822007,62.85976899490599,46.607723
919,9.18,61.169681410138345,62.7717406552479,1.6020592
920,9.19,61.26158056930888,62.75663755611766,1.495057
921,9.2,14.616279100354888,62.81415507691739,48.197876
922,9.21,61.49278103016497,62.92683337830187,1.4340523
923,9.22,61.7467532223592,63.02580679119923,1.2790536
924,9.23,15.94347134103635,63.01202908029416,47.068558
925,9.24,14.32026192657699,63.033915491030115,48.713654
926,9.25,61.51302454354756,62.878076647543836,1.3650521
927,9.26,62.14523174577334,63.32328738980868,1.1780556
928,9.27,60.93682698524343,62.856383364561665,1.9195564
929,9.28,61.179846355403996,62.88140423008356,1.7015579
930,9.29,13.948925073506281,62.53597265041058,48.587048
931,9.3,61.15011595001369,62.53317342510372,1.3830575
932,9.31,14.22663725415623,62.447954545415996,48.221317
933,9.32,60.270840940001015,62.21239667845011,1.9415557
934,9.33,60.674232628427205,62.16829016455239,1.4940575
935,9.34,13.968548737384396,62.11734863362463,48.1488
936,9.35,13.427932517032275,62.022258536319384,48.594326
937,9.36,60.12343226324548,61.949486597885986,1.8260543
938,9.37,14.96684654937777,61.92181786285433,46.95497
939,9.38,14.783149006559121,61.87103200216459,47.087883
940,9.39,13.263058697749365,61.9069643373978,48.643906
941,9.4,12.89319834078293,61.64125665987473,48.74806
942,9.41,59.924679610391486,61.614236447473395,1.6895568
943,9.42,12.823739622572646,61.678266142348036,48.854527
944,9.43,60.203688929856526,61.84374255973171,1.6400536
945,9.44,13.099988925464451,61.87217139006406,48.772182
946,9.45,14.97569028249756,61.96962109914795,46.99393
947,9.46,13.448445799890692,62.04377508455866,48.59533
948,9.47,13.609855723227263,61.937995982016325,48.32814
949,9.48,13.083886453032676,61.74887973916549,48.664993
950,9.49,60.4055317774057,61.77758766558166,1.3720559
951,9.5,13.136216399285438,61.48623394689286,48.350018
952,9.51,13.53867002632036,61.789894544142626,48.251225
953,9.52,13.554818044175192,61.793568501938864,48.23875
954,9.53,13.190997693920352,62.055236432934024,48.86424
955,9.54,12.739820256126606,61.94046570290395,49.200645
956,9.55,13.575693623703742,62.12780238835218,48.55211
957,9.56,15.671583887428561,62.25965761789731,46.588074
958,9.57,15.471807820540867,62.194116933089695,46.72231
959,9.58,13.629185853606174,62.12967794955344,48.500492
960,9.59,13.976192802187235,62.06688722967747,48.090694
961,9.6,13.731759273724116,62.08290978641943,48.35115
962,9.61,13.909368366492487,62.17911323953936,48.269745
963,9.62,15.377727662140508,62.00521103006043,46.627483
964,9.63,13.844353639337072,62.18986602947379,48.345512
965,9.64,13.712499965919505,62.4195541041031,48.707054
966,9.65,13.785792594812541,62.79641652669731,49.010624
967,9.66,13.144365057595635,62.36530087912884,49.220936
968,9.67,13.004559975177592,62.43910358479673,49.434544
969,9.68,13.487948567520085,62.39455333436579,48.906605
970,9.69,13.68874005572588,62.16018323199541,48.471443
971,9.7,13.867171933555987,62.34055679073372,48.473385
972,9.71,60.92008397272573,62.38213619879232,1.4620522
973,9.72,13.820697589780757,62.317977710630366,48.49728
974,9.73,15.587635246643273,62.29345723761007,46.705822
975,9.74,14.020021607355659,62.41066568084199,48.390644
976,9.75,61.21766326941251,62.55371604479551,1.3360528
977,9.76,60.90993699417298,62.30999276027863,1.4000558
978,9.77,15.876303261763205,62.29669815922414,46.420395
979,9.78,60.06980706781537,62.206696763936584,2.1368897
980,9.79,60.206956424176575,62.05167857593286,1.8447222
981,9.8,60.637592251689455,62.05464630881073,1.417054
982,9.81,60.96015789994718,62.32121220120908,1.3610543
983,9.82,60.29373389611638,62.03178709874547,1.7380532
984,9.83,15.400674132899994,62.16614654500937,46.765472
985,9.84,15.518415513867303,62.53801924311535,47.019604
986,9.85,13.742291205465442,62.600128882467395,48.857838
987,9.86,15.201475686441277,62.25613648356042,47.05466
988,9.87,15.047279811464605,61.9970097308982,46.94973
989,9.88,14.18530470770743,62.169885701359775,47.98458
990,9.89,60.92321563306651,62.3172746950706,1.3940591
991,9.9,61.29293952581031,62.40799162980659,1.1150521
992,9.91,61.08878431556948,62.50483892200716,1.4160546
993,9.92,15.41080509347423,62.50056492013439,47.08976
994,9.93,60.80726271804193,62.36732214625696,1.5600594
995,9.94,60.75401665447949,62.318073885428895,1.5640572
996,9.95,13.240555010264885,62.36606617969848,49.12551
997,9.96,14.277134758282152,62.610531669903246,48.333397
998,9.97,13.738468873760269,62.4196402909966,48.68117
999,9.98,13.267576331814404,62.511209602078075,49.243633
1000,9.99,13.025582391317045,62.29823787837759,49.272655
1001,10.0,12.97793928485342,62.1818653712792,49.203926
1002,10.01,13.140118865684023,62.15966155977582,49.019543
1003,10.02,12.06641936349503,61.639325857635654,49.572906
1004,10.03,12.359135922065057,61.725514706244745,49.36638
1005,10.04,12.98613187628289,61.94261380987664,48.956482
1006,10.05,12.8217491034478,61.81976927556694,48.99802
1007,10.06,12.64066605092458,62.15063385487966,49.509968
1008,10.07,13.127815831275413,62.13229428586526,49.00448
1009,10.08,13.102240082180174,62.05884790078369,48.956608
1010,10.09,12.643870543981095,61.76012725784828,49.116257
1011,10.1,12.598286204660958,61.872318797434396,49.274033
1012,10.11,12.2524392051523,61.7432839317148,49.490845
1013,10.12,12.80105922748853,61.870208244822514,49.06915
1014,10.13,12.958246363694052,61.966604365403036,49.008358
1015,10.14,13.305460458584896,61.96736383993255,48.661903
1016,10.15,12.786384051380978,61.91534752183996,49.128963
1017,10.16,12.388229597561114,61.96332572793221,49.575096
1018,10.17,12.597248640277932,61.59145411513145,48.994205
1019,10.18,14.971704330027805,61.65994056660007,46.688236
1020,10.19,12.677552834518323,61.83445896244801,49.156906
1021,10.2,13.400721490789088,62.11257451813284,48.711853
1022,10.21,13.552402128172758,62.025706876707915,48.473305
1023,10.22,13.461658472343025,62.039844507499275,48.578186
1024,10.23,13.19768598581944,62.43516233469639,49.237476
1025,10.24,13.086516789338354,62.31575339212156,49.229237
1026,10.25,13.111992066661792,62.69400805787273,49.582016
1027,10.26,13.610848522527881,62.56635389362163,48.955505
1028,10.27,13.275296572187138,62.509343508222294,49.234047
1029,10.28,13.684266010133989,62.75032130798555,49.066055
1030,10.29,13.581446351512092,62.85473507831873,49.27329
1031,10.3,14.110214375809946,63.00319304402284,48.89298
1032,10.31,16.2323857634236,62.924642690913835,46.692257
1033,10.32,60.74897114831165,62.72036151486591,1.9713904
1034,10.33,14.15216652624013,62.847902457636614,48.695736
1035,10.34,14.779345807559949,63.06931620550917,48.28997
1036,10.35,16.128582452180325,63.052593682649075,46.92401
1037,10.36,14.982245357660197,63.10987368407621,48.12763
1038,10.37,61.02401652899944,63.04574051467144,2.021724
1039,10.38,16.538927231094654,62.99195304896575,46.453026
1040,10.39,15.786848094534726,62.90719416387066,47.120346
1041,10.4,61.08085570079704,63.1692453358831,2.0883896
1042,10.41,15.734816170746043,63.26145038705464,47.526634
1043,10.42,15.195677497741706,63.292330482360846,48.096653
1044,10.43,62.214171918127576,63.436226280424634,1.2220544
1045,10.44,61.69798525720644,63.18004175573397,1.4820565
1046,10.45,16.447098048896187,62.978332790107125,46.531235
1047,10.46,61.77998118175688,62.95003359092894,1.1700524
1048,10.47,14.50729486109207,62.81256982447098,48.305275
1049,10.48,14.41902318616117,62.58346715588773,48.164444
1050,10.49,14.205961235432994,62.4487361988119,48.242775
1051,10.5,60.423887296020666,62.36394373923508,1.9400564
1052,10.51,15.463843695262668,62.590178839305636,47.126335
1053,10.52,14.017107534108561,62.34445052116911,48.327343
1054,10.53,13.648215639409777,62.51322113257384,48.865005
1055,10.54,13.63572824387169,62.43874872116661,48.80302
1056,10.55,13.792492929382412,62.210721078796475,48.41823
1057,10.56,15.94465205199809,62.506530256343794,46.56188
1058,10.57,15.714283102952805,62.23727428337273,46.52299
1059,10.58,15.856265660795032,62.38809549477941,46.53183
1060,10.59,13.831717302397365,62.322771837309475,48.491055
1061,10.6,13.191330199761062,61.99470925859895,48.80338
1062,10.61,13.772654950742492,62.27136558306671,48.49871
1063,10.62,15.581770129639757,61.99477214379991,46.413002
1064,10.63,13.18496935284751,62.36458818829673,49.17962
1065,10.64,14.321233141645259,62.55307518266088,48.231842
1066,10.65,60.59521482374001,62.5726045170002,1.9773897
1067,10.66,61.123614485570776,62.712673242399084,1.5890588
1068,10.67,15.976453648905569,62.4835528005169,46.5071
1069,10.68,14.50318426833612,62.83302588210565,48.32984
1070,10.69,60.89545983749632,62.73384971100096,1.8383899
1071,10.7,15.206480350473065,62.478681888559,47.2722
1072,10.71,61.06144728920281,62.73100378773034,1.6695565
1073,10.72,16.360924408721544,62.841793701934435,46.48087
1074,10.73,16.28269429379334,62.66420598202576,46.38151
1075,10.74,15.451070725063651,62.43510621700701,46.984035
1076,10.75,14.371432942006805,62.66093031749509,48.289497
1077,10.76,61.120027460763694,62.58908347100997,1.469056
1078,10.77,15.533075147698284,62.468725019524456,46.93565
1079,10.78,61.30011625767036,62.71317251205726,1.4130563
1080,10.79,61.03924954044525,62.563305855867306,1.5240563
1081,10.8,61.14684794067701,62.938571311229076,1.7917234
1082,10.81,15.317220414042886,62.755655014872964,47.438435
1083,10.82,60.35737246888283,62.66860837357643,2.311236
1084,10.83,61.404604450934364,62.85466326879783,1.4500588
1085,10.84,60.97361902363342,62.98501042492431,2.0113914
1086,10.85,60.931639532204215,62.828694204445426,1.8970547
1087,10.86,16.4884168107275,63.02347769329586,46.53506
1088,10.87,61.38605453341722,63.28877796500444,1.9027234
1089,10.88,60.92306961224024,62.75712348625605,1.8340539
1090,10.89,60.47439428098036,62.4644513917668,1.9900571
1091,10.9,16.239199451058205,62.746645740120705,46.507446
1092,10.91,15.83326547205354,62.831403899787915,46.99814
1093,10.92,61.26998127017941,62.8560340455624,1.5860528
1094,10.93,15.785649081765904,62.82616498142411,47.040516
1095,10.94,16.640063460162914,62.999392683795726,46.35933
1096,10.95,61.70005114890123,63.3211075863936,1.6210564
1097,10.96,16.12461232523578,62.95848225931781,46.83387
1098,10.97,16.465593969081866,62.98654428646468,46.52095
1099,10.98,16.32597083869834,62.86554069343467,46.53957
1100,10.99,16.011172662783395,62.46459902386738,46.453426
1101,11.0,60.61029189658259,62.63401478362177,2.023723
1102,11.01,61.057312175922554,62.470368430309456,1.4130563
1103,11.02,15.752024956241087,62.487098045840696,46.735073
1104,11.03,60.880081106570486,62.82846884861303,1.9483877
1105,11.04,16.725368096753854,62.795226647779245,46.06986
1106,11.05,14.464946741603995,62.86510848476806,48.40016
1107,11.06,15.716153219486579,63.01655681445728,47.300404
1108,11.07,61.49828001921005,62.873334259436795,1.3750542
1109,11.08,60.64003945030298,62.656761175766846,2.0167217
1110,11.09,60.52216779459782,62.44722246397801,1.9250547
1111,11.1,60.538012391832936,62.56906712701665,2.0310547
1112,11.11,61.29986378461386,62.65392193109061,1.3540581
1113,11.12,15.937396537906523,62.45387221539676,46.516476
1114,11.13,61.449834666914484,62.71889372891857,1.2690591
1115,11.14,61.46537535004226,62.89742879681197,1.4320534
1116,11.15,60.64596846356986,62.61702575936911,1.9710573
1117,11.16,15.73356743158704,62.736912921088994,47.003345
1118,11.17,61.4862313210162,62.89728867403591,1.4110574
1119,11.18,61.13311845599428,62.73417062102571,1.6010522
1120,11.19,61.0529004701614,62.71795562591549,1.6650552
1121,11.2,16.241349674032705,62.71547458247997,46.474125
1122,11.21,16.30336997384883,62.77878424997188,46.475414
1123,11.22,61.433383799052585,62.697437978244174,1.2640542
1124,11.23,61.65777755707419,62.86483252972281,1.207055
1125,11.24,61.03198229109811,63.00936936175393,1.9773871
1126,11.25,56.22578979579429,62.941534768023295,6.715745
1127,11.26,15.042294326699405,62.97501451102558,47.93272
1128,11.27,16.59637326409385,63.137915317316505,46.541542
1129,11.28,61.437609309260985,62.834666723315856,1.3970574
1130,11.29,61.26759172509224,62.76864541600258,1.5010537
1131,11.3,61.75357344244374,63.08962621782673,1.3360528
1132,11.31,61.13653007695726,63.06925228784135,1.9327222
1133,11.32,15.810198870528573,63.2101202877649,47.39992
1134,11.33,61.52805936739471,63.04611897871521,1.5180596
1135,11.34,61.68709298383268,62.89514740716489,1.2080544
1136,11.35,16.78919654325766,63.196941904585785,46.407745
1137,11.36,16.39984130772816,62.825714110462535,46.425873
1138,11.37,15.903500841646682,62.792092608004104,46.88859
1139,11.38,16.44534855710367,62.925935562718905,46.480587
1140,11.39,16.164703435764032,62.63151938425036,46.466816
1141,11.4,61.665931053454216,62.93698901682549,1.271058
1142,11.41,16.526095728838577,62.99925551887764,46.47316
1143,11.42,16.46989917791535,62.97779178655793,46.507893
1144,11.43,16.034771548107862,62.833057986096144,46.798286
1145,11.44,16.48486141804647,63.04519848469686,46.560337
1146,11.45,16.704122216664686,63.261068017445936,46.556946
1147,11.46,61.04041507855758,62.87380519524917,1.8333901
1148,11.47,61.189527244984056,62.59358081382408,1.4040536
1149,11.48,61.27437538175483,62.67742949991126,1.4030541
1150,11.49,60.72447177080174,62.473526560344894,1.7490548
1151,11.5,60.298601047105485,62.30798830182045,2.0093873
1152,11.51,15.811868009836928,62.36912661579396,46.55726
1153,11.52,61.17391126013071,62.40696720934183,1.233056
1154,11.53,61.52041994211865,62.90647576925946,1.3860558
1155,11.54,14.236349331705725,62.35271285709635,48.116364
1156,11.55,16.234105741506774,62.73846594048138,46.50436
1157,11.56,16.048324215157677,62.271827327950646,46.223503
1158,11.57,15.71736939037065,62.19346268260698,46.476093
1159,11.58,60.9190211416764,62.34407843366096,1.4250573
1160,11.59,15.636044435344132,62.09990780814687,46.463863
1161,11.6,15.358930584465504,61.74368095067644,46.38475
1162,11.61,15.576191036709027,61.9626351285059,46.386444
1163,11.62,15.52868122605512,62.086267895976995,46.557587
1164,11.63,60.118366131929,62.04041994586333,1.9220538
1165,11.64,15.525596581136618,61.9460639578456,46.420467
1166,11.65,60.040394466582946,61.92778269595306,1.8873882
1167,11.66,13.89193115342843,62.41769561876046,48.525764
1168,11.67,61.27029140144627,62.613347961008955,1.3430566
1169,11.68,16.38530878873467,62.9003196224749,46.51501
1170,11.69,16.214774946189273,62.679897169089664,46.465122
1171,11.7,14.902510980208739,62.862849572738035,47.96034
1172,11.71,16.365095363238005,62.82417129097238,46.459076
1173,11.72,16.017984297304267,62.914235975771064,46.89625
1174,11.73,16.127410433427713,62.646224520341775,46.518814
1175,11.74,16.423393291137614,62.965141338012614,46.541748
1176,11.75,16.34215370428892,62.942690050724465,46.600536
1177,11.76,16.269120299324044,62.79789456079865,46.528774
1178,11.77,16.099870520510265,62.91607840625245,46.816208
1179,11.78,16.030007512497725,62.86086002104265,46.830853
1180,11.79,60.714883279263006,62.58960683292054,1.8747236
1181,11.8,61.46609873574144,62.65515596669084,1.1890572
1182,11.81,61.08530995055288,62.42436870738119,1.3390588
1183,11.82,61.144438711948894,62.55149826223423,1.4070596
1184,11.83,15.66218049527724,62.09613282682021,46.433952
1185,11.84,15.68151209918534,62.20819972125565,46.526688
1186,11.85,15.200530874330894,62.0912665005516,46.890736
1187,11.86,14.117810414465715,62.15688435855751,48.039074
1188,11.87,13.721087969188048,62.28669313276227,48.565605
1189,11.88,15.454021385765422,62.096614769554485,46.642593
1190,11.89,15.834434999487797,62.39963580515186,46.5652
1191,11.9,15.674315038238248,62.272768559966764,46.598454
1192,11.91,60.72984489315482,62.213900293049534,1.4840554
1193,11.92,60.83195389371926,62.17900825601632,1.3470544
1194,11.93,14.245130808146122,61.864355356485966,47.619225
1195,11.94,15.477845833553758,62.0459343650479,46.56809
1196,11.95,59.98650722670762,61.86456220317094,1.878055
1197,11.96,60.51722205820818,62.220778953464226,1.7035569
1198,11.97,60.91986149533767,62.37391811593551,1.4540566
1199,11.98,16.071189296706265,62.46771944807345,46.39653
1200,11.99,16.062041977436003,62.36288807728952,46.300846
1201,12.0,60.762911960635094,62.24197010711184,1.4790581
1202,12.01,15.78893329215591,62.457943454509426,46.66901
1203,12.02,61.23315130105374,62.42520688405392,1.1920556
1204,12.03,15.804580130308956,62.453750052183956,46.64917
1205,12.04,15.800047517392244,62.357740998837556,46.557693
1206,12.05,15.76730340174172,62.35124200037453,46.58394
1207,12.06,15.905718240427817,62.33614197700008,46.430424
1208,12.07,15.61181740773948,62.00404839528831,46.39223
1209,12.08,15.555143103401264,62.04711698035439,46.491974
1210,12.09,15.537584552432115,62.09200883832079,46.554424
1211,12.1,15.738372613990308,62.18548565109968,46.447113
1212,12.11,15.915527521491228,62.406986414313494,46.49146
1213,12.12,16.027977104350555,62.626312370463836,46.598335
1214,12.13,13.81676023385348,62.266688517544885,48.44993
1215,12.14,61.02767860534872,62.53373717907156,1.5060586
1216,12.15,15.901196596810586,62.32441055555082,46.423214
1217,12.16,61.305405412909806,62.569459592101396,1.2640542
1218,12.17,61.225511985655295,62.812564211721885,1.5870522
1219,12.18,15.940982738336096,62.877715984185706,46.936733
1220,12.19,15.735972710295357,62.78486187045161,47.04889
1221,12.2,61.793091005710764,63.172150678066416,1.3790597
1222,12.21,16.73812225146696,62.989976194338055,46.251854
1223,12.22,61.06892768854352,62.90765051359387,1.8387228
1224,12.23,16.468245467077118,63.0788983906611,46.610653
1225,12.24,16.54966288154597,63.062232309036204,46.51257
1226,12.25,61.1312765002401,63.02033306361748,1.8890566
1227,12.26,61.4471085248244,63.345165151144286,1.8980566
1228,12.27,16.70599294356053,63.171015984332016,46.465023
1229,12.28,16.566761917588565,62.90797895860419,46.341217
1230,12.29,61.608548965277386,63.049605097593975,1.4410561
1231,12.3,61.28461387035239,63.02766933318961,1.7430555
1232,12.31,14.819742509211771,63.067053147639506,48.24731
1233,12.32,16.945667369104967,63.35591135714208,46.410244
1234,12.33,61.14955125310839,63.152275662211785,2.0027244
1235,12.34,61.52945132612528,63.491508439772744,1.9620571
1236,12.35,17.162436938249904,63.488276934587795,46.32584
1237,12.36,16.900147156772782,63.42727346902864,46.527126
1238,12.37,17.35831834453454,63.66566087383141,46.307343
1239,12.38,62.014518929804666,63.39357860216032,1.3790597
1240,12.39,16.691002829515256,63.54474733635119,46.853745
1241,12.4,62.141203007414866,63.55425926180177,1.4130563
1242,12.41,16.434277146485556,63.78991755786251,47.35564
1243,12.42,62.16897058402219,63.49502885256925,1.3260583
1244,12.43,61.90310697048343,63.79749385803378,1.8943869
1245,12.44,16.78395889141607,63.62525985577154,46.8413
1246,12.45,17.50075635887709,63.98374662376967,46.48299
1247,12.46,16.89114285343574,63.50374508732246,46.612602
1248,12.47,16.486695136231525,63.66178211132918,47.175087
1249,12.48,15.49108025689435,63.73554131646466,48.24446
1250,12.49,14.919578857046844,63.74205047569919,48.82247
1251,12.5,15.723514058471444,63.58304164636207,47.859528
1252,12.51,62.1983378941199,63.588391523995085,1.3900536
1253,12.52,17.025566329950344,63.57860206603433,46.553036
1254,12.53,61.40766689722603,63.42705390398567,2.019387
1255,12.54,62.09745022311405,63.967171278144875,1.869721
1256,12.55,62.78362060128224,63.9836794191457,1.2000588
1257,12.56,62.239447589583186,63.8925042111347,1.6530566
1258,12.57,62.62487511972614,64.07393448690601,1.4490594
1259,12.58,16.165268570917135,64.0910650797062,47.925797
1260,12.59,17.89923903751918,64.27459761906215,46.37536
1261,12.6,63.011241078783485,64.22029495279929,1.2090539
1262,12.61,62.4090989774909,64.01315450136327,1.6040555
1263,12.62,61.9477684418875,63.78982555076659,1.8420571
1264,12.63,61.49839817916442,63.35445248519469,1.8560543
1265,12.64,62.323604999038125,63.74966174170628,1.4260567
1266,12.65,16.469976478809528,63.67023282646578,47.200256
1267,12.66,62.874893144373644,63.98794634700273,1.1130532
1268,12.67,62.94013608197238,64.00819111565616,1.068055
1269,12.68,16.19257211935583,64.16075754416052,47.968185
1270,12.69,16.179049826946766,64.42681822904638,48.24777
1271,12.7,15.693235121495263,64.12988062930776,48.436646
1272,12.71,17.771047895526067,64.28983527955927,46.518787
1273,12.72,17.658698459751776,64.15827502835529,46.499577
1274,12.73,16.831662623105032,63.78683611553667,46.955173
1275,12.74,15.36783178408588,63.764720516996036,48.39689
1276,12.75,17.006144887621353,63.99314058464284,46.986996
1277,12.76,17.64125950505145,63.99484379460223,46.353584
1278,12.77,62.18203594792779,64.04475846398766,1.8627225
1279,12.78,16.74022968430235,63.805506783911724,47.065277
1280,12.79,17.41408285291461,63.77826055677203,46.364178
1281,12.8,16.706013337409175,63.72662033203808,47.020607
1282,12.81,16.23214789780117,63.277893747410545,47.045746
1283,12.82,16.483740294542898,63.425505126085866,46.941765
1284,12.83,17.004374800003,63.805762586868234,46.801388
1285,12.84,16.802917372065217,63.789298902826935,46.98638
1286,12.85,16.640421213204924,63.55052024274594,46.9101
1287,12.86,62.0228167360028,63.44487567593658,1.4220589
1288,12.87,16.735302984883468,63.62761026637761,46.892307
1289,12.88,16.965367534026143,63.78819391952419,46.822826
1290,12.89,62.33373621668659,63.63979021277271,1.306054
1291,12.9,15.31213379190477,63.43039703653368,48.118263
1292,12.91,16.772851344704016,63.6277784076923,46.854927
1293,12.92,17.04878007541047,63.909169784883126,46.86039
1294,12.93,16.6413062901527,63.50053251695934,46.859226
1295,12.94,17.26512591632917,63.705410645333075,46.440285
1296,12.95,61.780145707829234,63.832534852726695,2.0523891
1297,12.96,17.32218849453757,63.72855293545554,46.406364
1298,12.97,15.236992116994706,63.58173393828377,48.34474
1299,12.98,61.75483518235269,63.685888940020234,1.9310538
1300,12.99,17.16351093391419,63.578797951736455,46.415287
1301,13.0,16.689752838496403,63.62832858312531,46.938576
1302,13.01,62.619181244216435,63.79623743756818,1.1770562
1303,13.02,16.894383335161557,63.767266178179135,46.872883
1304,13.03,16.58296484445198,63.80942816232307,47.226463
1305,13.04,15.463597679071754,63.33603801720652,47.87244
1306,13.05,17.24586073099909,63.50315824686823,46.257298
1307,13.06,15.213418470420287,63.25035618404333,48.036938
1308,13.07,17.063651436399795,63.44432007653651,46.38067
1309,13.08,14.830601757015991,63.335263317074585,48.50466
1310,13.09,14.402302745386926,63.07469654421505,48.672394
1311,13.1,14.346153096113568,63.05191786662138,48.705765
1312,13.11,13.988540134395016,62.90194269176806,48.913403
1313,13.12,14.189177389918264,62.644011374293264,48.454834
1314,13.13,60.94349238583842,62.70404848763743,1.7605561
1315,13.14,61.38647221419866,63.080026854014946,1.6935546
1316,13.15,17.075311352820236,63.111444165320236,46.036133
1317,13.16,14.524427852033291,62.66148611008993,48.13706
1318,13.17,14.142995860887837,62.58913996489174,48.446144
1319,13.18,14.518620208045313,62.97162313773281,48.453003
1320,13.19,13.939440141087971,62.84552229440828,48.906082
1321,13.2,14.575660097119169,63.072585451123075,48.496925
1322,13.21,14.599571740132362,63.15390447328666,48.554333
1323,13.22,15.115574476261266,62.988045331974156,47.87247
1324,13.23,15.096018417274635,63.254519088661354,48.1585
1325,13.24,15.082356345290208,63.37310112678435,48.290745
1326,13.25,15.089033206817362,63.20122345339939,48.11219
1327,13.26,14.855071080566901,63.35795117700245,48.50288
1328,13.27,14.402973911337696,63.31049420552715,48.90752
1329,13.28,14.958606807902065,63.101585476114955,48.14298
1330,13.29,14.769236856620083,62.958304697196255,48.189068
1331,13.3,15.05497246321557,63.310198598469476,48.255226
1332,13.31,15.329515201274432,63.47107480210451,48.14156
1333,13.32,15.16319058283581,63.84824917658581,48.68506
1334,13.33,62.04477386627234,63.435826946831114,1.3910531
1335,13.34,15.248819518940309,63.45427148427234,48.205452
1336,13.35,62.55966387675094,63.54871653006362,0.98905265
1337,13.36,15.306471866358486,63.60824112295028,48.30177
1338,13.37,15.266729168373708,63.21722584195769,47.950497
1339,13.38,15.234566911314815,63.26289866790661,48.02833
1340,13.39,56.89324843478043,63.56894814562638,6.6756997
1341,13.4,61.61736188202388,63.59875188141353,1.98139
1342,13.41,61.41474315226136,63.50144812166749,2.086705
1343,13.42,15.560547916009625,63.45641812474986,47.89587
1344,13.43,16.731858258992034,63.42386723116,46.69201
1345,13.44,15.469781019442465,63.75821027969637,48.28843
1346,13.45,15.114665247023517,63.62142870527547,48.506763
1347,13.46,15.419329858496916,63.80823443003012,48.388905
1348,13.47,15.46264879010841,63.550440232979504,48.08779
1349,13.48,15.751143960503342,64.01769974663615,48.266556
1350,13.49,15.451377452891343,63.9551997795515,48.503822
1351,13.5,15.098521056262086,63.578257384387086,48.479736
1352,13.51,15.135312583781293,63.478677299357464,48.343365
1353,13.52,15.084608066533889,63.36750601575264,48.282898
1354,13.53,15.389169415345357,63.770856579652,48.381687
1355,13.54,15.557454856336513,63.58296755164901,48.025513
1356,13.55,15.054205093688033,63.17709938079741,48.122894
1357,13.56,15.383177308255739,63.31012585561902,47.92695
1358,13.57,14.575322038481417,63.05604255850095,48.48072
1359,13.58,14.290311662027463,62.60933479435168,48.319023
1360,13.59,14.713902773266447,62.618394197826994,47.90449
1361,13.6,14.875220882792377,63.103889095683,48.22867
1362,13.61,15.152636656198233,63.18698419037792,48.034348
1363,13.62,15.767555930698137,63.756581046664934,47.989025
1364,13.63,15.418672733316036,63.5800649452301,48.161392
1365,13.64,15.179530842563146,63.63584492947721,48.456314
1366,13.65,15.438782190430182,63.50961348925831,48.07083
1367,13.66,14.65561448525306,63.235906233299936,48.58029
1368,13.67,14.947009750664733,63.53510255461981,48.588093
1369,13.68,14.631146225103791,63.402478012213166,48.77133
1370,13.69,15.34273571668301,63.55167813001309,48.208942
1371,13.7,15.456790857730162,63.46203988116766,48.00525
1372,13.71,14.510372496190634,63.30849490219649,48.798122
1373,13.72,14.95906433688505,63.41828140841825,48.459217
1374,13.73,14.593533852600544,63.33454642584273,48.741013
1375,13.74,15.195155844032783,63.546394094765205,48.35124
1376,13.75,14.867732811265903,63.54592113524051,48.67819
1377,13.76,15.280412244376713,63.80162959056812,48.521217
1378,13.77,15.154428750972016,63.25407245824741,48.099644
1379,13.78,15.65511095075442,63.861631031320826,48.20652
1380,13.79,61.66434902682404,63.59440595641236,1.9300569
1381,13.8,15.489694236029209,63.6342483742128,48.144554
1382,13.81,61.6455147554447,63.14856734772223,1.5030526
1383,13.82,15.178949105621953,63.4605271695868,48.281578
1384,13.83,15.480772844609398,63.439688555058616,47.958916
1385,13.84,15.418272034328048,63.18977929751164,47.771507
1386,13.85,15.167891137170002,63.27415715889852,48.106266
1387,13.86,15.178016280526577,63.34322700440353,48.16521
1388,13.87,61.541310712925984,63.034368798367574,1.4930581
1389,13.88,14.651230432871102,62.879543878916024,48.228313
1390,13.89,15.961837691070741,63.103549879791444,47.141712
1391,13.9,14.215177509710301,62.8398112987728,48.624634
1392,13.91,14.082786919345331,62.25180471109338,48.169018
1393,13.92,14.068555227871705,62.49141441976624,48.42286
1394,13.93,13.793714229406604,62.441129390539416,48.647415
1395,13.94,14.25527117761888,62.32601855310716,48.070747
1396,13.95,13.968531158882023,62.45554211469257,48.48701
1397,13.96,13.107003951163094,61.91783311376075,48.81083
1398,13.97,13.404304391784358,61.77655399505584,48.37225
1399,13.98,13.888145968638035,61.877918765268895,47.989773
1400,13.99,13.756239753108872,61.85056577239598,48.094326
1401,14.0,13.780036404332009,61.963145687779274,48.18311
1402,14.01,13.705018279786039,62.04026531958096,48.335247
1403,14.02,14.465999962598382,62.524704338819085,48.058704
1404,14.03,14.628759883997525,62.54347088253268,47.91471
1405,14.04,60.394144732649345,62.3217005321336,1.9275558
1406,14.05,14.10875600590687,62.17536443486195,48.06661
1407,14.06,14.066923115255072,62.08469197511835,48.01777
1408,14.07,13.473388901269104,61.72196983388629,48.24858
1409,14.08,14.060856897013736,62.040036279337954,47.97918
1410,14.09,13.577704961271849,61.76498370883044,48.18728
1411,14.1,13.466977355197592,61.67375683517806,48.20678
1412,14.11,13.948031263548472,61.80350382824574,47.855473
1413,14.12,13.946093756723236,61.91738434510214,47.97129
1414,14.13,13.985333097657012,62.08946288891678,48.10413
1415,14.14,14.264626724129847,62.12885020435446,47.864223
1416,14.15,14.318637344913896,62.23168513544124,47.913048
1417,14.16,14.653519222828969,62.559441158864125,47.905922
1418,14.17,14.7532838424791,62.69330154267441,47.940018
1419,14.18,13.91584444152894,62.1398701678473,48.224026
1420,14.19,14.187186009780426,62.23424030055191,48.047054
1421,14.2,13.783348144710658,62.27818685931027,48.49484
1422,14.21,13.91377960617384,62.20461212570509,48.290833
1423,14.22,14.322767390107181,62.368166102265384,48.0454
1424,14.23,14.13753400907055,62.104204999060784,47.96667
1425,14.24,14.12694753090846,62.24962056557643,48.122673
1426,14.25,14.369176321593152,62.27797072466932,47.908794
1427,14.26,14.32225713106208,62.437522023640206,48.115265
1428,14.27,13.604494726841963,62.17510095853142,48.570606
1429,14.28,14.538725711938262,62.56325421535623,48.02453
1430,14.29,14.212524185823987,62.34274269168336,48.13022
1431,14.3,14.379608195824261,62.46065525392973,48.081047
1432,14.31,14.794118661115043,62.80904557151543,48.014927
1433,14.32,14.834324869824236,62.97035315961916,48.13603
1434,14.33,14.54791767835308,62.9007542872398,48.352837
1435,14.34,15.11857997943116,63.174022789489754,48.055443
1436,14.35,14.89381474098365,63.04297321876685,48.14916
1437,14.36,14.91505173750604,62.75167206831659,47.83662
1438,14.37,14.703091103095772,62.97594495441413,48.272854
1439,14.38,14.25043344483369,62.78571176514619,48.53528
1440,14.39,14.887651698240447,63.045072810300994,48.15742
1441,14.4,15.128390363111961,63.106860211744774,47.97847
1442,14.41,14.298709140743057,62.53821490856532,48.239506
1443,14.42,13.868339864709704,62.42519029805931,48.55685
1444,14.43,14.538672916735443,62.841903202379974,48.30323
1445,14.44,14.111205466756587,62.721637137899165,48.61043
1446,14.45,14.49784300734725,62.44792387892928,47.95008
1447,14.46,14.325598836827446,62.51896202652471,48.193363
1448,14.47,14.266157483021644,62.19020686046305,47.92405
1449,14.48,13.784930919306007,62.238956187860694,48.454025
1450,14.49,13.793023479592264,62.0885404473657,48.295517
1451,14.5,13.968601628454884,62.32712595096465,48.358524
1452,14.51,14.110212784589422,62.22065208512653,48.11044
1453,14.52,14.25991413253147,62.460750314172095,48.200836
1454,14.53,14.259107058300806,62.69226211811526,48.433155
1455,14.54,14.69680471018242,62.63575810984062,47.938953
1456,14.55,14.846346234928944,62.770208692204335,47.923862
1457,14.56,14.842902246937541,62.61933809898832,47.776436
1458,14.57,13.956529793983393,62.66714685941308,48.710617
1459,14.58,14.295401877477019,62.59378368289694,48.29838
1460,14.59,14.77613437314853,62.83340823789462,48.057274
1461,14.6,14.155609834539582,62.526901948797395,48.371292
1462,14.61,14.13591535364911,62.558572366588564,48.422657
1463,14.62,14.129532763241151,62.622746416805604,48.493214
1464,14.63,14.013755703765199,62.508056546050355,48.4943
1465,14.64,14.653609998077073,62.72880912527434,48.0752
1466,14.65,15.34370556749149,62.3244947520618,46.98079
1467,14.66,14.683957244356165,62.54749789377023,47.86354
1468,14.67,15.245736384205642,62.45604827385408,47.21031
1469,14.68,14.677409201533536,62.40405562487338,47.726646
1470,14.69,14.563979941661813,62.39950926905439,47.83553
1471,14.7,55.77302730275202,62.40455568028498,6.6315284
1472,14.71,15.276412978616214,62.243984237161136,46.96757
1473,14.72,15.41160615044884,62.52520402032189,47.113598
1474,14.73,14.207660103899059,62.42880954847914,48.22115
1475,14.74,13.821835823718516,61.87436801976344,48.052532
1476,14.75,13.402441563074348,61.95772034115052,48.55528
1477,14.76,13.92346016155826,62.04576698528873,48.122307
1478,14.77,14.052674963103485,62.247098638640594,48.194424
1479,14.78,14.146627096393978,62.12840810225335,47.98178
1480,14.79,14.070353136325352,62.21457158114957,48.14422
1481,14.8,14.330783832306828,62.60380171560761,48.273018
1482,14.81,14.555117634600222,62.46477034456116,47.909653
1483,14.82,14.352962796818566,62.41410857928927,48.061146
1484,14.83,60.46157408047592,62.07762813855087,1.616054
1485,14.84,14.277485157404556,62.37054469719948,48.09306
1486,14.85,14.030030957997816,62.16694425755836,48.136913
1487,14.86,13.869908553671358,61.91756938130808,48.04766
1488,14.87,13.877670868891848,61.99743710424341,48.119766
1489,14.88,15.194410506788977,62.09317607075382,46.898766
1490,14.89,13.818443575440405,62.06443432861423,48.24599
1491,14.9,14.241688954737782,62.285874593165516,48.044186
1492,14.91,13.748774334086221,62.021998211039346,48.273224
1493,14.92,15.098776806417675,62.167197216573925,47.06842
1494,14.93,13.746120444197096,62.32808684434358,48.581966
1495,14.94,14.02756714942739,62.47471833350942,48.44715
1496,14.95,14.174007157989188,62.366409043975516,48.1924
1497,14.96,14.444348275450253,62.3771600125108,47.93281
1498,14.97,14.396409720084819,62.224328726432475,47.82792
1499,14.98,14.135057891493304,62.220018828993304,48.08496
1500,14.99,13.960387475276676,62.00196386077472,48.041576
1501,15.0,14.251914564404238,61.97198826435541,47.720074
1502,15.01,15.009677533765554,62.04291117634368,47.033234
1503,15.02,14.410851224429834,62.16575311041616,47.7549
1504,15.03,14.356534116752563,62.10076247978967,47.74423
1505,15.04,14.084924479479639,62.047662516589014,47.962738
1506,15.05,13.735450537981826,61.96474817592128,48.229298
1507,15.06,14.040875971016192,61.95826107233455,47.917385
1508,15.07,14.317508746691978,62.12463383824471,47.807125
1509,15.08,14.052282058504048,61.879846298006,47.827564
1510,15.09,60.18208282972797,62.400478062882264,2.2183952
1511,15.1,50.3765836158241,62.08981470255506,11.713231
1512,15.11,15.991494447633364,62.10775879089508,46.116264
1513,15.12,14.9358764420111,62.14043195348571,47.204556
1514,15.13,15.238070841774075,62.39610612009439,47.158035
1515,15.14,60.04341275321851,62.21612937080274,2.1727166
1516,15.15,15.0341928922495,62.54623589151708,47.512043
1517,15.16,16.009954398173285,62.285440390604926,46.275486
1518,15.17,15.252248120223797,62.444405865585125,47.192158
1519,15.18,15.327181975815094,62.44786373851041,47.12068
1520,15.19,16.382061674954848,62.553581908109145,46.17152
1521,15.2,15.580104270274497,62.7680925515245,47.18799
1522,15.21,16.13258653874538,62.780783712817644,46.648197
1523,15.22,60.52654356450083,62.51267404049875,1.9861305
1524,15.23,14.928384203647944,62.564465899204585,47.63608
1525,15.24,60.92428436506369,62.75834074247458,1.8340564
1526,15.25,60.98078049986105,62.45083596079092,1.4700555
1527,15.26,15.801426909788312,62.36429693542308,46.56287
1528,15.27,61.00561894369865,62.41067196322227,1.405053
1529,15.28,60.037262270942016,62.16936785985498,2.1321056
1530,15.29,15.771289587880545,62.65722251024383,46.885933
1531,15.3,15.575262067739644,62.63500785631386,47.059746
1532,15.31,60.40480902775184,62.46909120663062,2.0642822
1533,15.32,60.489834394132615,62.73548945394707,2.245655
1534,15.33,15.54085311209306,62.4624572685872,46.921604
1535,15.34,15.15677958958478,62.319327654770326,47.162548
1536,15.35,60.87932342806837,62.54938084403059,1.6700574
1537,15.36,15.265915216569212,62.51555663502624,47.24964
1538,15.37,16.458493460369603,62.75592159147312,46.29743
1539,15.38,16.39751425868188,62.60914221888696,46.211628
1540,15.39,60.87327041273823,62.28632666712513,1.4130563
1541,15.4,60.09401136352034,61.96640032245131,1.872389
1542,15.41,60.2328736509233,61.921930881872704,1.6890572
1543,15.42,55.49327304358255,62.1719959020115,6.678723
1544,15.43,60.15499504417202,62.19222529739162,2.0372303
1545,15.44,15.43565831930794,62.063443048311846,46.627785
1546,15.45,59.90951903286977,61.81257553521199,1.9030565
1547,15.46,59.986957975970626,61.808013865100264,1.8210559
1548,15.47,14.722924266556596,61.82116416523824,47.09824
1549,15.48,60.53816182519174,62.36721582318521,1.829054
1550,15.49,60.597471253609235,62.33452750894981,1.7370563
1551,15.5,15.457447453956668,62.664543553810184,47.207096
1552,15.51,16.145458232402476,62.450469981670054,46.30501
1553,15.52,60.732646383873984,62.44670132600503,1.714055
1554,15.53,15.410658609217748,62.574400674647435,47.163742
1555,15.54,15.795047798248866,62.968494453522304,47.173447
1556,15.55,60.891926331132666,62.765647811502234,1.8737215
1557,15.56,60.35810711843924,62.17666569216208,1.8185586
1558,15.57,15.163837918423695,62.19669009127526,47.032852
1559,15.58,60.6428258736857,62.523548754049166,1.8807229
1560,15.59,61.11221358207833,62.47426733402383,1.3620538
1561,15.6,15.84831256701515,62.74448413683937,46.89617
1562,15.61,60.61052584334694,62.4372503726133,1.8267245
1563,15.62,15.292522533898897,62.56877909517819,47.276257
1564,15.63,60.46244662256171,62.3668382689469,1.9043916
1565,15.64,14.972914193601731,62.10793158862126,47.135017
1566,15.65,14.295006958598563,62.02132913267083,47.726322
1567,15.66,14.221232509085468,62.083270167776874,47.862038
1568,15.67,15.072148890972649,62.26065215635351,47.188503
1569,15.68,60.40837855776835,62.328100280371196,1.9197217
1570,15.69,15.1221188159288,62.23831449463974,47.116196
1571,15.7,15.064014163068798,62.14438983445552,47.080376
1572,15.71,14.686815998032465,61.97984196849145,47.293026
1573,15.72,15.768518297421963,62.0417078420997,46.27319
1574,15.73,59.98157487615236,61.7216307948459,1.7400559
1575,15.74,15.937688705787302,62.18070399509394,46.243015
1576,15.75,15.524220431311022,61.85256286905516,46.328342
1577,15.76,14.476688118733236,61.66147968367464,47.18479
1578,15.77,60.349319283190724,61.92837590378856,1.5790566
1579,15.78,14.688764177779703,61.84411009452775,47.155346
1580,15.79,14.66197264868449,61.75160659033488,47.089634
1581,15.8,15.82539671942881,62.12160796210459,46.29621
1582,15.81,60.25180982770908,62.026365868472936,1.774556
1583,15.82,14.54691640677018,62.05856267752213,47.511646
1584,15.83,14.580039959759887,61.89389799198645,47.313858
1585,15.84,59.91941660833291,61.98992246580056,2.0705059
1586,15.85,15.679937542660639,61.86120432732861,46.181267
1587,15.86,14.902687322545745,61.87264276688168,46.969955
1588,15.87,14.697790085162474,61.790502487506224,47.092712
1589,15.88,14.47035929621412,61.724166364085214,47.253807
1590,15.89,55.12915626759202,61.79066053623826,6.6615043
1591,15.9,55.312256970337685,61.95159641735917,6.6393394
1592,15.91,14.78758374745037,61.93727628285076,47.149693
1593,15.92,60.66305911716268,62.11861491378591,1.4555558
1594,15.93,60.001349591416904,61.93565359036405,1.934304
1595,15.94,14.894744990896356,62.059776424001825,47.16503
1596,15.95,60.5272590554347,61.84931189185285,1.3220528
1597,15.96,60.52147593987246,62.02103045475741,1.4995545
1598,15.97,15.993191775512756,62.15476709289557,46.161575
1599,15.98,15.429906431060402,62.51545101724204,47.085545
1600,15.99,61.145604672411096,62.61966175077261,1.4740571
1601,16.0,15.78511965340627,62.81512224740041,47.030003
1602,16.01,60.76975621828,62.374810000743075,1.6050538
1603,16.02,15.351705290758666,62.44292614647156,47.09122
1604,16.03,15.544420267456978,62.64805414807221,47.103634
1605,16.04,60.9722122422974,62.47326593320774,1.5010537
1606,16.05,15.30135092498687,62.27204642059234,46.970695
1607,16.06,61.0714182737807,62.59197651181018,1.5205582
1608,16.07,60.836306550044206,62.60308811857143,1.7667816
1609,16.08,61.31764618669009,62.97703520570254,1.659389
1610,16.09,61.25152379802181,62.91007870963527,1.6585549
1611,16.1,15.695307302567421,62.812998342606484,47.11769
1612,16.11,15.819114361925628,62.96010557286313,47.14099
1613,16.12,61.64645781969048,62.863511113872306,1.2170533
1614,16.13,60.9984495425222,62.62850604295708,1.6300565
1615,16.14,60.58614356586054,62.46392519542292,1.8777816
1616,16.15,61.05371649858213,62.53444035646177,1.4807239
1617,16.16,61.44186724374204,62.63092447469144,1.1890572
1618,16.17,16.433291233048962,62.875166690812634,46.441875
1619,16.18,15.539252118230245,63.11587031281032,47.57662
1620,16.19,61.61184957511719,63.06590619571503,1.4540566
1621,16.2,15.727363326102122,63.00297138884626,47.275608
1622,16.21,61.483498611891264,62.96105376764535,1.4775552
1623,16.22,61.46127442867009,62.75383202583043,1.2925576
1624,16.23,61.56018392351204,62.858738224773944,1.2985543
1625,16.24,61.05267443667638,62.643232369530075,1.5905579
1626,16.25,61.1130652266953,62.62611995520329,1.5130547
1627,16.26,60.362790918309855,62.27612171169059,1.9133308
1628,16.27,60.49492428845538,62.20031092709674,1.7053866
1629,16.28,60.17144527285837,62.07972540705942,1.9082801
1630,16.29,61.01744750485616,62.400504979946184,1.3830575
1631,16.3,60.829669900509124,62.483223744007354,1.6535538
1632,16.31,60.906336335365836,62.28589191836602,1.3795556
1633,16.32,60.27930274423515,62.024355916346664,1.7450532
1634,16.33,60.30716182020059,61.782218349245696,1.4750565
1635,16.34,60.26709810830744,61.958154240624026,1.6910561
1636,16.35,60.182545111314894,61.851601884500624,1.6690568
1637,16.36,14.848947306250274,62.19610383090848,47.347157
1638,16.37,60.75820230806664,62.345758074172295,1.5875558
1639,16.38,15.722045641054649,61.98063252459957,46.258587
1640,16.39,60.44093376762286,61.91449112064257,1.4735574
1641,16.4,60.7142283846211,62.00578271640058,1.2915543
1642,16.41,60.92623059140007,62.293289226158066,1.3670586
1643,16.42,60.281207603912605,61.98976556728388,1.708558
1644,16.43,60.2852276703779,61.790286793417145,1.5050591
1645,16.44,60.55482562843897,61.98088237110712,1.4260567
1646,16.45,60.41198862281192,61.72454667773593,1.312558
1647,16.46,60.24323064410358,61.61378735625416,1.3705567
1648,16.47,60.10581863281242,61.45837378856651,1.3525552
1649,16.48,59.58617088143397,61.04822692219783,1.462056
1650,16.49,59.47096099301737,61.0515167896406,1.5805558
1651,16.5,59.7182273566489,61.38928303120182,1.6710557
1652,16.51,59.822635849659356,61.35619076127282,1.5335549
1653,16.52,59.39189854838764,60.95595577933704,1.5640572
1654,16.53,59.84146245302284,61.25202008070076,1.4105576
1655,16.54,59.93215420735069,61.02720966828056,1.0950555
1656,16.55,59.06176969987256,60.87482748013837,1.8130578
1657,16.56,14.2922567534413,60.61023084401747,46.317974
1658,16.57,58.765636381037396,60.66215973747508,1.8965234
1659,16.58,12.889490779473647,60.77912777288185,47.889637
1660,16.59,59.58830716914459,60.811360982125244,1.2230538
1661,16.6,59.63985628387022,60.995913331714156,1.356057
1662,16.61,14.801659561450066,61.05587480192858,46.254215
1663,16.62,14.610662327362014,60.93588815744014,46.325226
1664,16.63,59.66472313202621,61.1527763346553,1.4880532
1665,16.64,59.45066049558105,61.00471559029998,1.5540551
1666,16.65,59.38147684638887,60.9775355726996,1.5960587
1667,16.66,59.71589641059296,61.3059508034076,1.5900544
1668,16.67,59.165381594034635,60.90443806204458,1.7390565
1669,16.68,59.470463396481605,60.96901846068296,1.4985551
1670,16.69,59.1411707593618,60.77922930256706,1.6380585
1671,16.7,13.584909299152272,60.64576134993352,47.060852
1672,16.71,58.746874739168035,60.82262962007319,2.075755
1673,16.72,59.019382804267146,60.51194116436694,1.4925584
1674,16.73,59.1569263416543,60.79598052084589,1.6390542
1675,16.74,59.05628486446458,60.60734160713273,1.5510567
1676,16.75,58.90346976194393,60.660527667141075,1.7570579
1677,16.76,59.21847528228477,60.932530224415814,1.714055
1678,16.77,58.947862474154135,60.61041900319924,1.6625565
1679,16.78,59.29881278394979,60.91736678003591,1.618554
1680,16.79,59.1880597055516,60.67011620407913,1.4820565
1681,16.8,13.544725690093784,61.062216077056675,47.51749
1682,16.81,59.76572878801337,61.161786751384646,1.396058
1683,16.82,13.557819343310555,61.099845863085946,47.542027
1684,16.83,13.59037613537749,61.03020310070952,47.439827
1685,16.84,13.240770515157294,60.847948249532294,47.607178
1686,16.85,13.679784156743203,60.905969001713906,47.226185
1687,16.86,59.898832122596524,61.082884470733426,1.1840523
1688,16.87,14.335321332470912,61.42930021430685,47.09398
1689,16.88,59.99716616781078,61.539224039629325,1.5420579
1690,16.89,59.800254258575386,61.61597970432276,1.8157254
1691,16.9,15.187763309946504,62.373493290415254,47.18573
1692,16.91,60.778948895345266,62.2490081709724,1.4700593
1693,16.92,14.913713646073596,62.25122280134703,47.33751
1694,16.93,60.80655437391297,62.24261325281159,1.4360589
1695,16.94,60.984961729761075,62.631015878435086,1.6460541
1696,16.95,15.128599509049508,62.43145595436201,47.302856
1697,16.96,60.728083683052525,62.26514048675583,1.5370568
1698,16.97,60.704696328579644,62.418751270710686,1.714055
1699,16.98,61.088037225443514,62.54059467001596,1.4525574
1700,16.99,60.907449735547914,62.48900498285474,1.5815552
1701,17.0,15.411659911468938,62.57003851254316,47.15838
1702,17.01,60.82827875463623,62.57133684007782,1.7430581
1703,17.02,60.597473090020245,62.40452653678996,1.8070534
1704,17.03,60.762727564667145,62.443781560753266,1.681054
1705,17.04,61.03077584730481,62.4713322542796,1.4405564
1706,17.05,61.12252634350142,62.5540838796266,1.4315575
1707,17.06,61.03407537279485,62.569629185775504,1.5355538
1708,17.07,61.31130617347723,62.758362824592645,1.4470567
1709,17.08,61.42908432396561,62.7821392050615,1.3530549
1710,17.09,61.272677115287,62.87023120292586,1.5975541
1711,17.1,15.539998505195115,62.78864047296855,47.248642
1712,17.11,61.182604006588534,62.66615968114145,1.4835557
1713,17.12,60.9107429794226,62.47679911173919,1.5660561
1714,17.13,60.64548254200373,62.15854108520899,1.5130585
1715,17.14,60.78410012450485,62.30315537181168,1.5190552
1716,17.15,61.11140986329943,62.57396562940508,1.4625558
1717,17.16,15.705739569787063,62.76979596627144,47.064056
1718,17.17,16.006056976954063,63.125170899073204,47.119114
1719,17.18,15.519940994675693,62.72136845439249,47.201427
1720,17.19,15.554634062304103,62.732601133837306,47.177967
1721,17.2,61.01401196601339,62.706067549013575,1.6920556
1722,17.21,61.21391568106947,62.86747333926497,1.6535577
1723,17.22,61.67869528029719,63.19574781153956,1.5170525
1724,17.23,61.69472560485462,63.089780302845035,1.3950547
1725,17.24,61.26069022929691,62.784246819377174,1.5235566
1726,17.25,61.69671884462275,63.07527497693934,1.3785561
1727,17.26,61.54055344336877,62.98460792773614,1.4440545
1728,17.27,61.294951324788414,62.75800681623586,1.4630555
1729,17.28,61.33934315547134,62.66389843329574,1.3245553
1730,17.29,60.9982823535255,62.548339645510055,1.5500573
1731,17.3,60.979058479737915,62.43811616845099,1.4590577
1732,17.31,60.894153857984286,62.51920809821103,1.6250542
1733,17.32,14.972755275610403,62.36200698459478,47.38925
1734,17.33,60.768380467291955,62.24293727099526,1.4745568
1735,17.34,61.11748287579495,62.64554080864865,1.5280579
1736,17.35,61.329916452017976,62.84397444590683,1.514058
1737,17.36,15.89165990094206,63.16292302350065,47.271263
1738,17.37,15.842549306112538,63.17054460640551,47.327995
1739,17.38,15.847695379856255,63.35808280051055,47.510387
1740,17.39,61.64598545653594,63.33704158885253,1.6910561
1741,17.4,61.59494992448394,63.16950520230834,1.5745553
1742,17.41,61.80898416395019,63.483541730592954,1.6745576
1743,17.42,16.34070769366903,63.32356825885458,46.98286
1744,17.43,61.69495350534069,63.31200832540142,1.6170548
1745,17.44,61.47809788864772,63.124651762663525,1.6465539
1746,17.45,61.352135184971225,62.89169061538352,1.5395554
1747,17.46,61.37097355567636,63.05552944385232,1.6845559
1748,17.47,15.804051243801048,62.89831241323464,47.09426
1749,17.48,61.4728172649869,63.08987208504763,1.6170548
1750,17.49,15.915417217875486,62.990108990336424,47.07469
1751,17.5,15.877319960854798,62.994984298013,47.117664
1752,17.51,61.36989322440131,63.29861512915595,1.9287219
1753,17.52,15.96329629934614,62.981534366973094,47.018238
1754,17.53,61.45749479858618,63.183051052973084,1.7255563
1755,17.54,16.2152150123744,63.328133866134166,47.11292
1756,17.55,61.86868964257594,63.45974730077143,1.5910577
1757,17.56,61.80754332774415,63.495097567970895,1.6875542
1758,17.57,61.90263359462171,63.58518676673322,1.6825532
1759,17.58,61.8187261258558,63.31828445543801,1.4995583
1760,17.59,61.49088649210938,63.239445371008,1.7485589
1761,17.6,61.30027191414342,63.14776115192876,1.8474892
1762,17.61,61.04036510245334,62.97511935488712,1.9347543
1763,17.62,60.81790052886811,62.72369097705689,1.9057904
1764,17.63,15.439355016505928,62.553807378566475,47.114452
1765,17.64,60.66865320891417,62.44170625895537,1.773053
1766,17.65,60.7251766097241,62.45456532356077,1.7293887
1767,17.66,61.09434301188495,62.55589932730701,1.4615563
1768,17.67,15.705724679855166,62.85121341886884,47.14549
1769,17.68,61.269919651084315,62.77297224336184,1.5030526
1770,17.69,15.770388002775626,62.971308107756094,47.20092
1771,17.7,15.971911323847074,63.050627601923246,47.078716
1772,17.71,61.45369754148903,62.97825358225288,1.524556
1773,17.72,16.38363908766167,63.22542833326714,46.84179
1774,17.73,61.56787438047051,63.32342941415429,1.755555
1775,17.74,16.068924948994386,63.18087486964868,47.11195
1776,17.75,16.130918622914393,63.011148572865565,46.88023
1777,17.76,61.67029188323807,63.29385076213669,1.6235589
1778,17.77,61.51991513503101,63.14997044337299,1.6300553
1779,17.78,61.689250692100536,63.29330883857728,1.6040581
1780,17.79,16.249751791481224,63.628665670875755,47.378914
1781,17.8,16.19201772152983,63.41118733822905,47.21917
1782,17.81,61.802711787969336,63.70810300424741,1.9053912
1783,17.82,61.88693572225207,63.42298926057452,1.5360535
1784,17.83,16.222575559779635,63.30304278390073,47.080467
1785,17.84,16.020921075308458,63.114220941031114,47.0933
1786,17.85,16.14819525554727,63.238462436943756,47.090267
1787,17.86,61.96959423232718,63.43865024257346,1.469056
1788,17.87,62.07890167273995,63.5424568895292,1.4635552
1789,17.88,16.378082334340128,63.575595914662394,47.197514
1790,17.89,61.90189059374585,63.99872167704358,2.096831
1791,17.9,62.22174540704298,63.80630282109785,1.5845574
1792,17.91,61.98521815464393,63.607274042819895,1.6220559
1793,17.92,62.13883637860166,63.60139214470731,1.4625558
1794,17.93,15.954009119712524,63.18374926253479,47.22974
1795,17.94,16.06432562380688,63.39710455447094,47.33278
1796,17.95,62.03675469918028,63.74031159443632,1.7035569
1797,17.96,62.203083925383325,64.08793931497836,1.8848554
1798,17.97,62.00623176469962,63.86805150880973,1.8618197
1799,17.98,62.02297016336855,63.646025502228106,1.6230553
1800,17.99,62.16711214173955,63.75866571057958,1.5915536
1801,18.0,62.01636876194563,63.72292400925245,1.7065552
1802,18.01,61.95096565938762,63.45201935029796,1.5010537
1803,18.02,61.67691765296505,63.3174748228793,1.6405572
1804,18.03,15.674359574566928,63.07075239683255,47.396393
1805,18.04,15.740681065021938,63.117130649982876,47.37645
1806,18.05,61.647067240115604,63.13062291466852,1.4835557
1807,18.06,61.740385626212635,63.18344065989641,1.443055
1808,18.07,61.45418958174643,62.85924260127005,1.405053
1809,18.08,15.680592228954858,62.97378604609353,47.293194
1810,18.09,61.32358115091148,63.00113706960502,1.6775559
1811,18.1,15.689324178110603,62.92277983606959,47.233456
1812,18.11,61.13056952960064,62.700127554007075,1.569558
1813,18.12,61.484610174213806,62.9616656046261,1.4770554
1814,18.13,60.83006502717923,62.67912210554074,1.8490571
1815,18.14,61.24116428579176,62.78572078431929,1.5445565
1816,18.15,61.144689550719875,62.665743699393886,1.5210541
1817,18.16,15.325252281903254,62.68279241251849,47.35754
1818,18.17,61.21729116398678,62.78584592301235,1.5685548
1819,18.18,61.053431026880176,62.68598496193114,1.6325539
1820,18.19,61.03243717084502,62.66799327264403,1.6355561
1821,18.2,61.039162042159525,62.56821942569682,1.5290574
1822,18.21,14.945640987212435,62.26500744229056,47.319366
1823,18.22,60.93572447320951,62.466281032772194,1.5305566
1824,18.23,15.138268601238316,62.207970749675816,47.069702
1825,18.24,60.710103358559444,62.0576574461983,1.3475541
1826,18.25,14.956799672584332,62.04686086032847,47.09006
1827,18.26,15.116415087319929,62.321687761880476,47.205273
1828,18.27,60.913700717360946,62.53375770416972,1.620057
1829,18.28,61.155319345445164,62.72737599656058,1.5720567
1830,18.29,15.106247280888887,62.47609743958029,47.36985
1831,18.3,60.98384515266591,62.4869015596407,1.5030564
1832,18.31,61.20706905920252,62.77212192613825,1.5650529
1833,18.32,61.52359294136251,62.85864626606191,1.3350533
1834,18.33,61.422385215653186,62.86144244660259,1.4390572
1835,18.34,61.28577617233804,62.604834471402675,1.3190583
1836,18.35,61.29386117384262,62.655419015143586,1.3615578
1837,18.36,60.74061961732886,62.416176634655216,1.675557
1838,18.37,61.00036696947944,62.49242560423743,1.4920586
1839,18.38,61.15481150390985,62.70186662914636,1.5470551
1840,18.39,60.851634738061385,62.44868910035844,1.5970544
1841,18.4,61.104217985819396,62.64927420968872,1.5450562
1842,18.41,61.43714266521794,62.759699041675155,1.3225564
1843,18.42,60.90801842200006,62.46657485949243,1.5585564
1844,18.43,60.59644753161212,62.09700531187793,1.5005578
1845,18.44,60.20740927431034,61.92596174451756,1.7185525
1846,18.45,14.43579121083232,61.613128857316696,47.177338
1847,18.46,59.76456475294964,61.50495255030529,1.7403878
1848,18.47,60.14326180740422,61.62431504055089,1.4810532
1849,18.48,60.50066082411834,61.93721942835876,1.4365586
1850,18.49,14.5287114731753,61.83408943338038,47.305378
1851,18.5,60.22652818404522,61.65458764277783,1.4280595
1852,18.51,15.064812720736384,61.528782905062556,46.46397
1853,18.52,59.655706770374366,61.571428186847754,1.9157214
1854,18.53,59.71407125219529,61.64922592863267,1.9351547
1855,18.54,59.85087372297834,61.35993064875196,1.5090569
1856,18.55,59.09934811928757,61.33892898896225,2.2395809
1857,18.56,59.65472010912354,61.20977846922333,1.5550584
1858,18.57,59.53973101985672,61.13728892219284,1.5975579
1859,18.58,59.744436345423445,61.297491989458784,1.5530556
1860,18.59,13.605194915136984,61.0441139825198,47.43892
1861,18.6,59.36715686437277,60.95321345445303,1.5860566
1862,18.61,59.45340405086461,61.062959176101124,1.6095551
1863,18.62,59.53180129462771,61.27085776263766,1.7390565
1864,18.63,59.42523996310961,61.12229661422503,1.6970567
1865,18.64,59.65700007616238,61.15905703245358,1.502057
1866,18.65,59.398305647416414,61.16586171869785,1.7675561
1867,18.66,13.90845208236631,61.03572564193662,47.127274
1868,18.67,14.460152454213059,61.5642631719865,47.10411
1869,18.68,59.959637866312605,61.588193998629194,1.6285561
1870,18.69,14.497544613090476,61.609299984184226,47.111755
1871,18.7,59.67355153614169,61.42610821777468,1.7525567
1872,18.71,59.82201961003521,61.47407809220532,1.6520585
1873,18.72,59.92899790487186,61.46805360994236,1.5390557
1874,18.73,59.49163417824201,61.15119235523633,1.6595582
1875,18.74,13.93440769833338,61.072892653167365,47.138485
1876,18.75,59.41488203077486,61.07243749170473,1.6575555
1877,18.76,59.695803660007776,61.19836034164077,1.5025567
1878,18.77,59.63393140810029,61.10698522108094,1.4730538
1879,18.78,59.393443557807146,60.85450014788741,1.4610566
1880,18.79,59.52030163187991,61.05135791678439,1.5310563
1881,18.8,59.48412029898729,61.219508220320606,1.7353879
1882,18.81,13.460039586157002,60.97109076413552,47.51105
1883,18.82,13.903656982032459,61.11783697470824,47.21418
1884,18.83,59.365879306559044,61.014435896639306,1.6485566
1885,18.84,59.505635467488005,61.11269196601553,1.6070565
1886,18.85,13.944580917248963,61.09927070606732,47.15469
1887,18.86,13.842842948759888,61.218987357939575,47.376144
1888,18.87,13.914774286266791,61.08957897376679,47.174805
1889,18.88,13.866944698569469,60.85445919441908,46.987514
1890,18.89,13.515236067287255,60.76683824013882,47.251602
1891,18.9,59.6871829658031,61.209240379857974,1.5220574
1892,18.91,59.51338177151124,60.912937812275096,1.399556
1893,18.92,59.559219049785696,61.0867772572976,1.5275582
1894,18.93,59.85881550965387,61.30637188611109,1.4475564
1895,18.94,13.903719987888913,61.06681736948071,47.163097
1896,18.95,59.61799383878378,61.1635497879949,1.545556
1897,18.96,59.901737473388295,61.166295192618946,1.2645577
1898,18.97,14.203109280076326,61.297759548631014,47.09465
1899,18.98,59.97196789192667,61.285025672192475,1.3130578
1900,18.99,59.52468163460103,61.375802464183245,1.8511208
1901,19.0,14.388559716289663,61.5805725031549,47.192013
1902,19.01,60.08846878940672,61.55002510482878,1.4615563
1903,19.02,13.947332152620291,61.2242639153156,47.27693
1904,19.03,14.154033761431826,61.20927439253534,47.05524
1905,19.04,59.85913275482897,61.17818723919634,1.3190545
1906,19.05,59.80595135050532,61.23950778799769,1.4335564
1907,19.06,59.70543343067072,61.40799087524317,1.7025574
1908,19.07,59.81570756495678,61.279762507087824,1.464055
1909,19.08,14.307341820769224,61.36313939767352,47.055798
1910,19.09,59.70634335677845,61.355399672200505,1.6490563
1911,19.1,14.214337498970423,61.12926593524972,46.91493
1912,19.11,13.875699290668152,61.14901853505292,47.27332
1913,19.12,59.66603867225195,61.229596177859555,1.5635575
1914,19.13,59.623429911042294,61.139486806298336,1.5160569
1915,19.14,59.66578648457918,61.0503431356946,1.3845567
1916,19.15,13.998356128213636,61.080677295205824,47.08232
1917,19.16,59.6334444254372,61.079497811171755,1.4460534
1918,19.17,59.94078326176564,61.19533884476582,1.2545556
1919,19.18,59.804732216859776,61.2867887153873,1.4820565
1920,19.19,60.08084850780507,61.50240390769979,1.4215554
1921,19.2,14.287901312775652,61.33881607717995,47.050915
1922,19.21,59.733621310306106,61.4633405915027,1.7297193
1923,19.22,59.959369524844575,61.48042748821585,1.521058
1924,19.23,59.85885520183955,61.3849104186288,1.5260552
1925,19.24,60.25975116191719,61.61130686698768,1.3515557
1926,19.25,59.941849753534825,61.33540527549985,1.3935555
1927,19.26,14.085427725288518,61.69839617011274,47.61297
1928,19.27,59.8252962104405,61.21985118308912,1.394555
1929,19.28,59.81280818263472,61.30086138526381,1.4880532
1930,19.29,60.019437734558444,61.425494019462924,1.4060563
1931,19.3,59.54788460511192,61.32644226330741,1.7785577
1932,19.31,59.96948107470404,61.26003595579993,1.2905549
1933,19.32,13.947351833564966,61.305925747139185,47.358574
1934,19.33,59.343196685704946,61.28692036429381,1.9437237
1935,19.34,13.962020683424527,61.076663780348355,47.114643
1936,19.35,13.780875867570572,60.890170758927994,47.109295
1937,19.36,59.4483418783686,60.71689740033363,1.2685555
1938,19.37,59.451259624706296,60.81181801532367,1.3605584
1939,19.38,59.23812750197287,60.82618299342032,1.5880555
1940,19.39,13.564264721384468,61.0165428585915,47.45228
1941,19.4,13.72844746233973,60.930904890318246,47.202457
1942,19.41,13.360336042740897,60.92789814601238,47.567562
1943,19.42,14.182211799000896,61.218527716969646,47.036316
1944,19.43,59.7509116422149,61.271466065547116,1.5205544
1945,19.44,60.06612096734483,61.37267468877275,1.3065537
1946,19.45,13.449404807405429,61.03029546292301,47.58089
1947,19.46,59.61383010593236,61.11388816085637,1.500058
1948,19.47,59.448021068159406,61.16607381302482,1.7180527
1949,19.48,59.13999698631262,61.14808485977148,2.0080879
1950,19.49,59.127211947901294,60.933268447382495,1.8060565
1951,19.5,13.881045042604768,60.707968412966096,46.826923
1952,19.51,13.16161663943187,60.370272950467026,47.208656
1953,19.52,13.643372715311685,60.58505362351481,46.94168
1954,19.53,13.788742176495312,60.68275844236445,46.894016
1955,19.54,58.934517044629935,60.63990618666637,1.7053891
1956,19.55,58.862694192950904,60.570415426318824,1.7077212
1957,19.56,58.64770668387145,60.33009320139617,1.6823865
1958,19.57,59.145917989043596,60.470473266868,1.3245553
1959,19.58,58.924382843270166,60.413439311280115,1.4890565
1960,19.59,59.41066550168167,60.49771772774826,1.0870522
1961,19.6,58.67223698657653,60.49226040404937,1.8200234
1962,19.61,58.689704459518346,60.645157020896825,1.9554526
1963,19.62,58.86334024506355,60.7657278640821,1.9023876
1964,19.63,58.6686707405082,60.62706085719979,1.9583901
1965,19.64,13.520508874483156,60.987332452364015,47.466824
1966,19.65,59.1462802728552,61.152003034009375,2.0057228
1967,19.66,14.261249593148825,61.42907719935,47.167828
1968,19.67,14.334515424545835,61.60066685276849,47.26615
1969,19.68,13.634240861973417,61.288339372715605,47.6541
1970,19.69,13.581972844114311,61.098223454465874,47.51625
1971,19.7,14.042573729523994,61.3390481863111,47.296474
1972,19.71,14.19987738961035,61.24120581978613,47.04133
1973,19.72,59.96796346910902,61.36602033384749,1.3980569
1974,19.73,14.594935537713262,61.66516029967615,47.070225
1975,19.74,14.775071098853005,61.889485313940895,47.114414
1976,19.75,14.86698579809972,62.03945207617589,47.172466
1977,19.76,14.983518666094817,61.98233992463974,46.99882
1978,19.77,14.727687426840646,61.83460957649885,47.106922
1979,19.78,59.764725684597835,61.71211397595678,1.9473883
1980,19.79,59.52389764524368,61.61518668867019,2.091289
1981,19.8,14.412946523241672,61.57925969462839,47.166313
1982,19.81,14.593500219570153,61.731874548183434,47.138374
1983,19.82,60.14529890041818,61.70985585670938,1.564557
1984,19.83,14.684207154633725,61.77674789560052,47.09254
1985,19.84,14.873244974863951,61.81890079761786,46.945656
1986,19.85,14.558100379707902,61.71044794440517,47.152348
1987,19.86,14.47164617440653,61.56300435922098,47.09136
1988,19.87,14.687697810527183,61.776355189677574,47.088657
1989,19.88,60.631271909724774,62.06582779790074,1.4345559
1990,19.89,60.30312164042423,61.9761800310416,1.6730584
1991,19.9,15.059103337748446,62.10008844517032,47.040985
1992,19.91,15.017404621306412,62.143152301970474,47.125748
1993,19.92,14.855727935840072,62.020137573291244,47.16441
1994,19.93,14.787445406286999,62.25445208963661,47.467007
1995,19.94,15.07610077600885,62.1307386849444,47.054638
1996,19.95,60.252246454308,61.96930356318709,1.7170571
1997,19.96,14.82176843682901,61.94183221856729,47.120064
1998,19.97,60.26524533545956,62.19917048728451,1.9339252
1999,19.98,15.063812517069593,62.19453456296803,47.130722
2000,19.99,60.44731224757022,62.27170468550509,1.8243924
2001,20.0,61.065701613507805,62.64475441940838,1.5790528
2002,20.01,61.20667958488749,62.691234710124,1.4845551
2003,20.02,15.57313445121703,62.57837584526,47.00524
2004,20.03,15.638842426785118,62.70217784548629,47.063335
2005,20.04,15.491204285738334,62.47188665878521,46.980682
2006,20.05,15.40363833636632,62.309525940126086,46.905888
2007,20.06,60.9250377075271,62.589593137939396,1.6645554
2008,20.07,15.981035880273481,62.888773612207075,46.907738
2009,20.08,61.31143068533932,63.04448663455044,1.733056
2010,20.09,15.65231441457054,62.88981365163109,47.2375
2011,20.1,16.00384230985719,63.134453729534926,47.13061
2012,20.11,15.58930057230112,62.77330630960581,47.184006
2013,20.12,15.943127617513362,62.87082766023797,46.9277
2014,20.13,60.94119593635527,62.67725023761717,1.7360543
2015,20.14,15.50440202570708,62.545028551585986,47.040627
2016,20.15,15.035418206179102,62.15050380798574,47.115086
2017,20.16,15.23731255256456,62.36893105232042,47.13162
2018,20.17,60.67488787463894,62.659609535252955,1.9847217
2019,20.18,15.613002761895771,62.81317518621218,47.200172
2020,20.19,15.409571671423372,62.90832808011478,47.498756
2021,20.2,61.18973816406221,62.871295700187396,1.6815575
2022,20.21,61.36996263239095,63.143683254453634,1.7737206
2023,20.22,61.45412390769422,63.14367704928815,1.6895531
2024,20.23,61.412760493198284,62.91881525222386,1.5060548
2025,20.24,61.449816820143326,62.99987029743062,1.5500535
2026,20.25,61.52900729822547,63.10056422399909,1.5715569
2027,20.26,16.031260229301395,63.075239874076786,47.04398
2028,20.27,15.617939376348865,62.998466872686755,47.380527
2029,20.28,61.109559384976606,62.69961377779124,1.5900544
2030,20.29,60.816846000869866,62.44440268250286,1.6275567
2031,20.3,15.246813387535013,62.33845004524986,47.091637
2032,20.31,15.225710625035688,62.526842827184126,47.301132
2033,20.32,60.68130950893621,62.074369120256705,1.3930596
2034,20.33,60.65794651364525,62.085002706996995,1.4270562
2035,20.34,15.048288315085571,62.136331527976196,47.088043
2036,20.35,15.056566684782915,62.168375461638384,47.11181
2037,20.36,60.348287936861574,62.22501039188629,1.8767225
2038,20.37,14.63158327456965,62.12935930606379,47.497776
2039,20.38,15.312940628764764,62.225267441508905,46.912327
2040,20.39,14.882596241006567,61.92609523392649,47.0435
2041,20.4,60.75795411677932,62.35250985236739,1.5945557
2042,20.41,15.31115722590149,62.33892059260071,47.027763
2043,20.42,14.564510838678764,62.01130725591509,47.446796
2044,20.43,15.286238493829558,62.428652586847136,47.142414
2045,20.44,15.14854797260525,62.65589889423611,47.50735
2046,20.45,61.40343334988543,62.88698902443835,1.4835557
2047,20.46,61.67460708923634,62.75466316051777,1.0800561
2048,20.47,15.288269708557934,62.5197188357552,47.23145
2049,20.48,60.93962521315447,62.939348766812,1.9997236
2050,20.49,15.909496765840444,63.30609558175841,47.3966
2051,20.5,15.831683194277332,62.98529342376952,47.15361
2052,20.51,15.71778294179591,63.29773899648341,47.579956
2053,20.52,15.888246546114324,63.38916588815534,47.50092
2054,20.53,15.918572789084472,63.33514917458252,47.416576
2055,20.54,16.070187807656602,63.22180295047887,47.151615
2056,20.55,15.932600684487433,63.20705289396009,47.274452
2057,20.56,15.953335888880702,63.5415927248182,47.588257
2058,20.57,16.239300261594778,63.378601561643606,47.1393
2059,20.58,15.713508291156195,63.250827474505805,47.53732
2060,20.59,16.020063647755542,63.458162555226245,47.4381
2061,20.6,15.40595201375136,62.92127946736464,47.515327
2062,20.61,15.819007376952712,63.17988536767537,47.360878
2063,20.62,61.25597701826299,63.084700448896534,1.8287234
2064,20.63,15.993159862570366,63.09524879079302,47.10209
2065,20.64,15.959721814303514,63.022481213717576,47.06276
2066,20.65,61.39196703164299,63.0015221568795,1.6095551
2067,20.66,61.23202004921967,63.14274421227509,1.9107242
2068,20.67,61.74586354083824,63.46792171783257,1.7220582
2069,20.68,61.63877827369531,63.3038334294494,1.6650552
2070,20.69,16.377055858858128,63.45900700021555,47.08195
2071,20.7,61.979113992673966,63.517669972402665,1.538556
2072,20.71,61.419708909770094,63.29543191411122,1.875723
2073,20.72,62.17528492576643,63.678841058083016,1.5035561
2074,20.73,62.10965520895098,63.66971463716601,1.5600594
2075,20.74,62.037004600400735,63.65056134306889,1.6135567
2076,20.75,16.55966690294474,63.705415041372476,47.14575
2077,20.76,16.448584764435253,63.704817979767284,47.256233
2078,20.77,62.44595507996339,63.99901072399873,1.5530556
2079,20.78,16.737586683230596,63.82440919299622,47.086823
2080,20.79,16.8677438180002,63.88118681116426,47.013443
2081,20.8,62.82267721719265,64.49073453969478,1.6680573
2082,20.81,62.60698372670072,64.35003799744504,1.7430543
2083,20.82,17.15898026407288,64.22825135171936,47.06927
2084,20.83,16.58446438951269,64.03808148545995,47.453617
2085,20.84,17.26337121170191,64.3936316792312,47.13026
2086,20.85,16.922336073383732,64.17112681435053,47.24879
2087,20.86,16.64837705772451,63.877846357040916,47.22947
2088,20.87,16.703619574263328,63.73906192655825,47.035442
2089,20.88,62.093100205340136,63.801158443369616,1.7080582
2090,20.89,16.319080028343727,63.9475895498281,47.62851
2091,20.9,16.288738266378196,63.850952164083274,47.562214
2092,20.91,16.228851355569518,63.701850928323424,47.473
2093,20.92,62.34793430667649,63.96148723464738,1.6135529
2094,20.93,62.31219392075391,63.915748527191596,1.6035546
2095,20.94,16.89956248461292,63.965190536370734,47.065628
2096,20.95,17.08870860913497,64.14824077466231,47.059532
2097,20.96,62.526215163715435,64.35227343226249,1.8260583
2098,20.97,16.45910848396641,63.793306482013286,47.334198
2099,20.98,62.76717914404311,64.19223643602767,1.4250573
2100,20.99,17.54193826474807,64.70738168515823,47.165443
2101,21.0,17.639758002154338,64.75446976362895,47.11471
2102,21.01,63.39342062492054,64.74597959537189,1.352559
2103,21.02,17.381574212619626,64.58988338620361,47.20831
2104,21.03,17.814284708901567,65.11582889835469,47.301544
2105,21.04,63.07727601531748,65.05866351131205,1.9813875
2106,21.05,18.008878886654244,65.16049784417378,47.15162
2107,21.06,63.71803210101588,65.23508844695552,1.5170563
2108,21.07,18.019624959864657,65.25336672011856,47.23374
2109,21.08,63.7863709399075,65.41292435615964,1.6265534
2110,21.09,18.12816190447208,65.64498090471622,47.51682
2111,21.1,18.684998410404347,65.77846612280669,47.093468
2112,21.11,18.264953577224446,65.40866466731234,47.14371
2113,21.12,63.12035303806017,65.09131055568407,1.9709575
2114,21.13,63.680463394380055,64.8835205642943,1.2030572
2115,21.14,18.16628700532935,65.35509544649146,47.18881
2116,21.15,18.773195867666374,65.88536704076208,47.11217
2117,21.16,18.518424307654527,65.60715798075023,47.088734
2118,21.17,64.46122344198106,66.03627844514726,1.575055
2119,21.18,64.35550025700894,65.87505522965756,1.519555
2120,21.19,18.719437867435857,65.80146530273859,47.082027
2121,21.2,18.720738516347524,65.85692320873034,47.136185
2122,21.21,64.60945943732963,65.928513921697,1.3190545
2123,21.22,18.85749304064619,66.04535162218916,47.18786
2124,21.23,17.9556140272273,65.56554978772535,47.609936
2125,21.24,18.49266564809308,65.77734506093488,47.28468
2126,21.25,18.517342169207964,65.68098886720601,47.163647
2127,21.26,64.06588860675552,65.69294556304672,1.627057
2128,21.27,18.280333253478105,65.83985016021639,47.559517
2129,21.28,18.846553245360838,65.91764012890576,47.071087
2130,21.29,18.650683443594218,65.8272886682036,47.176605
2131,21.3,64.03106348674774,66.01164357822418,1.9805801
2132,21.31,18.512974670677963,66.09505169704515,47.582077
2133,21.32,18.338608341966577,65.90976389006228,47.571156
2134,21.33,64.59709656800375,66.03664970959768,1.4395531
2135,21.34,17.86725823963738,65.52336328114129,47.656105
2136,21.35,17.8195277097589,65.56416424540343,47.744637
2137,21.36,18.673702336957746,65.72895441215306,47.055252
2138,21.37,18.078027626384937,65.69897260319158,47.620945
2139,21.38,18.08709102023252,65.72915797579893,47.642067
2140,21.39,18.060604542624603,65.47161909950937,47.411015
2141,21.4,18.245255152981315,65.64051882485631,47.395264
2142,21.41,18.882986902376786,65.93465316214241,47.051666
2143,21.42,18.380018384383334,65.99826255552591,47.618244
2144,21.43,18.89724064548669,65.86285496433435,46.965614
2145,21.44,18.61874074237106,65.97592610614059,47.357185
2146,21.45,18.917322635107936,66.14254236167044,47.22522
2147,21.46,19.267585615842478,66.3762701556374,47.108685
2148,21.47,19.038512721377387,66.47425033124067,47.435738
2149,21.48,19.28376846795851,66.50406342035109,47.220295
2150,21.49,64.93646299471428,66.41702031721641,1.4805573
2151,21.5,64.01088858886546,66.07097841544932,2.0600898
2152,21.51,18.521209787276916,65.80171973600739,47.28051
2153,21.52,64.45806414872027,65.64912028103686,1.1910561
2154,21.53,18.491979730211867,65.77381337889351,47.281834
2155,21.54,18.788239297801994,65.89857560151293,47.110336
2156,21.55,18.762204682147186,65.84067300490109,47.07847
2157,21.56,64.75870574146879,66.08726263672483,1.3285569
2158,21.57,64.19922926860762,65.96078601318312,1.7615567
2159,21.58,64.59305777893503,65.91611388073404,1.3230561
2160,21.59,18.34816144667569,66.00185941420499,47.653698
2161,21.6,63.96014252279143,66.01073113057952,2.0505886
2162,21.61,18.550860826583403,65.74161857804825,47.190758
2163,21.62,64.3414081899263,65.80696612278,1.4655579
2164,21.63,63.87565818565231,65.39571288364273,1.5200547
2165,21.64,63.990239044440585,65.551797648681,1.5615586
2166,21.65,63.70571055382149,65.37476732700722,1.6690568
2167,21.66,63.657638160443184,64.87469526932227,1.2170571
2168,21.67,63.91281139519758,65.34536456730909,1.4325532
2169,21.68,63.67960946016008,65.26816849164659,1.588559
2170,21.69,63.6478533847427,65.16840780807492,1.5205544
2171,21.7,63.75321141677797,65.32226590114534,1.5690545
2172,21.71,64.02403934381653,65.42009349249054,1.3960541
2173,21.72,18.646476640606323,65.74338902463953,47.096912
2174,21.73,64.15222260956652,65.6842783451546,1.5320557
2175,21.74,64.05823593472546,65.64478843545025,1.5865525
2176,21.75,64.37443284755396,65.73499123817133,1.3605584
2177,21.76,18.828210520979496,65.89978568577442,47.071575
2178,21.77,63.87263811839513,65.52719141257695,1.6545533
2179,21.78,63.83267148895031,65.36472722453838,1.5320557
2180,21.79,63.942241665933395,65.5327995987871,1.5905579
2181,21.8,63.84858171682174,65.43863610963638,1.5900544
2182,21.81,63.95339813947237,65.57195595025576,1.6185578
2183,21.82,18.071649635451223,65.41695221723833,47.345303
2184,21.83,63.86778457883737,65.25684257272623,1.389058
2185,21.84,63.875718943713125,65.4847781583051,1.6090592
2186,21.85,64.00279498577842,65.62834895134696,1.625554
2187,21.86,64.0600130648913,65.61456788495202,1.5545548
2188,21.87,63.85977221289596,65.44983042040786,1.5900582
2189,21.88,64.094406298686,65.67396264462563,1.5795563
2190,21.89,63.78252503757689,65.49058327560637,1.7080582
2191,21.9,18.279138417620402,65.48023399867509,47.201096
2192,21.91,63.97628445371038,65.57784015878087,1.6015557
2193,21.92,63.73196679528067,65.14602250035117,1.4140557
2194,21.93,63.66178833191081,65.2388422364442,1.5770539
2195,21.94,63.22571241247394,64.8117690025542,1.5860566
2196,21.95,63.6679767193221,65.24403498786916,1.5760583
2197,21.96,63.604897059596254,64.79845181862183,1.1935548
2198,21.97,63.658654689001565,65.28920972268534,1.630555
2199,21.98,63.419804571074806,65.32855784694608,1.9087533
2200,21.99,63.63492931541266,65.25798846896949,1.6230592
2201,22.0,63.52095811997718,65.27251535092658,1.7515572
2202,22.01,64.11925404615099,65.7183111245125,1.5990571
2203,22.02,18.11128955633977,65.43837695868352,47.327087
2204,22.03,64.07189942774015,65.51345528539854,1.4415559
2205,22.04,64.04176519299372,65.55132184410914,1.5095567
2206,22.05,63.60612020429369,65.26417539056536,1.6580552
2207,22.06,17.914451867010058,65.243049889471,47.328598
2208,22.07,63.691734123141174,65.19379107943237,1.502057
2209,22.08,63.82425350728401,65.43330890717873,1.6090554
2210,22.09,63.74249483896496,65.2950507576585,1.5525559
2211,22.1,17.832921333198243,65.3421147536084,47.509193
2212,22.11,18.031182893099597,65.38291705447655,47.351734
2213,22.12,63.78732480094348,65.33788181826984,1.550557
2214,22.13,18.265731483709203,65.68823590875803,47.422504
2215,22.14,18.209428311498726,65.78840780368623,47.57898
2216,22.15,18.321403103456987,65.68100698529292,47.359604
2217,22.16,63.94314630995716,65.41220232020343,1.469056
2218,22.17,17.67080278041378,64.83825654628292,47.167454
2219,22.18,62.97173699800999,64.77945920889408,1.8077222
2220,22.19,63.07498090081684,65.15087120347492,2.0758903
2221,22.2,17.802982272243298,65.06037515554408,47.257393
2222,22.21,63.46484141306652,64.86689989523663,1.4020585
2223,22.22,63.29330323303063,64.93635902965386,1.6430558
2224,22.23,17.2827555871347,64.70580932858978,47.423054
2225,22.24,62.49222334194944,64.45877941418455,1.9665561
2226,22.25,62.97961370883364,64.53566770491976,1.556054
2227,22.26,62.869572499329735,64.47812817388265,1.6085557
2228,22.27,63.20851658503214,64.69407497564951,1.4855584
2229,22.28,17.43165354585902,64.53996806001918,47.108315
2230,22.29,62.70933196518715,64.27388892147835,1.564557
2231,22.3,17.09346699677741,64.21225666962897,47.11879
2232,22.31,62.91043617795471,64.44399108956817,1.5335549
2233,22.32,62.75630146205529,64.24785655677422,1.4915551
2234,22.33,62.66185132581994,64.17140797693536,1.5095567
2235,22.34,16.824650685894163,63.958088796245725,47.13344
2236,22.35,16.601026044937967,63.809514509293436,47.20849
2237,22.36,16.861973105636153,64.11702376481584,47.25505
2238,22.37,17.0212666818161,64.15213368621063,47.130867
2239,22.38,62.661544298764255,64.10110125505545,1.439557
2240,22.39,62.16865319560348,64.10834366629898,1.9396905
2241,22.4,16.71082205691009,64.1702374927011,47.459415
2242,22.41,16.93016051386624,64.1060905370596,47.17593
2243,22.42,16.7698094685678,64.23963139849944,47.469822
2244,22.43,17.082927379178557,64.35034910159067,47.26742
2245,22.44,62.090566673424306,64.01762286677605,1.9270562
2246,22.45,62.537912880959226,64.19246998983832,1.6545571
2247,22.46,17.197014493295768,64.33597628528796,47.13896
2248,22.47,17.293273959671538,64.29118350556998,46.99791
2249,22.48,16.94545765691015,64.17588063054296,47.230423
2250,22.49,62.82716067557321,64.67721720461832,1.8500565
2251,22.5,17.713724733172654,64.85650122243047,47.142776
2252,22.51,63.506725167269195,65.01578209304282,1.5090569
2253,22.52,17.295939392721436,64.85640615907886,47.560467
2254,22.53,17.751966337889442,64.98565469238163,47.23369
2255,22.54,17.76792323689874,64.81410014729913,47.046177
2256,22.55,63.280526023580364,64.75408337660008,1.4735574
2257,22.56,17.71220548990732,64.82955320719248,47.117348
2258,22.57,17.64536014410983,64.8685962280942,47.223236
2259,22.58,62.871331211760534,64.3783854214697,1.5070542
2260,22.59,62.99264704819774,64.57020067807292,1.5775536
2261,22.6,62.75505925243935,64.23611248558602,1.4810532
2262,22.61,62.66159172588924,64.06164749199489,1.4000558
2263,22.62,62.738000561768374,64.18655638890918,1.4485558
2264,22.63,16.801776568233677,63.8071896236536,47.005413
2265,22.64,16.747451519164784,63.904128765258534,47.156677
2266,22.65,16.673819821990953,63.84019784323119,47.166378
2267,22.66,62.05271388726309,63.59376849370077,1.5410546
2268,22.67,62.375632234580586,63.928687878615925,1.5530556
2269,22.68,62.60370003219886,64.19675659176154,1.5930566
2270,22.69,63.07861517148325,64.54017148690531,1.4615563
2271,22.7,17.196220088581782,64.28374450264428,47.087524
2272,22.71,62.81693291288818,64.6234866343161,1.8065537
2273,22.72,63.54559535621813,64.78364855884722,1.2380532
2274,22.73,62.868758944166345,64.60831513751809,1.7395562
2275,22.74,17.36132482181202,64.79697850833546,47.435654
2276,22.75,18.095048630371963,65.13928385986415,47.044235
2277,22.76,63.46480756790285,64.9913625100339,1.526555
2278,22.77,17.92430955123092,65.0222786064067,47.09797
2279,22.78,17.62483456038666,65.07977917098236,47.454945
2280,22.79,18.15198009122058,65.16842525113269,47.016445
2281,22.8,17.97345134974813,65.28461620570516,47.311165
2282,22.81,63.50558043905431,65.31813456007177,1.8125541
2283,22.82,63.508602686224705,64.98166031390262,1.4730576
2284,22.83,62.771511845008135,64.79883342208028,2.0273216
2285,22.84,63.19423372445867,65.12158996759221,1.9273562
2286,22.85,63.51920602931493,65.05376420630925,1.5345582
2287,22.86,63.068348161055525,64.61140548355766,1.5430573
2288,22.87,63.30348454810412,65.02653836108477,1.7230538
2289,22.88,63.43245681062092,64.90751333966602,1.4750565
2290,22.89,63.27284535999995,64.84840390320521,1.5755585
2291,22.9,17.153730755553312,64.68247068475253,47.52874
2292,22.91,63.13190693960942,64.62446148501195,1.4925545
2293,22.92,62.874444329450824,64.61249753207991,1.7380532
2294,22.93,16.861297317992197,64.35067338610743,47.489376
2295,22.94,17.19070197349879,64.46997977501246,47.279278
2296,22.95,17.035200647814776,64.48707442711165,47.451874
2297,22.96,16.839371604770193,64.31242076858855,47.47305
2298,22.97,16.508424216972102,63.81246703313421,47.304043
2299,22.98,16.378260333441467,63.95241804828522,47.574158
2300,22.99,16.737943214630917,64.19580225393756,47.45786
2301,23.0,17.12326287750264,63.98701714996358,46.863754
2302,23.01,62.15835851760255,64.17558116050111,2.0172226
2303,23.02,16.82208689676854,64.07964762674901,47.25756
2304,23.03,16.8940369475592,64.37647789604553,47.48244
2305,23.04,16.830019612324534,64.1647631120804,47.334743
2306,23.05,16.792060433756262,64.33222156656876,47.54016
2307,23.06,16.780658785607145,64.1658287685173,47.38517
2308,23.07,16.87608837654595,64.29562115242486,47.419533
2309,23.08,17.065170957823938,64.86605520465011,47.800884
2310,23.09,17.40990862087382,64.93748506740702,47.527576
2311,23.1,17.148294454935268,64.92038918149777,47.772095
2312,23.11,17.26590805808722,64.6657569960755,47.39985
2313,23.12,62.206068424128986,64.4126979388232,2.2066295
2314,23.13,17.139973044909624,64.30358159593501,47.16361
2315,23.14,16.671007134506084,64.25675771434007,47.58575
2316,23.15,17.331982892066577,64.54970292380486,47.21772
2317,23.16,16.63784476315861,64.04310294186955,47.40526
2318,23.17,17.11274276316456,64.28762755930714,47.174885
2319,23.18,62.93466990696474,64.46572619186922,1.5310563
2320,23.19,62.915425209549866,64.24748018219849,1.332055
2321,23.2,17.187722767398014,64.38136824469294,47.193645
2322,23.21,62.9515506136686,64.33010674598519,1.3785561
2323,23.22,17.20184506527562,64.38215054623265,47.180305
2324,23.23,63.22802114696886,64.71908033104326,1.4910592
2325,23.24,17.262169016720023,64.62142194640752,47.359253
2326,23.25,17.188214127316,64.5098922889371,47.32168
2327,23.26,62.91516766424603,64.61572620745129,1.7005585
2328,23.27,16.841593617645344,64.60180174752816,47.76021
2329,23.28,17.57328531313601,64.72794839907351,47.154663
2330,23.29,17.074256547764534,64.69713939078211,47.622883
2331,23.3,63.344585721766336,64.70114249495207,1.3565568
2332,23.31,16.936636336201246,64.47514570509773,47.53851
2333,23.32,63.41550454347397,64.96306320874955,1.5475587
2334,23.33,17.569355020521414,64.72060395240618,47.15125
2335,23.34,17.676628835152172,64.7506110739217,47.073982
2336,23.35,63.964316724693475,65.36187004939288,1.3975533
2337,23.36,18.05856375423525,65.3541455718622,47.29558
2338,23.37,17.90780840109457,65.14874849508871,47.24094
2339,23.38,17.74619817634641,65.02377843757688,47.27758
2340,23.39,63.42495058806858,64.96300684245548,1.5380563
2341,23.4,17.526520379322477,64.87114775969357,47.344627
2342,23.41,17.970279481867294,64.92083337591026,46.950554
2343,23.42,17.54077332616515,65.00622361303039,47.46545
2344,23.43,17.789091136560117,65.0939464832398,47.304855
2345,23.44,63.9084924396719,65.18154930441037,1.2730569
2346,23.45,63.70566385568678,65.50271898092329,1.7970551
2347,23.46,63.5164802317953,65.39706828645228,1.880588
2348,23.47,18.03585702946019,65.31420023014378,47.278343
2349,23.48,18.10722198086198,65.22756423550065,47.120342
2350,23.49,17.90374385571019,65.39857875561253,47.494835
2351,23.5,63.69688739262401,65.44394328079997,1.7470559
2352,23.51,17.89806499626056,65.31438579704181,47.41632
2353,23.52,18.21352697798463,65.34585119673463,47.132324
2354,23.53,18.395704168873976,65.57879819353218,47.183094
2355,23.54,64.36948665961796,65.82104083880955,1.4515542
2356,23.55,64.06446813924279,65.7900243936297,1.7255563
2357,23.56,64.06202518769918,65.53407954999624,1.4720544
2358,23.57,18.23657716877544,65.6028376973399,47.36626
2359,23.58,63.94249096381955,65.41504886615567,1.4725579
2360,23.59,17.80866435588962,65.04993632854587,47.241272
2361,23.6,17.589406807110706,64.99468787400524,47.40528
2362,23.61,17.09229635671862,64.79162191824206,47.699326
2363,23.62,17.715132771359194,64.94937044225763,47.234238
2364,23.63,17.66870926399426,64.8038258411427,47.135117
2365,23.64,17.342098921686016,64.82581779375633,47.48372
2366,23.65,17.218775922045154,64.50249403117601,47.28372
2367,23.66,62.90783162165205,64.47288830328505,1.5650567
2368,23.67,16.92638422128465,64.5338900196245,47.607506
2369,23.68,62.63996711985871,64.62178961055085,1.9818225
2370,23.69,63.53564718521366,64.98720517910252,1.451558
2371,23.7,17.34656244717364,64.64907556973223,47.302513
2372,23.71,62.67139404283131,64.6254809425887,1.9540869
2373,23.72,17.047468019889735,64.43909247057333,47.391624
2374,23.73,63.257037012624025,64.58559390788007,1.3285569
2375,23.74,17.208886374954773,64.40759777021844,47.19871
2376,23.75,17.427765651509162,64.67636565761268,47.2486
2377,23.76,17.794134166053354,64.9739933274303,47.17986
2378,23.77,17.075383139246142,64.67709059774224,47.601707
2379,23.78,17.511661061892966,64.89556456531093,47.383904
2380,23.79,17.835254069638623,65.05498444683589,47.21973
2381,23.8,17.61517170293527,64.82070759160715,47.205536
2382,23.81,17.398782041834835,64.79291274862194,47.39413
2383,23.82,17.54909989235675,64.58625504372394,47.037155
2384,23.83,17.846276571710092,64.78450136419056,46.938225
2385,23.84,63.48884139825127,65.08189795781395,1.5930566
2386,23.85,17.676989518879964,64.980830156087,47.30384
2387,23.86,18.550176847136143,65.568758237517,47.01858
2388,23.87,18.060226555823718,65.33560192203466,47.275375
2389,23.88,63.6750413988009,65.16259487608819,1.4875535
2390,23.89,17.713793477561893,65.13399382546228,47.4202
2391,23.9,63.964074230257864,65.4541301489514,1.4900559
2392,23.91,64.13590308400975,65.66495665284978,1.5290536
2393,23.92,18.187224209330566,65.37000542881299,47.18278
2394,23.93,18.22091472165546,65.32374751584491,47.102833
2395,23.94,17.867375305034088,65.02039807114737,47.153023
2396,23.95,18.101073069556065,65.3767040204838,47.27563
2397,23.96,17.97902904092217,65.21225581704522,47.233227
2398,23.97,17.656081837431003,65.04510466457944,47.389023
2399,23.98,17.684927843884367,65.05674257166757,47.371815
2400,23.99,17.732835744770767,65.0719432581985,47.339108
2401,24.0,17.219431962496657,64.89396199179353,47.67453
2402,24.01,63.32666581900175,65.00572091372068,1.6790551
2403,24.02,62.97541858349402,64.55347575340826,1.5780572
2404,24.03,17.458524286486536,64.69617611143771,47.23765
2405,24.04,17.053831226543238,64.6745854684866,47.620754
2406,24.05,62.87322739916709,64.46078316527274,1.5875558
2407,24.06,62.93397116921727,64.5415273930866,1.6075562
2408,24.07,17.128346736428583,64.47727328061804,47.348927
2409,24.08,16.746736895987787,63.86499251122216,47.118256
2410,24.09,16.551645116689613,64.0627878474025,47.511143
2411,24.1,16.44672636210081,63.78270582377073,47.33598
2412,24.11,16.567993762973593,63.82463133621578,47.256638
2413,24.12,16.363386233577955,63.62077530218147,47.25739
2414,24.13,16.673513568803983,63.88490883247586,47.211395
2415,24.14,16.529944532945677,63.8161193071156,47.286175
2416,24.15,16.52406987032093,63.729586685506476,47.205517
2417,24.16,16.431537220611567,63.55610615982055,47.12457
2418,24.17,16.43092419761991,63.548882266467565,47.117958
2419,24.18,16.544133237117443,63.70512109112135,47.160988
2420,24.19,16.81042795789282,63.895751291633054,47.085323
2421,24.2,62.12926675301198,63.63582123737935,1.5065545
2422,24.21,16.626951592355105,63.68070067682776,47.05375
2423,24.22,16.47956455133108,63.665054205872096,47.18549
2424,24.23,61.49656386546176,63.26308484248202,1.766521
2425,24.24,15.928130211210586,62.96648317751918,47.038353
2426,24.25,15.837238788104408,62.96023225734269,47.122993
2427,24.26,16.18480489765662,63.32704351459998,47.14224
2428,24.27,16.08860765323611,63.28564821109744,47.19704
2429,24.28,16.07798067534047,63.142578758836564,47.064598
2430,24.29,15.851503260961493,63.00046718918415,47.148964
2431,24.3,15.857212084467463,63.07662584179168,47.219414
2432,24.31,15.964280445203123,63.105687458142576,47.141407
2433,24.32,15.980728563290384,63.089413103085306,47.108685
2434,24.33,61.69078909017855,63.49641071417147,1.8056216
2435,24.34,16.05315421528003,63.205124124948,47.15197
2436,24.35,15.723339754342916,62.87070150971401,47.14736
2437,24.36,15.98387671923765,63.01272727465757,47.02885
2438,24.37,15.942360591972623,62.97178335198239,47.029423
2439,24.38,15.737483499480533,62.76357221408014,47.02609
2440,24.39,61.493303001027925,62.913858950239046,1.420556
2441,24.4,61.166980554153035,62.53753726630361,1.3705567
2442,24.41,15.893876230341498,62.92440143786103,47.030525
2443,24.42,15.616943352260776,62.90943526510257,47.292492
2444,24.43,15.832433019734161,62.936581884480255,47.10415
2445,24.44,15.737988561945748,62.77285489495356,47.034866
2446,24.45,15.560370587764275,62.70651164001037,47.14614
2447,24.46,15.788130734193771,62.74579903863713,46.95767
2448,24.47,15.261611038877298,62.422930771543314,47.16132
2449,24.48,15.371666670518579,62.36680293150491,46.995136
2450,24.49,15.21408964899095,62.33672835138353,47.12264
2451,24.5,15.452839667682973,62.69122009981188,47.23838
2452,24.51,15.609083064956678,62.668176540298475,47.059093
2453,24.52,15.498987023452152,62.63813955030762,47.139153
2454,24.53,15.81851211345026,62.97679534709284,47.158283
2455,24.54,61.73941354629329,63.13496796962551,1.3955544
2456,24.55,15.764134213483942,62.8862426729566,47.12211
2457,24.56,15.611758802659864,62.774676893480176,47.162918
2458,24.57,15.687843855754537,62.640961226360005,46.953117
2459,24.58,15.828953258533105,63.00289200975381,47.17394
2460,24.59,61.797987026414624,63.15004627152418,1.3520592
2461,24.6,15.613693134601156,62.85681142073397,47.24312
2462,24.61,15.994232171246907,63.15366362876644,47.15943
2463,24.62,15.4210363614919,62.621418594157916,47.200382
2464,24.63,15.975129647463248,63.06985620996325,47.094727
2465,24.64,15.88814268293207,63.23723707380121,47.349094
2466,24.65,16.003341466720855,63.299030095871245,47.29569
2467,24.66,60.93570725202612,62.97456447362951,2.0388572
2468,24.67,60.99497080367271,63.029026513511575,2.0340557
2469,24.68,15.822166449941342,62.94192505589837,47.11976
2470,24.69,15.525372427010701,62.65456096460836,47.12919
2471,24.7,15.576759495590487,62.68342606053189,47.106667
2472,24.71,15.506296913091425,62.59870795435119,47.09241
2473,24.72,15.021511171612765,62.21112832859519,47.189617
2474,24.73,15.553172301758792,62.51450653027442,46.961334
2475,24.74,15.639037910757303,62.744758430776834,47.10572
2476,24.75,15.4842105231481,62.66874650337271,47.184536
2477,24.76,60.48371668208745,62.487939075123336,2.0042224
2478,24.77,14.94200323148452,62.42712972684585,47.485126
2479,24.78,15.152382532997727,62.35398165409148,47.2016
2480,24.79,15.318418129067162,62.33752976236794,47.01911
2481,24.8,60.91001184558264,62.323567825311336,1.413556
2482,24.81,60.756868051983716,62.17742400119484,1.420556
2483,24.82,15.145232038732154,62.194224195714575,47.048992
2484,24.83,15.086007242480157,62.31016266850555,47.224155
2485,24.84,15.183996806340453,62.34535850067639,47.16136
2486,24.85,14.865694744682457,62.14301942119613,47.277325
2487,24.86,15.27305955016572,62.49961823546845,47.22656
2488,24.87,60.923686652864376,62.486744433130184,1.5630578
2489,24.88,15.205353893501098,62.381249584419066,47.175896
2490,24.89,15.337552743383782,62.441674905249016,47.104122
2491,24.9,15.019711966807897,62.219159598643834,47.199448
2492,24.91,15.059115754462368,62.09679733405221,47.03768
2493,24.92,14.708951784916557,62.05275137598101,47.3438
2494,24.93,60.42396170388053,62.234682266815405,1.8107206
2495,24.94,15.030837334037862,62.42576149785622,47.394924
2496,24.95,15.524743600004953,62.5825667811573,47.057823
2497,24.96,15.367859857227927,62.47692968144668,47.10907
2498,24.97,61.12573386175685,62.84845698816829,1.7227231
2499,24.98,15.52720299947051,62.819008266804495,47.291805
2500,24.99,15.755280595575158,62.9619189317568,47.20664
2501,25.0,61.095056512735795,62.52111325540395,1.4260567
2502,25.01,60.9938206739433,62.54487741661145,1.5510567
2503,25.02,61.800705957143116,63.012758183209705,1.2120522
2504,25.03,16.0690304273883,63.31224789565002,47.243217
2505,25.04,61.4792892838954,63.3208465482234,1.8415573
2506,25.05,62.15496862184032,63.486024143805345,1.3310555
2507,25.06,61.82082239551326,63.726444997022355,1.9056226
2508,25.07,62.47633767029914,63.885396121951665,1.4090585
2509,25.08,61.78615145849404,63.72670905756173,1.9405576
2510,25.09,62.21360901894911,63.797166982320384,1.583558
2511,25.1,62.28994414501148,63.95250067405659,1.6625565
2512,25.11,62.38486664982267,63.90992241592832,1.5250558
2513,25.12,61.950410333487504,63.58696588597011,1.6365556
2514,25.13,62.15667796404809,63.56273043425531,1.4060525
2515,25.14,61.94038464957638,63.60494007998867,1.6645554
2516,25.15,61.80658825109692,63.353647191030696,1.5470589
2517,25.16,42.15656883008531,63.29857475049547,21.142006
2518,25.17,61.68118214824662,63.52523541667924,1.8440533
2519,25.18,61.132027623544886,63.18938374270077,2.057356
2520,25.19,61.103431803702975,63.17848787975278,2.075056
2521,25.2,61.01518568867542,63.024974917114754,2.0097892
2522,25.21,61.63694443239585,63.276002426284705,1.639058
2523,25.22,61.922050517068925,63.09110347555739,1.169053
2524,25.23,61.32816427194899,62.72422223532027,1.396058
2525,25.24,15.768799723879475,62.76940626074471,47.000607
2526,25.25,60.71731713794751,62.56607023262067,1.8487531
2527,25.26,15.420495898698974,62.82927504298608,47.40878
2528,25.27,15.15486830458805,62.50721663222477,47.35235
2529,25.28,60.853330727526945,62.592387195536894,1.7390565
2530,25.29,15.110738200752678,62.65847532233471,47.547737
2531,25.3,15.061117399179068,62.37837051197204,47.317253
2532,25.31,60.492895836967115,62.40338599218715,1.9104902
2533,25.32,15.186207745399656,62.45905778202075,47.27285
2534,25.33,15.547366447429141,62.621939964274844,47.074574
2535,25.34,60.50631570506973,62.41137110877914,1.9050554
2536,25.35,15.349454872268787,62.50460623945629,47.15515
2537,25.36,61.5258474186256,62.852905137856254,1.3270577
2538,25.37,61.42102688555502,62.73108631377005,1.3100594
2539,25.38,61.6271484854828,62.91020748645173,1.283059
2540,25.39,61.19917548238874,63.21043193876386,2.0112565
2541,25.4,60.9495973149707,62.90798719324371,1.9583899
2542,25.41,61.33071721126063,62.84677410651667,1.5160569
2543,25.42,61.311547144116815,63.04910443610137,1.7375573
2544,25.43,15.522742259914068,62.752253520900396,47.22951
2545,25.44,15.57934168635991,62.94785670100835,47.368515
2546,25.45,15.728145411290235,63.10012417105586,47.37198
2547,25.46,16.07251662344558,63.126876059480736,47.05436
2548,25.47,61.55035216561941,63.19040579549459,1.6400536
2549,25.48,15.440162645588387,62.79272459627198,47.352562
2550,25.49,61.41851485591185,62.875070103218675,1.4565552
2551,25.5,61.13891773556939,62.77347438668481,1.6345567
2552,25.51,15.475331067090565,62.71727824116283,47.241947
2553,25.52,61.10612109856982,62.64367762761493,1.5375565
2554,25.53,60.37218355069379,62.332074035503666,1.9598905
2555,25.54,60.46527906614064,62.12133153634785,1.6560525
2556,25.55,60.45247518859727,61.75952863536698,1.3070534
2557,25.56,60.801648930829444,62.37170286588041,1.5700539
2558,25.57,60.38200176927315,62.35209025117623,1.9700885
2559,25.58,60.38799500691069,62.2212502978958,1.8332553
2560,25.59,14.923591368522928,62.207877867546365,47.284286
2561,25.6,14.6517860465759,62.036887364935275,47.3851
2562,25.61,60.15805302927533,62.04520999262372,1.887157
2563,25.62,60.45932320043629,62.01937881395405,1.5600556
2564,25.63,61.082147405569536,62.41420237821816,1.332055
2565,25.64,61.61448539356476,62.75754500488526,1.1430596
