frame,time_ns,angle_deg
900,8.99,14.207454
901,9.0,13.880472
902,9.01,14.62252
903,9.02,14.196055
904,9.03,14.637429
905,9.04,15.021427
906,9.05,14.864161
907,9.06,14.241468
908,9.07,17.502687
909,9.08,16.907618
910,9.09,15.019667
911,9.1,13.804377
912,9.11,15.491737
913,9.12,14.580398
914,9.13,13.713541
915,9.14,10.958517
916,9.15,10.180939
917,9.16,10.219257
918,9.17,11.420892
919,9.18,12.708022
920,9.19,13.700804
921,9.2,14.8965645
922,9.21,15.138066
923,9.22,16.20307
924,9.23,13.5585575
925,9.24,16.323675
926,9.25,13.13911
927,9.26,13.755415
928,9.27,13.890782
929,9.28,14.283085
930,9.29,12.592069
931,9.3,9.470168
932,9.31,13.565195
933,9.32,14.490315
934,9.33,14.514342
935,9.34,14.81443
936,9.35,13.576977
937,9.36,11.7973585
938,9.37,12.940974
939,9.38,15.205235
940,9.39,18.354504
941,9.4,20.829287
942,9.41,16.704268
943,9.42,19.043879
944,9.43,15.552927
945,9.44,18.016964
946,9.45,17.416891
947,9.46,15.775556
948,9.47,16.0346
949,9.48,12.597311
950,9.49,13.009335
951,9.5,12.760117
952,9.51,13.542948
953,9.52,14.179914
954,9.53,12.974383
955,9.54,13.931013
956,9.55,16.81944
957,9.56,19.301798
958,9.57,20.818087
959,9.58,19.065552
960,9.59,18.38872
961,9.6,20.238966
962,9.61,21.26394
963,9.62,20.88136
964,9.63,16.267323
965,9.64,18.32841
966,9.65,19.586191
967,9.66,19.839893
968,9.67,18.246891
969,9.68,18.924925
970,9.69,20.224174
971,9.7,18.912554
972,9.71,20.768885
973,9.72,19.410086
974,9.73,18.961418
975,9.74,18.171144
976,9.75,18.651758
977,9.76,18.318958
978,9.77,18.39968
979,9.78,16.088625
980,9.79,16.87515
981,9.8,15.349812
982,9.81,17.30165
983,9.82,15.799507
984,9.83,17.913425
985,9.84,14.718642
986,9.85,16.467703
987,9.86,15.062788
988,9.87,14.282438
989,9.88,15.579237
990,9.89,16.108269
991,9.9,17.126907
992,9.91,17.235277
993,9.92,18.55551
994,9.93,16.030579
995,9.94,17.368484
996,9.95,16.231503
997,9.96,15.543759
998,9.97,17.723001
999,9.98,17.03957
1000,9.99,17.49935
1001,10.0,18.334848
1002,10.01,18.847477
1003,10.02,17.895065
1004,10.03,17.160927
1005,10.04,17.072693
1006,10.05,20.593153
1007,10.06,16.355165
1008,10.07,17.595613
1009,10.08,16.656395
1010,10.09,16.502287
1011,10.1,18.90733
1012,10.11,15.935174
1013,10.12,15.449146
1014,10.13,15.336234
1015,10.14,17.495234
1016,10.15,16.654827
1017,10.16,15.69583
1018,10.17,17.699142
1019,10.18,17.195177
1020,10.19,16.393087
1021,10.2,18.172516
1022,10.21,18.88886
1023,10.22,18.021385
1024,10.23,19.017792
1025,10.24,18.679747
1026,10.25,17.443686
1027,10.26,16.117943
1028,10.27,15.6926985
1029,10.28,13.8391285
1030,10.29,12.813275
1031,10.3,17.767029
1032,10.31,16.577942
1033,10.32,14.55698
1034,10.33,14.700914
1035,10.34,14.741998
1036,10.35,14.6543865
1037,10.36,15.435344
1038,10.37,15.2962265
1039,10.38,18.143984
1040,10.39,13.843505
1041,10.4,12.910612
1042,10.41,13.802365
1043,10.42,14.08738
1044,10.43,16.546158
1045,10.44,13.440829
1046,10.45,13.8859215
1047,10.46,13.941765
1048,10.47,14.1273985
1049,10.48,14.007977
1050,10.49,14.355538
1051,10.5,14.541765
1052,10.51,14.097853
1053,10.52,13.597817
1054,10.53,13.81343
1055,10.54,14.303506
1056,10.55,14.990598
1057,10.56,13.770351
1058,10.57,15.273826
1059,10.58,14.356683
1060,10.59,14.299855
1061,10.6,14.366669
1062,10.61,14.599433
1063,10.62,13.114478
1064,10.63,11.459428
1065,10.64,12.854367
1066,10.65,14.33956
1067,10.66,13.752644
1068,10.67,12.723817
1069,10.68,12.132153
1070,10.69,12.379549
1071,10.7,10.989014
1072,10.71,13.305426
1073,10.72,10.937156
1074,10.73,12.197035
1075,10.74,16.35365
1076,10.75,13.841458
1077,10.76,14.582357
1078,10.77,14.424806
1079,10.78,14.434673
1080,10.79,10.420806
1081,10.8,10.880466
1082,10.81,12.405463
1083,10.82,15.508958
1084,10.83,16.653616
1085,10.84,17.944326
1086,10.85,17.238272
1087,10.86,17.314787
1088,10.87,16.870993
1089,10.88,15.470277
1090,10.89,16.108007
1091,10.9,12.496812
1092,10.91,13.004365
1093,10.92,13.338636
1094,10.93,14.045403
1095,10.94,13.012502
1096,10.95,14.7659235
1097,10.96,12.535382
1098,10.97,11.5511
1099,10.98,11.491842
1100,10.99,12.348489
1101,11.0,11.9693985
1102,11.01,13.148304
1103,11.02,13.627992
1104,11.03,13.523992
1105,11.04,15.561115
1106,11.05,17.235619
1107,11.06,16.207647
1108,11.07,13.218562
1109,11.08,15.322063
1110,11.09,16.181652
1111,11.1,17.417938
1112,11.11,19.23948
1113,11.12,20.330914
1114,11.13,17.882727
1115,11.14,19.723349
1116,11.15,18.65874
1117,11.16,19.027603
1118,11.17,19.056572
1119,11.18,17.76963
1120,11.19,16.94811
1121,11.2,13.800902
1122,11.21,14.445292
1123,11.22,12.514802
1124,11.23,14.216296
1125,11.24,14.1272135
1126,11.25,16.493752
1127,11.26,18.237408
1128,11.27,15.558986
1129,11.28,17.432577
1130,11.29,15.663932
1131,11.3,17.954172
1132,11.31,16.985731
1133,11.32,15.874745
1134,11.33,16.670687
1135,11.34,17.752054
1136,11.35,18.081423
1137,11.36,16.544899
1138,11.37,18.934633
1139,11.38,19.817444
1140,11.39,16.88329
1141,11.4,16.217697
1142,11.41,18.482191
1143,11.42,18.551056
1144,11.43,16.882671
1145,11.44,14.350991
1146,11.45,16.028069
1147,11.46,16.277824
1148,11.47,13.673417
1149,11.48,13.3759985
1150,11.49,15.163318
1151,11.5,15.279887
1152,11.51,14.675449
1153,11.52,14.47586
1154,11.53,15.6744995
1155,11.54,15.232706
1156,11.55,16.63711
1157,11.56,19.15471
1158,11.57,17.250435
1159,11.58,17.126728
1160,11.59,17.448177
1161,11.6,17.84329
1162,11.61,15.630617
1163,11.62,15.824943
1164,11.63,16.095644
1165,11.64,16.807266
1166,11.65,14.553486
1167,11.66,15.036065
1168,11.67,16.390738
1169,11.68,16.257168
1170,11.69,18.023443
1171,11.7,16.995607
1172,11.71,15.760502
1173,11.72,15.269521
1174,11.73,14.253325
1175,11.74,14.179947
1176,11.75,12.649365
1177,11.76,14.09217
1178,11.77,14.559195
1179,11.78,13.894259
1180,11.79,14.196632
1181,11.8,13.294375
1182,11.81,12.152546
1183,11.82,14.46837
1184,11.83,13.933339
1185,11.84,16.038263
1186,11.85,14.675479
1187,11.86,15.723512
1188,11.87,14.43725
1189,11.88,16.163248
1190,11.89,15.731327
1191,11.9,14.97531
1192,11.91,12.648608
1193,11.92,13.591141
1194,11.93,13.411158
1195,11.94,14.230803
1196,11.95,14.229808
1197,11.96,11.64362
1198,11.97,13.147323
1199,11.98,13.859489
1200,11.99,13.422018
1201,12.0,12.623402
1202,12.01,15.150024
1203,12.02,15.186681
1204,12.03,15.44986
1205,12.04,14.9108925
1206,12.05,14.658917
1207,12.06,13.463739
1208,12.07,15.377766
1209,12.08,15.626923
1210,12.09,14.474514
1211,12.1,16.109121
1212,12.11,15.105642
1213,12.12,15.420374
1214,12.13,13.85691
1215,12.14,15.275248
1216,12.15,15.392444
1217,12.16,16.72847
1218,12.17,13.687873
1219,12.18,15.801153
1220,12.19,15.561094
1221,12.2,14.715201
1222,12.21,14.735813
1223,12.22,14.735813
1224,12.23,14.608287
1225,12.24,15.8742485
1226,12.25,14.029093
1227,12.26,14.539862
1228,12.27,14.996366
1229,12.28,13.579102
1230,12.29,14.561703
1231,12.3,15.372698
1232,12.31,16.046444
1233,12.32,13.931032
1234,12.33,13.981803
1235,12.34,14.095166
1236,12.35,15.316516
1237,12.36,13.7178755
1238,12.37,14.7524395
1239,12.38,13.465233
1240,12.39,15.957642
1241,12.4,15.319019
1242,12.41,16.07026
1243,12.42,14.165947
1244,12.43,15.93885
1245,12.44,15.410383
1246,12.45,14.256809
1247,12.46,14.160853
1248,12.47,14.571179
1249,12.48,11.929602
1250,12.49,12.959427
1251,12.5,14.957338
1252,12.51,14.616698
1253,12.52,14.293226
1254,12.53,12.192365
1255,12.54,12.560441
1256,12.55,12.96053
1257,12.56,11.697643
1258,12.57,11.45101
1259,12.58,10.049729
1260,12.59,11.242391
1261,12.6,11.214967
1262,12.61,12.047685
1263,12.62,10.554079
1264,12.63,11.116118
1265,12.64,13.678756
1266,12.65,12.431057
1267,12.66,11.293255
1268,12.67,10.83218
1269,12.68,9.214145
1270,12.69,9.569465
1271,12.7,11.396915
1272,12.71,10.637939
1273,12.72,12.2192335
1274,12.73,10.332944
1275,12.74,10.243745
1276,12.75,8.877029
1277,12.76,12.901393
1278,12.77,12.16517
1279,12.78,11.40258
1280,12.79,11.854022
1281,12.8,11.377127
1282,12.81,12.206048
1283,12.82,12.56654
1284,12.83,12.762125
1285,12.84,13.757767
1286,12.85,13.053466
1287,12.86,13.844207
1288,12.87,12.1604395
1289,12.88,10.691619
1290,12.89,12.503315
1291,12.9,12.646752
1292,12.91,10.552065
1293,12.92,11.971902
1294,12.93,12.637575
1295,12.94,10.620348
1296,12.95,11.9463415
1297,12.96,14.340765
1298,12.97,13.619736
1299,12.98,15.015583
1300,12.99,14.512285
1301,13.0,14.816495
1302,13.01,13.42336
1303,13.02,13.182168
1304,13.03,13.990235
1305,13.04,11.852647
1306,13.05,12.314751
1307,13.06,12.095433
1308,13.07,13.53983
1309,13.08,14.728966
1310,13.09,12.739756
1311,13.1,13.691364
1312,13.11,14.395331
1313,13.12,13.834739
1314,13.13,13.718986
1315,13.14,13.995832
1316,13.15,12.157848
1317,13.16,10.3386965
1318,13.17,10.998554
1319,13.18,10.530097
1320,13.19,10.047806
1321,13.2,11.228253
1322,13.21,10.288686
1323,13.22,11.099052
1324,13.23,11.005628
1325,13.24,10.63957
1326,13.25,13.105111
1327,13.26,10.587014
1328,13.27,12.782978
1329,13.28,11.666267
1330,13.29,12.317504
1331,13.3,10.146893
1332,13.31,9.889728
1333,13.32,10.800965
1334,13.33,10.944979
1335,13.34,10.904797
1336,13.35,12.835281
1337,13.36,11.050213
1338,13.37,9.607426
1339,13.38,11.892278
1340,13.39,12.209617
1341,13.4,12.414525
1342,13.41,11.904195
1343,13.42,11.702665
1344,13.43,10.2537155
1345,13.44,12.11347
1346,13.45,12.126187
1347,13.46,12.602095
1348,13.47,10.830235
1349,13.48,12.788376
1350,13.49,11.776258
1351,13.5,10.535474
1352,13.51,10.4342375
1353,13.52,10.410143
1354,13.53,10.17724
1355,13.54,9.780192
1356,13.55,10.502305
1357,13.56,11.238901
1358,13.57,11.983292
1359,13.58,11.628289
1360,13.59,11.690629
1361,13.6,10.9330015
1362,13.61,11.737718
1363,13.62,12.165144
1364,13.63,13.655989
1365,13.64,12.706362
1366,13.65,12.101063
1367,13.66,11.615564
1368,13.67,12.9398365
1369,13.68,13.006564
1370,13.69,14.89195
1371,13.7,12.601817
1372,13.71,12.609599
1373,13.72,14.118275
1374,13.73,13.464671
1375,13.74,11.789441
1376,13.75,12.302299
1377,13.76,11.965217
1378,13.77,13.2896595
1379,13.78,14.090205
1380,13.79,14.258797
1381,13.8,14.464852
1382,13.81,13.258224
1383,13.82,14.445078
1384,13.83,12.671791
1385,13.84,13.147134
1386,13.85,13.746711
1387,13.86,16.000008
1388,13.87,14.089488
1389,13.88,14.0775385
1390,13.89,13.299487
1391,13.9,12.892879
1392,13.91,13.977303
1393,13.92,13.444268
1394,13.93,13.647582
1395,13.94,15.865043
1396,13.95,13.732624
1397,13.96,13.710591
1398,13.97,13.699752
1399,13.98,13.631984
1400,13.99,11.002614
1401,14.0,12.258731
1402,14.01,14.46647
1403,14.02,12.246537
1404,14.03,14.057631
1405,14.04,13.712965
1406,14.05,14.229044
1407,14.06,13.426666
1408,14.07,12.348958
1409,14.08,12.87795
1410,14.09,11.448005
1411,14.1,13.157546
1412,14.11,12.973869
1413,14.12,12.857687
1414,14.13,12.945011
1415,14.14,14.046515
1416,14.15,14.023381
1417,14.16,13.549736
1418,14.17,13.205451
1419,14.18,13.805994
1420,14.19,14.248129
1421,14.2,12.372194
1422,14.21,16.786963
1423,14.22,15.775086
1424,14.23,14.935765
1425,14.24,15.369796
1426,14.25,14.084058
1427,14.26,14.795607
1428,14.27,14.148325
1429,14.28,12.507534
1430,14.29,12.990212
1431,14.3,14.793821
1432,14.31,13.442358
1433,14.32,13.913755
1434,14.33,14.172344
1435,14.34,13.926085
1436,14.35,15.574135
1437,14.36,14.375162
1438,14.37,13.565513
1439,14.38,12.605287
1440,14.39,14.640428
1441,14.4,15.422329
1442,14.41,15.62467
1443,14.42,15.216322
1444,14.43,14.863776
1445,14.44,15.82746
1446,14.45,14.161811
1447,14.46,15.797069
1448,14.47,15.837005
1449,14.48,13.775402
1450,14.49,14.581048
1451,14.5,13.703186
1452,14.51,10.56928
1453,14.52,15.308024
1454,14.53,13.275047
1455,14.54,13.830112
1456,14.55,14.141658
1457,14.56,13.79994
1458,14.57,13.356935
1459,14.58,13.936764
1460,14.59,15.725011
1461,14.6,15.003277
1462,14.61,15.409683
1463,14.62,12.715735
1464,14.63,13.664999
1465,14.64,13.537161
1466,14.65,15.318312
1467,14.66,13.026932
1468,14.67,14.245396
1469,14.68,12.967534
1470,14.69,13.686227
1471,14.7,13.578746
1472,14.71,14.462001
1473,14.72,13.949369
1474,14.73,14.419401
1475,14.74,14.85759
1476,14.75,14.783334
1477,14.76,15.021323
1478,14.77,14.454155
1479,14.78,12.912822
1480,14.79,12.004214
1481,14.8,11.763598
1482,14.81,8.401785
1483,14.82,10.945421
1484,14.83,10.454203
1485,14.84,12.249191
1486,14.85,14.699629
1487,14.86,14.907273
1488,14.87,15.008876
1489,14.88,12.300071
1490,14.89,11.897521
1491,14.9,14.822829
1492,14.91,14.912637
1493,14.92,12.969308
1494,14.93,12.506834
1495,14.94,13.807929
1496,14.95,13.836612
1497,14.96,12.158647
1498,14.97,13.284044
1499,14.98,10.68901
1500,14.99,10.172559
1501,15.0,11.64618
1502,15.01,11.106621
1503,15.02,13.944779
1504,15.03,11.485504
1505,15.04,11.943721
1506,15.05,12.5654545
1507,15.06,11.457622
1508,15.07,12.55489
1509,15.08,11.761918
1510,15.09,10.652563
1511,15.1,9.792338
1512,15.11,10.239349
1513,15.12,10.7232485
1514,15.13,10.0173855
1515,15.14,12.484048
1516,15.15,11.618544
1517,15.16,11.156183
1518,15.17,10.840557
1519,15.18,11.694137
1520,15.19,14.684522
1521,15.2,13.3082905
1522,15.21,13.245719
1523,15.22,12.532985
1524,15.23,13.4636965
1525,15.24,14.147229
1526,15.25,13.600492
1527,15.26,15.154753
1528,15.27,14.684223
1529,15.28,18.408575
1530,15.29,17.8673
1531,15.3,17.53145
1532,15.31,16.689491
1533,15.32,15.944067
1534,15.33,17.10872
1535,15.34,18.693869
1536,15.35,15.970038
1537,15.36,14.382945
1538,15.37,15.648282
1539,15.38,13.5904875
1540,15.39,15.587947
1541,15.4,14.801036
1542,15.41,14.12909
1543,15.42,12.238316
1544,15.43,12.596302
1545,15.44,13.209223
1546,15.45,13.304679
1547,15.46,15.154223
1548,15.47,13.019273
1549,15.48,14.521535
1550,15.49,15.034582
1551,15.5,13.081692
1552,15.51,14.529573
1553,15.52,15.706573
1554,15.53,15.290122
1555,15.54,15.3998375
1556,15.55,16.161175
1557,15.56,15.416508
1558,15.57,15.332076
1559,15.58,14.605764
1560,15.59,13.87438
1561,15.6,15.094937
1562,15.61,14.018558
1563,15.62,15.720235
1564,15.63,12.562418
1565,15.64,13.187307
1566,15.65,12.750543
1567,15.66,12.476088
1568,15.67,12.396406
1569,15.68,11.150228
1570,15.69,12.851904
1571,15.7,13.823893
1572,15.71,14.2519655
1573,15.72,14.092683
1574,15.73,12.850249
1575,15.74,14.738509
1576,15.75,15.003659
1577,15.76,13.5223
1578,15.77,14.984569
1579,15.78,13.932248
1580,15.79,14.613495
1581,15.8,14.170649
1582,15.81,12.68937
1583,15.82,12.962402
1584,15.83,13.234454
1585,15.84,11.176395
1586,15.85,12.978933
1587,15.86,10.888455
1588,15.87,11.106465
1589,15.88,13.401283
1590,15.89,14.9333725
1591,15.9,12.42124
1592,15.91,14.509623
1593,15.92,13.748605
1594,15.93,11.898138
1595,15.94,13.378859
1596,15.95,13.987699
1597,15.96,13.161992
1598,15.97,13.447435
1599,15.98,12.827825
1600,15.99,12.631862
1601,16.0,13.366047
1602,16.01,13.082827
1603,16.02,12.792335
1604,16.03,13.049065
1605,16.04,15.889051
1606,16.05,13.006034
1607,16.06,13.990406
1608,16.07,13.696394
1609,16.08,13.246298
1610,16.09,13.156017
1611,16.1,12.957415
1612,16.11,12.633542
1613,16.12,15.665306
1614,16.13,13.768027
1615,16.14,12.414783
1616,16.15,12.806502
1617,16.16,12.604892
1618,16.17,12.321979
1619,16.18,14.288404
1620,16.19,12.78384
1621,16.2,14.214199
1622,16.21,11.655309
1623,16.22,13.812159
1624,16.23,12.495111
1625,16.24,11.544808
1626,16.25,11.668585
1627,16.26,12.411651
1628,16.27,10.849053
1629,16.28,10.010238
1630,16.29,11.463406
1631,16.3,13.072932
1632,16.31,12.192592
1633,16.32,13.189826
1634,16.33,14.557883
1635,16.34,14.839021
1636,16.35,14.411743
1637,16.36,14.597474
1638,16.37,13.315217
1639,16.38,13.360001
1640,16.39,13.079067
1641,16.4,14.13617
1642,16.41,13.533952
1643,16.42,9.983288
1644,16.43,12.03651
1645,16.44,11.4394655
1646,16.45,10.527731
1647,16.46,11.104287
1648,16.47,11.083323
1649,16.48,11.106427
1650,16.49,11.244032
1651,16.5,11.801769
1652,16.51,10.645368
1653,16.52,10.041331
1654,16.53,11.039801
1655,16.54,9.80783
1656,16.55,9.137138
1657,16.56,11.453596
1658,16.57,12.171643
1659,16.58,13.926585
1660,16.59,12.136366
1661,16.6,11.914647
1662,16.61,9.44362
1663,16.62,9.82532
1664,16.63,8.483781
1665,16.64,10.825093
1666,16.65,11.643704
1667,16.66,12.736439
1668,16.67,15.502143
1669,16.68,15.110535
1670,16.69,14.145578
1671,16.7,13.383409
1672,16.71,14.554014
1673,16.72,14.841609
1674,16.73,14.486132
1675,16.74,13.655659
1676,16.75,12.07257
1677,16.76,12.377022
1678,16.77,12.277022
1679,16.78,12.255915
1680,16.79,11.911576
1681,16.8,12.868243
1682,16.81,11.6331625
1683,16.82,10.807621
1684,16.83,9.787604
1685,16.84,11.332068
1686,16.85,10.159914
1687,16.86,11.396449
1688,16.87,8.923795
1689,16.88,10.823841
1690,16.89,8.203856
1691,16.9,7.78465
1692,16.91,8.700576
1693,16.92,9.315524
1694,16.93,9.957666
1695,16.94,12.095343
1696,16.95,11.627713
1697,16.96,11.006301
1698,16.97,11.744489
1699,16.98,10.962934
1700,16.99,11.137584
1701,17.0,11.396461
1702,17.01,10.328605
1703,17.02,12.324328
1704,17.03,10.603346
1705,17.04,8.841458
1706,17.05,10.874343
1707,17.06,9.170235
1708,17.07,7.949884
1709,17.08,9.94807
1710,17.09,9.457371
1711,17.1,8.620837
1712,17.11,10.831932
1713,17.12,7.6371655
1714,17.13,8.2996645
1715,17.14,8.857162
1716,17.15,7.8351045
1717,17.16,7.3422956
1718,17.17,8.474915
1719,17.18,8.916963
1720,17.19,9.5097885
1721,17.2,8.633309
1722,17.21,8.797662
1723,17.22,9.851853
1724,17.23,7.713415
1725,17.24,8.687788
1726,17.25,9.57369
1727,17.26,8.954323
1728,17.27,6.7144027
1729,17.28,8.482076
1730,17.29,7.5467124
1731,17.3,5.043264
1732,17.31,6.3360376
1733,17.32,10.51797
1734,17.33,9.559558
1735,17.34,8.511931
1736,17.35,4.7848516
1737,17.36,5.3256426
1738,17.37,6.3372397
1739,17.38,6.718495
1740,17.39,3.4457095
1741,17.4,3.5988047
1742,17.41,4.444703
1743,17.42,0.11970824
1744,17.43,1.5556998
1745,17.44,2.5914154
1746,17.45,3.6847677
1747,17.46,3.3945692
1748,17.47,2.7524855
1749,17.48,4.00282
1750,17.49,2.9464023
1751,17.5,4.322381
1752,17.51,3.9222329
1753,17.52,6.131307
1754,17.53,6.3354096
1755,17.54,6.5941954
1756,17.55,4.8054876
1757,17.56,7.131199
1758,17.57,7.8343606
1759,17.58,8.263668
1760,17.59,6.3534284
1761,17.6,6.1563888
1762,17.61,6.625837
1763,17.62,8.528802
1764,17.63,7.766424
1765,17.64,7.1079335
1766,17.65,8.474793
1767,17.66,7.4863915
1768,17.67,8.385008
1769,17.68,7.1867247
1770,17.69,7.5765395
1771,17.7,7.619211
1772,17.71,7.17317
1773,17.72,8.324182
1774,17.73,10.226482
1775,17.74,6.1728477
1776,17.75,8.887341
1777,17.76,9.674859
1778,17.77,8.862423
1779,17.78,5.2158017
1780,17.79,9.808623
1781,17.8,12.22922
1782,17.81,9.700461
1783,17.82,8.417092
1784,17.83,6.35475
1785,17.84,8.6719475
1786,17.85,9.358941
1787,17.86,7.6373816
1788,17.87,8.427672
1789,17.88,8.543989
1790,17.89,8.99199
1791,17.9,7.1002207
1792,17.91,7.780246
1793,17.92,10.855223
1794,17.93,9.620583
1795,17.94,10.739483
1796,17.95,11.172261
1797,17.96,12.10338
1798,17.97,10.803906
1799,17.98,14.309045
1800,17.99,15.087236
1801,18.0,14.011355
1802,18.01,15.522337
1803,18.02,13.51015
1804,18.03,14.590055
1805,18.04,13.614581
1806,18.05,12.923888
1807,18.06,13.645976
1808,18.07,13.373845
1809,18.08,14.073563
1810,18.09,12.91447
1811,18.1,13.158322
1812,18.11,11.422672
1813,18.12,11.580703
1814,18.13,9.15546
1815,18.14,9.85237
1816,18.15,11.188825
1817,18.16,12.59379
1818,18.17,13.817114
1819,18.18,12.506792
1820,18.19,12.5200815
1821,18.2,10.059845
1822,18.21,9.379671
1823,18.22,10.409253
1824,18.23,11.18873
1825,18.24,12.258887
1826,18.25,10.9754715
1827,18.26,10.774639
1828,18.27,10.418914
1829,18.28,12.071267
1830,18.29,10.416491
1831,18.3,11.922141
1832,18.31,11.530615
1833,18.32,10.8096285
1834,18.33,8.21394
1835,18.34,8.426754
1836,18.35,8.0995655
1837,18.36,8.377015
1838,18.37,9.812075
1839,18.38,10.449575
1840,18.39,8.600918
1841,18.4,6.5124383
1842,18.41,9.592309
1843,18.42,8.70017
1844,18.43,10.290029
1845,18.44,8.271624
1846,18.45,4.3419046
1847,18.46,6.0857196
1848,18.47,8.85346
1849,18.48,8.525996
1850,18.49,9.971198
1851,18.5,11.222243
1852,18.51,9.856629
1853,18.52,11.57709
1854,18.53,11.010883
1855,18.54,11.272913
1856,18.55,12.588494
1857,18.56,10.974852
1858,18.57,10.47863
1859,18.58,10.538642
1860,18.59,11.393491
1861,18.6,10.339069
1862,18.61,11.903249
1863,18.62,12.549924
1864,18.63,12.357978
1865,18.64,11.203708
1866,18.65,12.391009
1867,18.66,11.672246
1868,18.67,13.201952
1869,18.68,10.812697
1870,18.69,10.768104
1871,18.7,10.510211
1872,18.71,12.360594
1873,18.72,10.19804
1874,18.73,10.81765
1875,18.74,9.133219
1876,18.75,11.280512
1877,18.76,11.979885
1878,18.77,10.767206
1879,18.78,11.793125
1880,18.79,10.05714
1881,18.8,11.232184
1882,18.81,11.5313635
1883,18.82,10.8191805
1884,18.83,11.710201
1885,18.84,9.869751
1886,18.85,8.917395
1887,18.86,8.298288
1888,18.87,8.165655
1889,18.88,10.190699
1890,18.89,11.549826
1891,18.9,12.951237
1892,18.91,12.256157
1893,18.92,11.856281
1894,18.93,12.604761
1895,18.94,13.931967
1896,18.95,13.373276
1897,18.96,13.438642
1898,18.97,10.085595
1899,18.98,11.251134
1900,18.99,12.928917
1901,19.0,14.139162
1902,19.01,11.865562
1903,19.02,14.481047
1904,19.03,16.131542
1905,19.04,15.093471
1906,19.05,15.236956
1907,19.06,14.391549
1908,19.07,14.10565
1909,19.08,15.295872
1910,19.09,15.6730995
1911,19.1,17.839003
1912,19.11,16.94028
1913,19.12,16.804308
1914,19.13,17.38989
1915,19.14,16.524384
1916,19.15,16.622005
1917,19.16,16.561142
1918,19.17,16.77225
1919,19.18,17.905956
1920,19.19,18.876352
1921,19.2,17.14986
1922,19.21,17.107819
1923,19.22,15.759063
1924,19.23,16.787119
1925,19.24,15.858588
1926,19.25,15.489588
1927,19.26,14.102163
1928,19.27,14.604369
1929,19.28,13.254954
1930,19.29,15.658754
1931,19.3,16.120535
1932,19.31,18.491417
1933,19.32,14.675784
1934,19.33,14.241101
1935,19.34,10.716558
1936,19.35,13.160063
1937,19.36,12.709355
1938,19.37,12.722835
1939,19.38,14.711283
1940,19.39,15.101162
1941,19.4,15.266216
1942,19.41,16.076181
1943,19.42,15.012605
1944,19.43,13.810468
1945,19.44,17.504326
1946,19.45,16.470339
1947,19.46,16.66181
1948,19.47,18.374376
1949,19.48,16.192354
1950,19.49,16.574553
1951,19.5,18.239378
1952,19.51,18.480745
1953,19.52,17.47044
1954,19.53,16.630657
1955,19.54,16.334883
1956,19.55,12.689522
1957,19.56,22.674
1958,19.57,26.17242
1959,19.58,25.427643
1960,19.59,24.773186
1961,19.6,28.174006
1962,19.61,22.056723
1963,19.62,25.305767
1964,19.63,24.236008
1965,19.64,19.86142
1966,19.65,24.609015
1967,19.66,15.754601
1968,19.67,28.375927
1969,19.68,29.490377
1970,19.69,18.090548
1971,19.7,16.95663
1972,19.71,27.632769
1973,19.72,14.657589
1974,19.73,13.301489
1975,19.74,15.278557
1976,19.75,16.926823
1977,19.76,15.954004
1978,19.77,18.216703
1979,19.78,18.91054
1980,19.79,17.030369
1981,19.8,15.508966
1982,19.81,13.683579
1983,19.82,13.150779
1984,19.83,14.132519
1985,19.84,20.911667
1986,19.85,19.875216
1987,19.86,11.671785
1988,19.87,11.955598
1989,19.88,13.139598
1990,19.89,13.363698
1991,19.9,15.151573
1992,19.91,14.154721
1993,19.92,22.854902
1994,19.93,13.79402
1995,19.94,14.391015
1996,19.95,13.60663
1997,19.96,13.878161
1998,19.97,15.438935
1999,19.98,15.738648
2000,19.99,16.182106
2001,20.0,16.523577
2002,20.01,19.481142
2003,20.02,21.058334
2004,20.03,21.446907
2005,20.04,22.071404
2006,20.05,20.844246
2007,20.06,22.058859
2008,20.07,21.191294
2009,20.08,23.952694
2010,20.09,25.156776
2011,20.1,26.818588
2012,20.11,25.285673
2013,20.12,23.127417
2014,20.13,24.94847
2015,20.14,24.526634
2016,20.15,25.619888
2017,20.16,26.716158
2018,20.17,25.702225
2019,20.18,47.636868
2020,20.19,49.842056
2021,20.2,30.531382
2022,20.21,29.605553
2023,20.22,29.14445
2024,20.23,30.19343
2025,20.24,27.940449
2026,20.25,30.653135
2027,20.26,27.705976
2028,20.27,30.475893
2029,20.28,28.064938
2030,20.29,28.064602
2031,20.3,26.730705
2032,20.31,28.1265
2033,20.32,26.855211
2034,20.33,28.096745
2035,20.34,28.970228
2036,20.35,28.683884
2037,20.36,29.721115
2038,20.37,27.22399
2039,20.38,26.381641
2040,20.39,25.527805
2041,20.4,26.061123
2042,20.41,39.015514
2043,20.42,38.386444
2044,20.43,38.371777
2045,20.44,41.994118
2046,20.45,40.13665
2047,20.46,40.387913
2048,20.47,33.427296
2049,20.48,33.15106
2050,20.49,33.59498
2051,20.5,32.430824
2052,20.51,30.218216
2053,20.52,31.895254
2054,20.53,17.515293
2055,20.54,29.036543
2056,20.55,17.559626
2057,20.56,20.741688
2058,20.57,32.11686
2059,20.58,33.436886
2060,20.59,31.249897
2061,20.6,26.927893
2062,20.61,26.507917
2063,20.62,26.26781
2064,20.63,29.094728
2065,20.64,28.332756
2066,20.65,26.371677
2067,20.66,27.040596
2068,20.67,27.757284
2069,20.68,31.686783
2070,20.69,29.082876
2071,20.7,31.138613
2072,20.71,26.319
2073,20.72,27.485968
2074,20.73,24.249538
2075,20.74,17.903503
2076,20.75,30.590305
2077,20.76,30.554413
2078,20.77,26.899946
2079,20.78,23.800442
2080,20.79,26.784153
2081,20.8,26.591475
2082,20.81,16.26243
2083,20.82,15.4479475
2084,20.83,17.272377
2085,20.84,16.224148
2086,20.85,24.081503
2087,20.86,15.998016
2088,20.87,17.305614
2089,20.88,17.501482
2090,20.89,17.82104
2091,20.9,16.068375
2092,20.91,16.393087
2093,20.92,16.663195
2094,20.93,13.777259
2095,20.94,14.712744
2096,20.95,16.827036
2097,20.96,16.759405
2098,20.97,17.837833
2099,20.98,19.271008
2100,20.99,18.646357
2101,21.0,16.862019
2102,21.01,29.198368
2103,21.02,31.014023
2104,21.03,32.730175
2105,21.04,32.820972
2106,21.05,37.765568
2107,21.06,39.73286
2108,21.07,42.874012
2109,21.08,38.925186
2110,21.09,35.321487
2111,21.1,33.393127
2112,21.11,30.37684
2113,21.12,32.935947
2114,21.13,35.241955
2115,21.14,32.26698
2116,21.15,31.56933
2117,21.16,31.016857
2118,21.17,31.63803
2119,21.18,32.006386
2120,21.19,34.117603
2121,21.2,34.17277
2122,21.21,34.370613
2123,21.22,33.569733
2124,21.23,32.556988
2125,21.24,21.104336
2126,21.25,19.370295
2127,21.26,17.95485
2128,21.27,19.689104
2129,21.28,32.918938
2130,21.29,32.919113
2131,21.3,34.181297
2132,21.31,32.437283
2133,21.32,22.418863
2134,21.33,20.992895
2135,21.34,21.207174
2136,21.35,21.606428
2137,21.36,36.928207
2138,21.37,35.9526
2139,21.38,34.82229
2140,21.39,36.99954
2141,21.4,22.11821
2142,21.41,34.00013
2143,21.42,36.60173
2144,21.43,33.51481
2145,21.44,40.16206
2146,21.45,39.45393
2147,21.46,39.79855
2148,21.47,42.826736
2149,21.48,40.159695
2150,21.49,41.450005
2151,21.5,38.00057
2152,21.51,41.24236
2153,21.52,42.231247
2154,21.53,43.57002
2155,21.54,43.89684
2156,21.55,46.456383
2157,21.56,40.155785
2158,21.57,42.99449
2159,21.58,42.11354
2160,21.59,22.276455
2161,21.6,36.57782
2162,21.61,40.790833
2163,21.62,38.295876
2164,21.63,37.823223
2165,21.64,25.172152
2166,21.65,24.159689
2167,21.66,22.312614
2168,21.67,24.311848
2169,21.68,26.240635
2170,21.69,25.269415
2171,21.7,26.985157
2172,21.71,28.903196
2173,21.72,30.03292
2174,21.73,28.177431
2175,21.74,26.828712
2176,21.75,26.193657
2177,21.76,25.556334
2178,21.77,27.77792
2179,21.78,29.254377
2180,21.79,29.383602
2181,21.8,28.018559
2182,21.81,47.327427
2183,21.82,48.291912
2184,21.83,49.101334
2185,21.84,48.447243
2186,21.85,50.75973
2187,21.86,51.806644
2188,21.87,51.837837
2189,21.88,49.317997
2190,21.89,47.017075
2191,21.9,50.378834
2192,21.91,54.019577
2193,21.92,51.41736
2194,21.93,52.851402
2195,21.94,54.7571
2196,21.95,51.968678
2197,21.96,53.318882
2198,21.97,51.594406
2199,21.98,46.28089
2200,21.99,47.739132
2201,22.0,46.72836
2202,22.01,46.517094
2203,22.02,49.164806
2204,22.03,46.8208
2205,22.04,23.193754
2206,22.05,22.977259
2207,22.06,42.71852
2208,22.07,41.893406
2209,22.08,20.21092
2210,22.09,22.289804
2211,22.1,22.40272
2212,22.11,24.626568
2213,22.12,44.457222
2214,22.13,37.901463
2215,22.14,41.97239
2216,22.15,46.95884
2217,22.16,46.448803
2218,22.17,24.831701
2219,22.18,54.402565
2220,22.19,24.789164
2221,22.2,54.1357
2222,22.21,25.092493
2223,22.22,26.722982
2224,22.23,25.787943
2225,22.24,54.743164
2226,22.25,54.74447
2227,22.26,23.650696
2228,22.27,50.250492
2229,22.28,57.620113
2230,22.29,57.86207
2231,22.3,57.02051
2232,22.31,50.732185
2233,22.32,53.60215
2234,22.33,53.15607
2235,22.34,60.429127
2236,22.35,26.946285
2237,22.36,25.84473
2238,22.37,26.098623
2239,22.38,23.52282
2240,22.39,21.275623
2241,22.4,23.64041
2242,22.41,25.56858
2243,22.42,27.352787
2244,22.43,24.943024
2245,22.44,23.794243
2246,22.45,23.806246
2247,22.46,23.668222
2248,22.47,22.68152
2249,22.48,24.998594
2250,22.49,21.791512
2251,22.5,22.93291
2252,22.51,23.51813
2253,22.52,22.067043
2254,22.53,50.923637
2255,22.54,48.889595
2256,22.55,47.224487
2257,22.56,45.27073
2258,22.57,42.961876
2259,22.58,44.545437
2260,22.59,42.519962
2261,22.6,39.637524
2262,22.61,35.86895
2263,22.62,43.125237
2264,22.63,42.14919
2265,22.64,46.02355
2266,22.65,46.108677
2267,22.66,45.68034
2268,22.67,47.1749
2269,22.68,47.2652
2270,22.69,43.85541
2271,22.7,48.120316
2272,22.71,47.85715
2273,22.72,47.104076
2274,22.73,50.782543
2275,22.74,50.498543
2276,22.75,54.755257
2277,22.76,55.16905
2278,22.77,54.421642
2279,22.78,51.432915
2280,22.79,45.161045
2281,22.8,40.143856
2282,22.81,39.4783
2283,22.82,36.34297
2284,22.83,34.434044
2285,22.84,39.669468
2286,22.85,38.72372
2287,22.86,36.7649
2288,22.87,36.983074
2289,22.88,39.298447
2290,22.89,37.386864
2291,22.9,35.27105
2292,22.91,19.466494
2293,22.92,20.47079
2294,22.93,41.901325
2295,22.94,18.895958
2296,22.95,17.811619
2297,22.96,19.589733
2298,22.97,18.822565
2299,22.98,19.519144
2300,22.99,43.857365
2301,23.0,34.813484
2302,23.01,35.03045
2303,23.02,34.20007
2304,23.03,17.978325
2305,23.04,18.210415
2306,23.05,44.652233
2307,23.06,48.826183
2308,23.07,44.13364
2309,23.08,46.13782
2310,23.09,44.065994
2311,23.1,44.04529
2312,23.11,18.65962
2313,23.12,20.087181
2314,23.13,18.534698
2315,23.14,21.620733
2316,23.15,43.80299
2317,23.16,22.593616
2318,23.17,58.108486
2319,23.18,53.258778
2320,23.19,25.995539
2321,23.2,49.3892
2322,23.21,56.14396
2323,23.22,23.189472
2324,23.23,43.495224
2325,23.24,45.284233
2326,23.25,40.489063
2327,23.26,46.513195
2328,23.27,45.2806
2329,23.28,40.49823
2330,23.29,38.95835
2331,23.3,23.455463
2332,23.31,48.615307
2333,23.32,45.481937
2334,23.33,22.162018
2335,23.34,23.179295
2336,23.35,22.404097
2337,23.36,44.01419
2338,23.37,43.918354
2339,23.38,48.812164
2340,23.39,52.910877
2341,23.4,58.59228
2342,23.41,53.920246
2343,23.42,55.0138
2344,23.43,58.658344
2345,23.44,58.058914
2346,23.45,52.47183
2347,23.46,50.556297
2348,23.47,47.837852
2349,23.48,45.653133
2350,23.49,47.755558
2351,23.5,51.74631
2352,23.51,52.72639
2353,23.52,53.754383
2354,23.53,54.314625
2355,23.54,56.347782
2356,23.55,54.523926
2357,23.56,25.912472
2358,23.57,24.930841
2359,23.58,56.229126
2360,23.59,26.74809
2361,23.6,58.28972
2362,23.61,60.82191
2363,23.62,32.159447
2364,23.63,30.827606
2365,23.64,29.618467
2366,23.65,32.663254
2367,23.66,38.112118
2368,23.67,39.161057
2369,23.68,38.94747
2370,23.69,40.279884
2371,23.7,39.06492
2372,23.71,42.202187
2373,23.72,39.01495
2374,23.73,40.53432
2375,23.74,44.34203
2376,23.75,43.390144
2377,23.76,41.281166
2378,23.77,42.161186
2379,23.78,43.794453
2380,23.79,42.157135
2381,23.8,40.69657
2382,23.81,42.62109
2383,23.82,41.062588
2384,23.83,41.047806
2385,23.84,45.181347
2386,23.85,43.50663
2387,23.86,44.078186
2388,23.87,51.63853
2389,23.88,51.33385
2390,23.89,49.688908
2391,23.9,45.776794
2392,23.91,48.51681
2393,23.92,52.912544
2394,23.93,49.73266
2395,23.94,50.579994
2396,23.95,48.825363
2397,23.96,51.87447
2398,23.97,45.76625
2399,23.98,44.016132
2400,23.99,48.216045
2401,24.0,46.442738
2402,24.01,45.904366
2403,24.02,42.588306
2404,24.03,43.717407
2405,24.04,42.024174
2406,24.05,43.207554
2407,24.06,39.89126
2408,24.07,38.202114
2409,24.08,37.87352
2410,24.09,37.427982
2411,24.1,37.958534
2412,24.11,37.684227
2413,24.12,38.561672
2414,24.13,38.58486
2415,24.14,40.512917
2416,24.15,38.864746
2417,24.16,37.420773
2418,24.17,35.74999
2419,24.18,32.854507
2420,24.19,31.543076
2421,24.2,32.18354
2422,24.21,32.650043
2423,24.22,33.4816
2424,24.23,33.451447
2425,24.24,32.3299
2426,24.25,32.397373
2427,24.26,66.2745
2428,24.27,65.149315
2429,24.28,65.72262
2430,24.29,70.655464
2431,24.3,29.48771
2432,24.31,70.68808
2433,24.32,67.30396
2434,24.33,71.90805
2435,24.34,75.03634
2436,24.35,70.20946
2437,24.36,68.48273
2438,24.37,67.4588
2439,24.38,66.58833
2440,24.39,74.45643
2441,24.4,69.4625
2442,24.41,72.093994
2443,24.42,72.74729
2444,24.43,72.43992
2445,24.44,76.508354
2446,24.45,73.099525
2447,24.46,26.936537
2448,24.47,66.9972
2449,24.48,68.73454
2450,24.49,74.034996
2451,24.5,28.990122
2452,24.51,31.093704
2453,24.52,29.659746
2454,24.53,27.866552
2455,24.54,28.569029
2456,24.55,71.26911
2457,24.56,71.42956
2458,24.57,69.13965
2459,24.58,76.90338
2460,24.59,75.2243
2461,24.6,31.344297
2462,24.61,31.387272
2463,24.62,30.629887
2464,24.63,73.41275
2465,24.64,76.4814
2466,24.65,74.654236
2467,24.66,74.53648
2468,24.67,78.324684
2469,24.68,84.06888
2470,24.69,82.39519
2471,24.7,82.86573
2472,24.71,34.10246
2473,24.72,81.2654
2474,24.73,78.6558
2475,24.74,80.056595
2476,24.75,78.37305
2477,24.76,78.09138
2478,24.77,73.44896
2479,24.78,73.272934
2480,24.79,69.90112
2481,24.8,69.94327
2482,24.81,32.22877
2483,24.82,71.0345
2484,24.83,69.98916
2485,24.84,72.65414
2486,24.85,68.77156
2487,24.86,64.77774
2488,24.87,70.715965
2489,24.88,68.39598
2490,24.89,69.70737
2491,24.9,62.09074
2492,24.91,64.99627
2493,24.92,67.33721
2494,24.93,72.31428
2495,24.94,67.30875
2496,24.95,64.86375
2497,24.96,62.633316
2498,24.97,67.748344
2499,24.98,64.29221
2500,24.99,62.98086
2501,25.0,69.077896
2502,25.01,68.477646
2503,25.02,68.744354
2504,25.03,69.57095
2505,25.04,71.69335
2506,25.05,68.58522
2507,25.06,73.77988
2508,25.07,76.075615
2509,25.08,77.06887
2510,25.09,85.076256
2511,25.1,88.49911
2512,25.11,86.83084
2513,25.12,88.915375
2514,25.13,83.78795
2515,25.14,78.36941
2516,25.15,80.17741
2517,25.16,82.91698
2518,25.17,79.28766
2519,25.18,79.98415
2520,25.19,81.37763
2521,25.2,82.78346
2522,25.21,79.643105
2523,25.22,81.064705
2524,25.23,82.580795
2525,25.24,85.00907
2526,25.25,88.54075
2527,25.26,88.57577
2528,25.27,88.38214
2529,25.28,88.67307
2530,25.29,87.64856
2531,25.3,84.42398
2532,25.31,84.44137
2533,25.32,85.34213
2534,25.33,85.45882
2535,25.34,80.29123
2536,25.35,82.94286
2537,25.36,83.29902
2538,25.37,84.72656
2539,25.38,87.46047
2540,25.39,83.276665
2541,25.4,81.40282
2542,25.41,78.387665
2543,25.42,74.442375
2544,25.43,28.530453
2545,25.44,26.944595
2546,25.45,76.01873
2547,25.46,71.37514
2548,25.47,74.46286
2549,25.48,80.224304
2550,25.49,78.43043
2551,25.5,79.063965
2552,25.51,73.66924
2553,25.52,73.741806
2554,25.53,72.91067
2555,25.54,75.05202
2556,25.55,72.93583
2557,25.56,72.55725
2558,25.57,24.979967
2559,25.58,25.42733
2560,25.59,24.327408
2561,25.6,23.83411
2562,25.61,24.521908
2563,25.62,25.200825
2564,25.63,21.361906
2565,25.64,68.055
2566,25.65,23.080708
2567,25.66,23.150476
2568,25.67,70.728874
2569,25.68,23.354612
2570,25.69,23.513824
2571,25.7,20.969975
2572,25.71,22.610554
2573,25.72,74.484085
2574,25.73,73.51628
2575,25.74,75.074295
2576,25.75,73.825
2577,25.76,72.64273
2578,25.77,72.40179
2579,25.78,73.548515
2580,25.79,69.98826
2581,25.8,70.97017
2582,25.81,71.20135
2583,25.82,71.98084
2584,25.83,72.03151
2585,25.84,73.360695
2586,25.85,70.83102
2587,25.86,70.79696
2588,25.87,22.90405
2589,25.88,23.873894
2590,25.89,24.904453
2591,25.9,27.257206
2592,25.91,26.219944
2593,25.92,26.408606
2594,25.93,76.41001
2595,25.94,25.48045
2596,25.95,76.22392
2597,25.96,79.56963
2598,25.97,78.14767
2599,25.98,76.5621
2600,25.99,77.75288
2601,26.0,76.85581
2602,26.01,72.48299
2603,26.02,75.009224
2604,26.03,77.08376
2605,26.04,77.766014
2606,26.05,74.845024
2607,26.06,73.39698
2608,26.07,73.0866
2609,26.08,73.02396
2610,26.09,39.2364
2611,26.1,39.2139
2612,26.11,40.56011
2613,26.12,41.58917
2614,26.13,41.946247
2615,26.14,74.053246
2616,26.15,45.714176
2617,26.16,44.06548
2618,26.17,41.037685
2619,26.18,42.721413
2620,26.19,41.616585
2621,26.2,40.887466
2622,26.21,37.740627
2623,26.22,42.66
2624,26.23,38.73907
2625,26.24,74.31334
2626,26.25,76.179276
2627,26.26,74.7275
2628,26.27,73.96155
2629,26.28,74.38966
2630,26.29,71.00029
2631,26.3,74.01155
2632,26.31,68.75956
2633,26.32,73.361885
2634,26.33,72.399376
2635,26.34,73.285286
2636,26.35,72.82415
2637,26.36,70.487465
2638,26.37,38.84544
2639,26.38,37.76627
2640,26.39,67.63357
2641,26.4,36.228085
2642,26.41,39.26652
2643,26.42,38.56462
2644,26.43,36.86837
2645,26.44,37.72175
2646,26.45,40.212376
2647,26.46,39.17281
2648,26.47,41.56858
2649,26.48,43.287746
2650,26.49,41.92467
2651,26.5,41.069935
2652,26.51,39.244614
2653,26.52,42.92791
2654,26.53,40.32463
2655,26.54,38.791058
2656,26.55,35.292397
2657,26.56,38.785496
2658,26.57,31.358612
2659,26.58,31.363646
2660,26.59,33.373703
2661,26.6,35.45331
2662,26.61,31.847197
2663,26.62,31.252348
2664,26.63,31.849184
2665,26.64,31.001987
2666,26.65,50.371975
2667,26.66,31.960905
2668,26.67,29.834698
2669,26.68,32.28178
2670,26.69,54.42879
2671,26.7,56.661804
2672,26.71,56.649082
2673,26.72,31.789665
2674,26.73,31.358128
2675,26.74,32.832703
2676,26.75,35.59483
2677,26.76,33.813286
2678,26.77,35.32077
2679,26.78,36.81227
2680,26.79,41.534126
2681,26.8,36.354195
2682,26.81,35.991173
2683,26.82,37.891502
2684,26.83,41.641815
2685,26.84,41.63033
2686,26.85,43.093002
2687,26.86,41.144753
2688,26.87,46.70684
2689,26.88,45.108315
2690,26.89,46.107048
2691,26.9,47.341156
2692,26.91,49.3609
2693,26.92,48.2444
2694,26.93,46.63376
2695,26.94,45.74387
2696,26.95,47.065323
2697,26.96,45.026955
2698,26.97,46.019085
2699,26.98,41.69675
2700,26.99,44.042995
2701,27.0,41.47187
2702,27.01,40.66362
2703,27.02,41.742645
2704,27.03,41.03338
2705,27.04,42.15591
2706,27.05,41.05727
2707,27.06,43.85184
2708,27.07,41.783092
2709,27.08,41.576385
2710,27.09,43.991432
2711,27.1,42.515896
2712,27.11,44.01139
2713,27.12,41.840942
2714,27.13,44.323593
2715,27.14,44.50528
2716,27.15,44.26586
2717,27.16,43.382675
2718,27.17,42.22918
2719,27.18,37.853424
2720,27.19,38.064808
2721,27.2,37.36736
2722,27.21,40.709595
2723,27.22,36.801445
2724,27.23,37.985447
2725,27.24,38.433064
2726,27.25,43.81163
2727,27.26,41.03929
2728,27.27,46.91133
2729,27.28,46.720055
2730,27.29,44.437656
2731,27.3,44.363194
2732,27.31,40.949024
2733,27.32,38.686073
2734,27.33,35.383892
2735,27.34,36.292423
2736,27.35,38.618378
2737,27.36,34.006786
2738,27.37,34.46074
2739,27.38,32.001423
2740,27.39,28.332602
2741,27.4,30.204844
2742,27.41,31.079811
2743,27.42,31.507244
2744,27.43,32.464306
2745,27.44,30.733582
2746,27.45,32.672016
2747,27.46,32.749508
2748,27.47,32.310947
2749,27.48,34.119946
2750,27.49,31.717478
2751,27.5,29.701189
2752,27.51,30.626171
2753,27.52,64.15968
2754,27.53,62.11211
2755,27.54,62.157063
2756,27.55,30.764898
2757,27.56,31.104216
2758,27.57,31.547304
2759,27.58,36.417492
2760,27.59,34.220375
2761,27.6,35.264126
2762,27.61,36.003098
2763,27.62,35.27845
2764,27.63,30.676865
2765,27.64,31.266474
2766,27.65,29.603472
2767,27.66,29.36935
2768,27.67,27.429472
2769,27.68,28.439617
2770,27.69,28.532127
2771,27.7,29.217228
2772,27.71,29.539545
2773,27.72,29.064564
2774,27.73,29.383728
2775,27.74,31.14157
2776,27.75,33.39767
2777,27.76,37.014717
2778,27.77,36.35549
2779,27.78,38.337845
2780,27.79,35.916256
2781,27.8,62.61984
2782,27.81,63.039906
2783,27.82,61.551624
2784,27.83,36.22675
2785,27.84,35.530025
2786,27.85,37.480286
2787,27.86,36.75617
2788,27.87,38.104935
2789,27.88,61.87899
2790,27.89,69.00727
2791,27.9,67.242455
2792,27.91,36.38949
2793,27.92,39.45762
2794,27.93,40.480965
2795,27.94,39.981453
2796,27.95,65.7667
2797,27.96,65.23982
2798,27.97,68.01485
2799,27.98,71.883575
2800,27.99,71.81523
2801,28.0,71.61173
2802,28.01,70.93255
2803,28.02,68.1204
2804,28.03,68.320564
2805,28.04,67.56928
2806,28.05,74.69279
2807,28.06,72.6474
2808,28.07,70.829445
2809,28.08,68.91136
2810,28.09,69.18539
2811,28.1,65.48094
2812,28.11,63.9487
2813,28.12,66.050316
2814,28.13,66.82796
2815,28.14,65.050735
2816,28.15,69.68329
2817,28.16,70.68077
2818,28.17,72.64655
2819,28.18,69.39557
2820,28.19,67.586426
2821,28.2,64.23826
2822,28.21,68.619675
2823,28.22,67.96989
2824,28.23,71.762024
2825,28.24,74.129555
2826,28.25,75.63922
2827,28.26,73.4813
2828,28.27,75.69101
2829,28.28,68.327095
2830,28.29,70.35321
2831,28.3,26.894045
2832,28.31,69.611885
2833,28.32,68.29634
2834,28.33,25.368519
2835,28.34,75.2645
2836,28.35,77.16629
2837,28.36,74.9627
2838,28.37,71.386475
2839,28.38,75.5894
2840,28.39,79.50266
2841,28.4,77.30536
2842,28.41,86.848305
2843,28.42,81.58443
2844,28.43,83.96915
2845,28.44,80.77471
2846,28.45,79.83168
2847,28.46,78.64946
2848,28.47,75.43502
2849,28.48,72.653694
2850,28.49,72.71407
2851,28.5,71.36839
2852,28.51,73.191055
2853,28.52,70.1797
2854,28.53,67.857605
2855,28.54,75.388504
2856,28.55,72.11392
2857,28.56,75.14149
2858,28.57,77.17617
2859,28.58,75.60956
2860,28.59,75.13836
2861,28.6,75.102585
2862,28.61,74.79992
2863,28.62,75.95156
2864,28.63,73.16178
2865,28.64,72.80163
2866,28.65,73.13206
2867,28.66,70.84801
2868,28.67,68.804245
2869,28.68,67.12815
2870,28.69,41.100536
2871,28.7,39.45581
2872,28.71,45.864693
2873,28.72,50.273323
2874,28.73,47.234352
2875,28.74,45.703808
2876,28.75,45.195274
2877,28.76,43.979618
2878,28.77,64.252716
2879,28.78,68.371895
2880,28.79,70.44257
2881,28.8,73.51753
2882,28.81,76.21413
2883,28.82,78.98311
2884,28.83,80.982185
2885,28.84,79.8439
2886,28.85,80.49624
2887,28.86,78.28585
2888,28.87,82.81029
2889,28.88,80.44163
2890,28.89,79.46533
2891,28.9,73.032776
2892,28.91,75.14547
2893,28.92,77.091156
2894,28.93,77.61988
2895,28.94,79.83922
2896,28.95,84.871185
2897,28.96,85.35704
2898,28.97,86.80224
2899,28.98,87.69479
2900,28.99,87.341255
2901,29.0,88.079285
2902,29.01,83.814445
2903,29.02,83.30136
2904,29.03,85.0341
2905,29.04,84.627785
2906,29.05,82.83147
2907,29.06,82.79295
2908,29.07,79.30608
2909,29.08,29.448458
2910,29.09,29.10717
2911,29.1,27.789131
2912,29.11,27.430685
2913,29.12,26.837105
2914,29.13,75.86464
2915,29.14,84.19589
2916,29.15,81.04847
2917,29.16,79.74232
2918,29.17,79.42932
2919,29.18,79.88981
2920,29.19,80.69737
2921,29.2,77.81254
2922,29.21,76.776184
2923,29.22,77.11854
2924,29.23,73.011826
2925,29.24,74.07459
2926,29.25,74.31002
2927,29.26,71.21804
2928,29.27,32.525005
2929,29.28,72.481636
2930,29.29,72.718155
2931,29.3,68.79215
2932,29.31,66.433655
2933,29.32,67.303345
2934,29.33,67.06925
2935,29.34,68.66244
2936,29.35,32.441765
2937,29.36,31.080645
2938,29.37,32.052654
2939,29.38,32.588333
2940,29.39,30.534775
2941,29.4,28.23566
2942,29.41,75.54612
2943,29.42,74.65883
2944,29.43,76.850685
2945,29.44,69.765785
2946,29.45,73.91325
2947,29.46,77.30901
2948,29.47,24.416798
2949,29.48,24.748478
2950,29.49,25.426445
2951,29.5,25.73627
2952,29.51,30.475742
2953,29.52,28.451248
2954,29.53,26.029505
2955,29.54,28.11383
2956,29.55,26.613012
2957,29.56,26.090342
2958,29.57,26.84871
2959,29.58,28.35442
2960,29.59,28.088543
2961,29.6,29.20017
2962,29.61,28.280394
2963,29.62,28.09944
2964,29.63,25.877287
2965,29.64,24.518888
2966,29.65,27.025087
2967,29.66,25.552423
2968,29.67,25.790941
2969,29.68,26.071953
2970,29.69,24.368446
2971,29.7,25.308697
2972,29.71,21.392519
2973,29.72,24.068188
2974,29.73,25.112944
2975,29.74,24.01621
2976,29.75,24.50106
2977,29.76,23.191525
2978,29.77,22.936274
2979,29.78,24.175283
2980,29.79,23.699564
2981,29.8,23.361876
2982,29.81,22.917181
2983,29.82,23.708971
2984,29.83,24.360033
2985,29.84,25.66308
2986,29.85,24.508904
2987,29.86,24.476831
2988,29.87,24.325705
2989,29.88,24.602045
2990,29.89,26.45538
2991,29.9,26.055355
2992,29.91,26.028818
2993,29.92,23.95367
2994,29.93,24.51785
2995,29.94,25.539871
2996,29.95,23.283798
2997,29.96,24.765577
2998,29.97,26.47443
2999,29.98,27.598148
3000,29.99,24.606106
3001,30.0,23.30567
3002,30.01,26.071146
3003,30.02,23.926214
3004,30.03,24.72009
3005,30.04,25.52372
3006,30.05,28.267014
3007,30.06,25.744013
3008,30.07,27.998741
3009,30.08,26.350803
3010,30.09,27.301739
3011,30.1,25.51536
3012,30.11,23.920296
3013,30.12,23.220945
3014,30.13,23.548925
3015,30.14,24.913082
3016,30.15,24.032377
3017,30.16,23.01587
3018,30.17,23.290483
3019,30.18,23.177408
3020,30.19,20.560564
3021,30.2,21.833586
3022,30.21,20.941916
3023,30.22,21.990385
3024,30.23,21.562529
3025,30.24,18.437408
3026,30.25,21.469559
3027,30.26,22.362688
3028,30.27,19.842878
3029,30.28,18.368025
3030,30.29,20.840946
3031,30.3,18.073952
3032,30.31,19.794134
3033,30.32,14.013346
3034,30.33,19.959051
3035,30.34,21.095533
3036,30.35,23.550388
3037,30.36,25.122015
3038,30.37,22.190893
3039,30.38,21.314693
3040,30.39,22.71774
3041,30.4,21.782898
3042,30.41,24.571615
3043,30.42,23.18585
3044,30.43,23.270447
3045,30.44,23.756092
3046,30.45,20.788881
3047,30.46,22.0122
3048,30.47,21.2175
3049,30.48,20.05086
3050,30.49,21.50781
3051,30.5,17.876888
3052,30.51,20.158522
3053,30.52,17.71565
3054,30.53,17.231943
3055,30.54,17.4168
3056,30.55,16.333687
3057,30.56,13.585986
3058,30.57,13.500537
3059,30.58,13.228056
3060,30.59,13.139178
3061,30.6,12.676538
3062,30.61,17.212364
3063,30.62,24.357677
3064,30.63,22.831615
3065,30.64,22.106302
3066,30.65,22.472633
3067,30.66,22.58309
3068,30.67,22.039652
3069,30.68,17.125769
3070,30.69,19.137983
3071,30.7,20.680168
3072,30.71,20.219196
3073,30.72,22.206232
3074,30.73,23.487276
3075,30.74,23.054216
3076,30.75,25.066584
3077,30.76,24.753834
3078,30.77,25.680536
3079,30.78,26.055132
3080,30.79,27.103745
3081,30.8,23.28772
3082,30.81,25.927944
3083,30.82,23.736572
3084,30.83,24.417542
3085,30.84,22.692274
3086,30.85,22.376932
3087,30.86,21.274408
3088,30.87,23.497028
3089,30.88,21.035936
3090,30.89,19.874239
3091,30.9,21.016397
3092,30.91,24.910162
3093,30.92,22.958445
3094,30.93,25.04589
3095,30.94,27.655823
3096,30.95,19.08569
3097,30.96,14.032917
3098,30.97,16.921669
3099,30.98,14.793555
3100,30.99,17.406319
3101,31.0,18.615791
3102,31.01,15.489696
3103,31.02,19.329062
3104,31.03,21.128319
3105,31.04,20.909191
3106,31.05,18.499466
3107,31.06,20.136656
3108,31.07,15.526172
3109,31.08,18.95598
3110,31.09,18.04492
3111,31.1,14.56442
3112,31.11,19.174942
3113,31.12,18.318518
3114,31.13,16.565502
3115,31.14,15.419782
3116,31.15,21.57432
3117,31.16,13.462955
3118,31.17,13.264692
3119,31.18,14.7363205
3120,31.19,15.503804
3121,31.2,11.7056875
3122,31.21,13.390885
3123,31.22,15.982206
3124,31.23,16.485449
3125,31.24,16.495426
3126,31.25,15.14419
3127,31.26,11.2431965
3128,31.27,12.308858
3129,31.28,13.486276
3130,31.29,13.774535
3131,31.3,13.744353
3132,31.31,12.113654
3133,31.32,15.0317955
3134,31.33,12.349134
3135,31.34,9.996044
3136,31.35,17.954994
3137,31.36,16.745317
3138,31.37,14.448798
3139,31.38,13.603803
3140,31.39,11.495707
3141,31.4,10.967878
3142,31.41,12.475545
3143,31.42,11.118699
3144,31.43,8.799298
3145,31.44,11.345
3146,31.45,11.014128
3147,31.46,14.147495
3148,31.47,12.96017
3149,31.48,14.879588
3150,31.49,11.568833
3151,31.5,8.8592615
3152,31.51,7.9607577
3153,31.52,8.050281
3154,31.53,9.729055
3155,31.54,10.978445
3156,31.55,11.19933
3157,31.56,10.041508
3158,31.57,9.467326
3159,31.58,10.852263
3160,31.59,10.975002
3161,31.6,10.012713
3162,31.61,10.940134
3163,31.62,11.020794
3164,31.63,11.850538
3165,31.64,11.731547
3166,31.65,9.700779
3167,31.66,10.853916
3168,31.67,10.596931
3169,31.68,11.21661
3170,31.69,10.712847
3171,31.7,13.714951
3172,31.71,14.116881
3173,31.72,12.985686
3174,31.73,13.563808
3175,31.74,13.540026
3176,31.75,15.51252
3177,31.76,12.8104
3178,31.77,13.473497
3179,31.78,18.144249
3180,31.79,14.861975
3181,31.8,13.051377
3182,31.81,14.112647
3183,31.82,12.389069
3184,31.83,13.222459
3185,31.84,12.423199
3186,31.85,13.299549
3187,31.86,12.782605
3188,31.87,12.337688
3189,31.88,12.151807
3190,31.89,12.144616
3191,31.9,9.883023
3192,31.91,9.507959
3193,31.92,11.026796
3194,31.93,13.442147
3195,31.94,15.279129
3196,31.95,13.690032
3197,31.96,13.793271
3198,31.97,11.513243
3199,31.98,13.469877
3200,31.99,12.672957
3201,32.0,11.604248
3202,32.01,11.487013
3203,32.02,12.885244
3204,32.03,11.374499
3205,32.04,13.475441
3206,32.05,13.744221
3207,32.06,12.252358
3208,32.07,12.867416
3209,32.08,10.7329855
3210,32.09,12.071428
3211,32.1,11.298433
3212,32.11,11.483121
3213,32.12,12.516057
3214,32.13,13.690788
3215,32.14,14.003685
3216,32.15,14.169637
3217,32.16,16.686825
3218,32.17,14.103672
3219,32.18,14.676121
3220,32.19,14.674894
3221,32.2,16.07691
3222,32.21,13.235926
3223,32.22,12.999199
3224,32.23,11.83247
