optimizers,sc_r,sc_eps,oc_r,oc_eps,ocx_r,ocx_eps,sos_ktheta,oso_ktheta,so_kr,D_11,D_11H,D_14,SE_T11,SE_T11H,SE_T14,BM_T11,BM_T11H,BM_T14,D_11_std,D_11H_std,D_14_std,SE_T11_std,SE_T11H_std,SE_T14_std,BM_T11_std,BM_T11H_std,BM_T14_std,error_D_11,error_D_11_std,error_D_11H,error_D_11H_std,error_D_14,error_D_14_std,error_SE_T11,error_SE_T11_std,error_SE_T11H,error_SE_T11H_std,error_SE_T14,error_SE_T14_std,error_BM_T11,error_BM_T11_std,error_BM_T11H,error_BM_T11H_std,error_BM_T14,error_BM_T14_std,manhattan_distance
NSGA2,4.690245022003577,0.3451625400948365,3.488648148503131,0.0882259180396674,3.488648148503131,0.0882259180396674,100.0,100.0,350.0,2.412211722846442,2.450837128589263,2.300886916354557,663.6760975854683,322.9033598814754,598.8736090582875,70.57702447472147,52.05423555210421,40.78319620021602,0.0013049132262682,0.0032114885559027,0.0065428398730401,16.89554200976893,14.107112576513986,21.86938717253617,,,,1.9426128924210588,0.0530452531003365,2.5454865518520102,0.1343719061047161,3.1787854867514307,0.2934008911677217,2.4005738844899622,2.4846385308483723,0.6451200364691047,4.340650023542765,5.689195423891739,3.443997979926956,0.5957401764486352,,5.954407313271529,,13.22724212719996,,36.17916389279543
BO,4.696238,0.340077,3.1175938,0.121682875,3.1175938,0.121682875,100.0,100.0,350.0,2.50695,2.5626292259675405,2.416758302122347,617.1393527990614,326.49739577499406,583.1481492344797,68.20909253268519,54.95732184378994,46.87121445209289,0.0014367333607875,0.0204972213153423,0.0034786893169134,17.570706211396164,17.523224670885185,36.10044252715284,,,,1.9085365853658465,0.0584037951539668,7.222980166005873,0.8576243228176715,8.374811754365332,0.1559950366328913,9.244212823667445,2.5839273840288475,0.4607371615366341,5.391761437195441,8.165645789845723,5.685109059394147,3.9308555877673377,,0.709445630009142,,0.2740118040576743,,40.291237302621006
NSGA2,4.5366578840923735,0.3484796320840833,3.488702969854117,0.0878007557297441,3.488702969854117,0.0878007557297441,100.0,100.0,350.0,2.4368692384519357,2.482148714107366,2.351027290886392,652.0922858575451,317.56312371106674,580.3780817858544,67.62461349091731,51.9109133916116,44.45753336516796,0.0013564242678157,0.0043670806002881,0.004916689590215,17.540531424125067,16.0232448229229,24.277595142181443,,,,0.9402748596774272,0.0551391978786903,3.855594732525775,0.1827230376689607,5.427232775174533,0.2204793538213039,4.104075609184543,2.57948991531251,2.288269627364081,4.93022917628397,8.601876884117415,3.8232433294773926,4.7540655057502645,,6.2133452726077705,,5.409503478366039,,41.59423874476785
,4.617613454097934,0.3400638142736948,3.66113046722053,0.1104956807871078,3.66113046722053,0.1104956807871078,100.0,100.0,350.0,2.327322734082397,2.3771798626716607,2.209164918851436,707.2112188590761,326.0593124140078,648.7106354346647,66.45270781804172,54.89081942481509,35.37400568259432,0.0011781750253886,0.0023611406366663,0.0098457472303861,17.075372619219333,15.638412925194157,29.815071513284355,,,,5.393384793398487,0.0478932937149841,0.5364074195957916,0.0987924952580078,0.9343085716844955,0.4415133287168682,4.0016498322170735,2.5110842087087257,0.3259422812331755,4.811819361598202,2.1591551865613714,4.695286852485725,6.404636875997583,,0.829594535112754,,24.736158122139734,,45.32123761794047
,4.619386,0.350607,3.3076475,0.13442522,3.3076475,0.13442522,100.0,100.0,350.0,2.442977702871411,2.450993957553059,2.363238052434457,669.4118388119637,327.5128730057611,589.4461653713342,70.94347130647131,46.65543160249201,41.77552740090295,0.0013081467679906,0.0042313596152059,0.0049631247417576,17.26129906113888,17.52550221894069,19.45685632546543,,,,0.6919632979101284,0.0531766978857967,2.5520484331823816,0.1770443353642663,5.974800557598977,0.2225616476124515,1.5570825276524027,2.538426332520424,0.7731916940803365,5.39246222121252,7.173832224986733,3.0640718622780208,0.0796178782094234,,15.70834398827099,,11.11589914701501,,45.62677974890639
,4.477201,0.21748465,3.6206362,0.1255734,3.6206362,0.1255734,100.0,100.0,350.0,2.3474823096129835,2.410076404494382,2.244410299625468,688.2032526786967,324.9833796794335,605.2038754606824,69.34701141013534,52.59789157095285,34.09518266765134,0.0012667050896005,0.0025919697251665,0.005390231132346,16.69921567123939,15.394931352665278,23.48167148733436,,,,4.573889853130749,0.0514920768130313,0.8400169244511285,0.1084506161157531,0.6462017769268272,0.2417144005536338,1.2063606880436302,2.455767010476381,0.0051139447896975,4.73690195466624,4.692303077057888,3.6979010216274575,2.328152943471356,,4.972192283734697,,27.457058153933318,,46.72128964553929
NSGA2,4.523883034611105,0.3390456588727402,3.483297230951495,0.129213317029563,3.483297230951495,0.129213317029563,100.0,100.0,350.0,2.3936641448189766,2.4449304744069917,2.303820911360799,695.0020688993155,316.074516450437,579.8367380432686,69.78375403898448,49.21976289912804,39.96644029832116,0.001369629073509,0.0043575576329701,0.0054171471544885,17.512695156355296,18.169763909826752,23.313295208675505,,,,2.696579478903389,0.0556759785979289,2.2983462094975384,0.1823245871535639,3.310354769542548,0.2429213970622661,2.2061866028405195,2.5753963465228376,2.746302630634773,5.590696587639001,8.687127867201793,3.671385072232362,1.7130224803035448,,11.075405782966502,,14.96502064186987,,49.69834646376047
NSGA2,4.542466170004921,0.3539888257800138,3.5859911439005705,0.1314530890111229,3.5859911439005705,0.1314530890111229,100.0,100.0,350.0,2.3462397627965044,2.4039937827715354,2.243719051186017,718.7498672702644,357.1290605417885,640.866910143508,67.87104552479701,55.80169507329799,36.27591472583618,0.0012199058646732,0.0022794791176391,0.0055262405710054,16.993560557333804,21.834710100511284,22.362122110983357,,,,4.624399886320959,0.0495896692956603,0.5855139234952004,0.0953756952987075,0.615204089059069,0.247813478520424,5.698509892685943,2.499053023137324,9.885864782088762,6.718372338618856,0.9239228572453534,3.521594033225725,4.406978134088716,,0.8160705931309679,,22.81720271098685,,50.373666869101825
NSGA2,4.695828644278459,0.3501368931212056,3.488717376737732,0.130203439807431,3.488717376737732,0.130203439807431,100.0,100.0,350.0,2.3651751810237203,2.402469837702871,2.259958377028714,709.0084872587241,323.22140840154293,603.047714852003,66.42989142111458,52.68948611680196,35.72720043356656,0.0012280433617912,0.0054225307374533,0.0094042202155559,16.911761057789185,19.18836637035257,22.99627973314628,,,,3.8546674380601504,0.049920461861431,0.5217505315008749,0.2268841312742,1.3434249788661066,0.4217139110114786,4.265954008635902,2.4870236849689977,0.547258953371406,5.904112729339252,5.03185592881843,3.621461375298627,6.4367726463175,,4.806709816075957,,23.98467992858179,,50.79307423022812
,4.45735218454061,0.3027663002196751,3.607803609110443,0.1212371823893359,3.607803609110443,0.1212371823893359,100.0,100.0,350.0,2.3575393508114857,2.420990262172285,2.2566951685393257,697.9909540407606,312.3140088797552,589.1121447642441,67.90758324479606,54.98351780622633,34.92586780404923,0.001237003366215,0.002352715251827,0.0060807582999827,16.88313011170593,15.34788312530524,22.39794210658273,,,,4.165067040183507,0.0502846896835402,1.296663689216939,0.0984399686956935,1.19709275961102,0.2726797443938449,2.6457285354059685,2.4828132517214607,3.9033818831522487,4.722425577016996,7.226433895394625,3.5272349774146026,4.355516556625271,,0.6621177845956105,,25.68964297010801,,51.1416451142932
NSGA2,4.516472561123612,0.3370220109473832,3.695909667136789,0.1284477308876773,3.695909667136789,0.1284477308876773,100.0,100.0,350.0,2.3054221598002496,2.3602745443196005,2.1897910237203497,716.3944265970171,324.691616161008,649.9730029705227,66.43472362626613,51.94502418538757,36.80762080791831,0.0012405449223756,0.0021921125252472,0.0053720556308257,16.73681686871875,25.96404682534912,22.09202273277865,,,,6.28365204064026,0.0504286553811233,1.2437429154978927,0.0917201893408884,1.8030931067107736,0.2408993556424103,5.352121558384861,2.4612965983409927,0.0948873350744704,7.988937484722808,2.3579532237043552,3.479058698075378,6.429966723568826,,6.151717822244675,,21.68591317464189,,51.403047900468
NSGA2,4.525100489155048,0.2807599880852757,3.503187486465454,0.1292819633938474,3.503187486465454,0.1292819633938474,100.0,100.0,350.0,2.387205792759051,2.4371336079900128,2.294505343320849,690.0398942262971,341.49649388839816,592.7690945145139,69.96379405162261,49.79679044476124,37.96192082209325,0.0012997736926086,0.0056232260394844,0.005953986430387,16.799731790633242,13.410568192201715,22.588221555844868,,,,2.9591141154857263,0.0528363289678308,1.972117489121868,0.2352814242462117,2.8926162924147585,0.2669949071922454,1.47645503327898,2.4705487927401824,5.075844273353281,4.126328674523605,6.650536296926948,3.55720024501494,1.4594449977146284,,10.032898925453946,,19.22995569767394,,51.748983121424075
,4.7427735,0.29065716,3.3944278,0.13475668,3.3944278,0.13475668,100.0,100.0,350.0,2.3937626716604243,2.437733383270912,2.304594981273408,688.2171490838599,335.4351725058121,576.7119176739815,67.61477947262416,46.36028723837144,42.614893754113695,0.0013721692145316,0.0035233907907255,0.0054999347296944,16.886354476676576,13.976888111855148,20.95738397543185,,,,2.6925743227469767,0.0557792363630746,1.997212689159476,0.1474222088169693,3.3450664248165083,0.2466338443809158,1.2084042770382215,2.483287423040673,3.210822309480643,4.300580957493892,9.179225563152524,3.300375429201866,4.767916235740614,,16.241576805110327,,9.3300132891198,,51.97281191636509
BO,4.2928834,0.16839465,3.4937534,0.14631718,3.4937534,0.14631718,100.0,100.0,350.0,2.39836240948814,2.477317990012484,2.309409263420724,662.044428013868,334.60281411993526,528.1084639535305,67.67970801990994,54.32750989837068,40.60742800912905,0.0013737712917767,0.0039668867301575,0.0060563553257526,17.32348947242743,14.138190657403536,22.961687168791865,,,,2.505593110238212,0.0558443614543382,3.653472385459585,0.1659785242743747,3.560953516624393,0.2715854406167121,2.6405252920782334,2.547571981239328,2.954712036903157,4.350212509970318,16.83331276322354,3.616013727368797,4.6764675775916364,,1.8473172567828784,,13.60121700185308,,52.273570940754716
BO,4.3724613,0.34694937,3.7996035,0.09953286,3.7996035,0.09953286,100.0,100.0,350.0,2.306007265917603,2.363963995006242,2.1821326841448188,695.960920854786,336.5750654110998,645.9923987698882,64.1572241251718,52.65462171777625,37.00742323325102,0.0012186511561761,0.0022983666526416,0.0061645381750266,16.934531280637763,14.65098144949582,26.186993010924883,,,,6.25986723912182,0.0495386648852086,1.089372593881098,0.0961659687297749,2.1465164060619384,0.2764366894630779,2.3471942433508777,2.4903722471526124,3.5615585880307035,4.50799429215256,1.7310864204548275,4.123935907232266,9.637712499758036,,4.869698793538843,,21.26080163138081,,52.90380841557895
ocxktheta,4.575,0.265,3.65,0.11,3.35,0.05,170.0,170.0,350.0,2.3322873782771536,2.3897180649188514,2.2040335580524344,662.7666661446303,332.5265423685243,625.9676639005932,71.25775373163397,45.59437823211064,36.49728374575093,0.0013029670440872,0.003560207420331,0.00630564645373,17.679890514547107,19.746295674455364,28.66817233578547,,,,5.191569988733592,0.0529661400035477,0.0117964469099878,0.1489626535703367,1.1644144371105645,0.2827644149654729,2.534313802260245,2.599983899198104,2.3158591903151704,6.075783284447804,1.422415133764858,4.514672808785114,0.3630334248365755,,17.625332913982582,,22.34620479627461,,52.97494013418819
,4.5,0.22,3.65,0.11,3.65,0.11,100.0,100.0,350.0,2.349953245942572,2.410498164794008,2.230710299625468,680.0414307194504,309.42003019708494,626.5823461110817,65.76740819039921,51.10372301286584,34.50643078443201,0.0013249210167729,0.0025009496701871,0.0064301074376803,16.597571173506623,18.391549984435184,20.707103222571355,,,,4.473445286887323,0.0538585779175991,0.8576637989124365,0.1046422456145234,0.0318520011420718,0.2883456250080884,0.0060927528603576,2.440819290221562,4.793836862435403,5.658938456749287,1.32561478565642,3.260961137412812,7.369847619156044,,7.671683806927129,,26.58206216078295,,53.11209907476014
ocxktheta,4.575,0.265,3.65,0.11,3.45,0.098264456,160.0,160.0,350.0,2.3381815605493133,2.4092239575530585,2.2087825468164795,652.8644652475854,353.32792225347754,627.0836325108589,67.15394163692638,46.608258043906126,41.66606731804378,0.001350542182474,0.0029777701713188,0.004561092304001,18.244386288019665,23.60912091989115,22.3990988489053,,,,4.951969083361249,0.0549000887184562,0.8043496884124849,0.1245928941974396,0.9514552997094408,0.2045332871749372,3.990519816531563,2.682997983532303,8.71628377030078,7.264344898428047,1.246672045534026,3.52741714155989,5.41698360996285,,15.793571736393632,,11.348792940332382,,53.2205979905384
,4.65,0.31,3.5500000000000003,0.0849999999999999,3.5500000000000003,0.0849999999999999,100.0,100.0,350.0,2.40175177278402,2.4157737453183525,2.306991061173533,662.278350833943,312.2886000448244,548.7866431241891,69.10672220377506,50.18896229747492,39.96194004810904,0.0012975292302327,0.0279234975908294,0.0061099408955818,17.035287294643297,21.721391785557334,28.33296134200016,,,,2.367814114470736,0.0527450906598674,1.078399385705122,1.168347179532612,3.452513953970087,0.2739883809677944,2.6061248773613204,2.5051893080357788,3.911199986207888,6.683505164786872,13.576906594615885,4.461883675905536,2.6665884453872337,,9.324368026242247,,14.9745956423212,,53.95851102628172
,4.563692030065045,0.2509896359222457,3.211772653608852,0.1275500197389502,3.211772653608852,0.1275500197389502,100.0,100.0,350.0,2.501123383270911,2.5766785518102377,2.4310502996254684,610.7261618214022,321.1992156072433,543.2015882142266,68.11759001271258,52.40321287785899,46.80410548560373,0.0014970262737072,0.0023114590954903,0.0039769224483402,16.78739101292956,22.675188090331,30.38209908924524,,,,1.6716822467850103,0.060854726573465,7.810818067373958,0.0967137696857866,9.015708503384232,0.1783373295219833,10.187329143911438,2.468733972489641,1.169472120848223,6.976980950871076,14.456442800909194,4.784582533739408,4.059732376461151,,5.323915306487825,,0.4167968391410048,,54.11189740530204
NSGA2,4.539970468886857,0.3501367784929931,3.677671544888577,0.1302080532432991,3.677671544888577,0.1302080532432991,100.0,100.0,350.0,2.308668352059925,2.362817215980025,2.1974596629213483,721.7781255596414,326.2249079244598,663.8567422744327,67.07285452962697,57.15035106703375,34.91243197549406,0.0012090414719516,0.0022012993582301,0.0057134330538858,16.609838988886096,15.194892436418318,24.736042894828195,,,,6.151693005694098,0.0491480273151057,1.1373549799152711,0.0921045756581643,1.4592079407467118,0.2562077602639415,6.143841994064905,2.442623380718544,0.3768947459876262,4.675351518897944,4.544368862115384,3.895439825957197,5.531190803342302,,3.252666787775522,,25.71822983937434,,54.31544895901616
NSGA2,4.69065883083244,0.3451625400948365,3.488648148503131,0.0869375755776598,3.488648148503131,0.0869375755776598,100.0,100.0,350.0,2.413556079900125,2.459666604244694,2.3223311360799,662.8643159178483,322.4293536849015,599.315898413927,67.13917297736432,51.81220569345744,35.319746732946115,0.0013104259283179,0.006741066807593,0.0050254522764333,17.050264531376957,21.14210313453176,37.14761324246173,,,,1.8879642317022527,0.0532693466795919,2.9149206796943123,0.2820530045017991,4.140409689681612,0.2253566043243652,2.5199535414928924,2.5073918428495525,0.7909680969533803,6.50526250293285,5.619543556861888,5.85001783345854,5.437784538923486,,6.391678963943195,,24.85160269585933,,54.55482599511235
NSGA2,4.542466216564962,0.3539874802888635,3.645992250356796,0.1314304544639831,3.645992250356796,0.1314304544639831,100.0,100.0,350.0,2.320638352059925,2.37578481897628,2.191005218476904,724.0594520720791,319.1910414804911,642.8526050630237,66.98040235266548,54.72522030126213,32.76426018175265,0.0012086446048772,0.002267824783452,0.0060167255823627,17.594582754089778,15.19039799464509,25.048093016366085,,,,5.665107639840447,0.0491318945072052,0.5947774486912363,0.0948880662532249,1.748644911349606,0.2698083220790461,6.479331187070461,2.5874386403073206,1.7873718521565864,4.673968613736951,1.2366307185864098,3.9445815773804855,5.661405137090875,,1.128779943519196,,30.288808123930536,,54.59085696223535
